Cite Key,Title,Authors,Year,Publication Date,Journal,Volume,Pages,Abstract,Citation Count,Citations/Year,DOI,URL,Relevance Score
Bal18,The modularity of action and perception revisited using control theory and active inference,Manuel Baltieri and C. Buckley,2018,2018-06-07,IEEE Symposium on Artificial Life,,121-128,"The assumption that action and perception can be investigated independently is entrenched in theories, models and experimental approaches across the brain and mind sciences. In cognitive science, this has been a central point of contention between computationalist and 4Es (enactive, embodied, extended and embedded) theories of cognition, with the former embracing the ""classical sandwich"", modular, architecture of the mind and the latter actively denying this separation can be made. In this work we suggest that the modular independence of action and perception strongly resonates with the separation principle of control theory and furthermore that this principle provides formal criteria within which to evaluate the implications of the modularity of action and perception. We will also see that real-time feedback with the environment, often considered necessary for the definition of 4Es ideas, is not however a sufficient condition to avoid the ""classical sandwich"". Finally, we argue that an emerging framework in the cognitive and brain sciences, active inference, extends ideas derived from control theory to the study of biological systems while disposing of the separation principle, describing non-modular models of behaviour strongly aligned with 4Es theories of cognition.",19,2.4,10.1162/isal_a_00031,https://doi.org/10.1162/isal_a_00031,2.6000
Won68,On the Separation Theorem of Stochastic Control,W. Wonham,1968,1968-05-01,Siam Journal on Control,6,312-326,Optimal control and filtering problem for stochastic linear dynamic system reduced to independent equations,536,9.2,10.1137/0306023,https://doi.org/10.1137/0306023,2.2500
Wit71,Separation of estimation and control for discrete time systems,H. Witsenhausen,1971,1971-11-01,,59,1557-1566,"An attempt is made to coordinate the numerous results relating to separation of estimation and control in discrete time stochastic control theory. The results vary widely depending upon the assumptions about linearity, criteria, information pattern, constraints, and noise distributions. Some of the less well-known underlying concepts are discussed with the help of a fairly general model.",556,10,10.1109/PROC.1971.8488,https://doi.org/10.1109/PROC.1971.8488,1.9500
Bal20,"On Kalman-Bucy filters, linear quadratic control and active inference",Manuel Baltieri and C. Buckley,2020,2020-05-13,arXiv: Neurons and Cognition,,,"Linear Quadratic Gaussian (LQG) control is a framework first introduced in control theory that provides an optimal solution to linear problems of regulation in the presence of uncertainty. This framework combines Kalman-Bucy filters for the estimation of hidden states with Linear Quadratic Regulators for the control of their dynamics. Nowadays, LQG is also a common paradigm in neuroscience, where it is used to characterise different approaches to sensorimotor control based on state estimators, forward and inverse models. According to this paradigm, perception can be seen as a process of Bayesian inference and action as a process of optimal control. Recently, active inference has been introduced as a process theory derived from a variational approximation of Bayesian inference problems that describes, among others, perception and action in terms of (variational and expected) free energy minimisation. Active inference relies on a mathematical formalism similar to LQG, but offers a rather different perspective on problems of sensorimotor control in biological systems based on a process of biased perception. In this note we compare the mathematical treatments of these two frameworks for linear systems, focusing on their respective assumptions and highlighting their commonalities and technical differences.",11,1.8,,https://www.semanticscholar.org/paper/c378ef9646a7c705d41ee9f77420b5259b797403,1.8500
Sma73,The Optimal Control of Partially Observable Markov Processes over a Finite Horizon,R. Smallwood and E. Sondik,1973,1973-10-01,Oper. Res.,21,1071-1088,"This paper formulates the optimal control problem for a class of mathematical models in which the system to be controlled is characterized by a finite-state discrete-time Markov process. The states of this internal process are not directly observable by the controller; rather, he has available a set of observable outputs that are only probabilistically related to the internal state of the system. The formulation is illustrated by a simple machine-maintenance example, and other specific application areas are also discussed. The paper demonstrates that, if there are only a finite number of control intervals remaining, then the optimal payoff function is a piecewise-linear, convex function of the current state probabilities of the internal Markov process. In addition, an algorithm for utilizing this property to calculate the optimal control policy and payoff function for any finite horizon is outlined. These results are illustrated by a numerical example for the machine-maintenance problem.",1737,33,10.1287/opre.21.5.1071,https://doi.org/10.1287/opre.21.5.1071,1.7000
Cur69,Separation theorem for nonlinear measurements,R. Curry,1969,1969-10-01,IEEE Transactions on Automatic Control,14,1-4,"General solutions to the optimal stochastic control problem, or the combined estimation and control problem, are extremely difficult to compute since dynamic programming is required. However, if the system is linear, if the measurements are linear, and if the cost is quadratic, then the optimal stochastic controller is separated into 1) a filter to generate the conditional mean of the state, and 2) the optimum (linear) controller that results when all uncertainties are neglected. By altering the system configuration a new separation theorem is derived for arbitrary nonlinear measurements, discrete-time linear systems, and a quadratic cost. If a feedback loop is placed around the nonlinear measurement device (e.g., an analog-to-digital converter), then the stochastic control can be found without dynamic programming and is computed by cascading a nonlinear filter and the optimum (linear) controller. The primary advantage is the significant saving in computation. The performance of this new system configuration relative to the system without feedback depends on the nonlinearity, and it is not necessarily superior. A numerical example is presented.",29,0.5,10.1109/JACC.1969.4169190,https://doi.org/10.1109/JACC.1969.4169190,1.6000
Tan15,LQG Control with Minimal Information: Three-Stage Separation Principle and SDP-based Solution Synthesis,"Takashi Tanaka, Peyman Mohajerin Esfahani, and S. Mitter",2015,2015-10-14,ArXiv,abs/1510.04214,,"In the interest of evaluating an information-theoretic requirement for feedback control, this paper proposes a framework to synthesize a control policy that minimizes Massey’s directed information from the state sequence to the control sequence while attaining required Linear-Quadratic-Gaussian (LQG) control performance. Interpretation and significance of this framework is discussed in the context of networked control theory. As the main result, we show that an optimal control policy can be realized by an attractively simple three-stage decision architecture comprising (1) a linear sensor with additive Gaussian noise, (2) a Kalman filter, and (3) a certainty equivalence controller. This result suggests an integration of two separation principles previously known in the literature: the filter-controller separation principle in the LQG control theory, and the sensorfilter separation principle in zero-delay rate-distortion theory for Gauss-Markov sources. It is also shown that an optimal policy can be synthesized by semidefinite programming (SDP). Both time-varying finite-horizon problems and time-invariant infinitehorizon problems are considered. Our results can be viewed as a generalization of the data-rate theorem for mean-square stability by Nair & Evans, extended for a control performance analysis.",12,1.1,,https://www.semanticscholar.org/paper/daeb13fee5360fff8440d2a3bfc080611c1220dc,1.5500
Tan15b,LQG Control With Minimum Directed Information: Semidefinite Programming Approach,"Takashi Tanaka, Peyman Mohajerin Esfahani, and S. Mitter",2015,2015-10-14,IEEE Transactions on Automatic Control,63,37-52,"We consider a discrete-time linear–quadratic–Gaussian (LQG) control problem, in which Massey's directed information from the observed output of the plant to the control input is minimized, while required control performance is attainable. This problem arises in several different contexts, including joint encoder and controller design for data-rate minimization in networked control systems. We show that the optimal control law is a linear–Gaussian randomized policy. We also identify the state-space realization of the optimal policy, which can be synthesized by an efficient algorithm based on semidefinite programming. Our structural result indicates that the filter–controller separation principle from the LQG control theory and the sensor–filter separation principle from the zero-delay rate-distortion theory for Gauss–Markov sources hold simultaneously in the considered problem. A connection to the data-rate theorem for mean-square stability by Nair and Evans is also established.",113,11,10.1109/TAC.2017.2709618,https://doi.org/10.1109/TAC.2017.2709618,1.5000
Bar74,"Dual effect, certainty equivalence, and separation in stochastic control",Y. Bar-Shalom and E. Tse,1974,1974-10-01,IEEE Transactions on Automatic Control,19,494-500,"In this paper the various policies in fixed end-time stochastic control are discussed first. The emphasis is on the difference between the feedback and closed-loop policies. It is shown how the closed-loop policy has the important property that it can be actively adaptive, while the feedback policy can only be passively adaptive. The feature of being actively adaptive is possible when the control has a dual effect, i.e., in addition to its effect on the state it affects the state uncertainty. The intimate connection between the neutrality (lack of dual effect) and certainty equivalence properties for a class of problems is proved. This new result is then used to widen the class of problems for which it was previously known that the certainty equivalence property holds.",396,7.7,10.1109/TAC.1974.1100635,https://doi.org/10.1109/TAC.1974.1100635,1.4500
Cao14,Partial-Information State-Based Optimization of Partially Observable Markov Decision Processes and the Separation Principle,"Xi-Ren Cao, De-Xin Wang, and L. Qiu",2014,2014-01-27,IEEE Transactions on Automatic Control,59,921-936,,17,1.4,10.1109/TAC.2013.2293397,https://doi.org/10.1109/TAC.2013.2293397,1.4200
Fri12,Active inference and agency: optimal control without cost functions,"Karl J. Friston, Spyridon Samothrakis, and P. Montague",2012,2012-10-01,Biological Cybernetics,106,523-541,"This paper describes a variational free-energy formulation of (partially observable) Markov decision problems in decision making under uncertainty. We show that optimal control can be cast as active inference. In active inference, both action and posterior beliefs about hidden states minimise a free energy bound on the negative log-likelihood of observed states, under a generative model. In this setting, reward or cost functions are absorbed into prior beliefs about state transitions and terminal states. Effectively, this converts optimal control into a pure inference problem, enabling the application of standard Bayesian filtering techniques. We then consider optimal trajectories that rest on posterior beliefs about hidden states in the future. Crucially, this entails modelling control as a hidden state that endows the generative model with a representation of agency. This leads to a distinction between models with and without inference on hidden control states; namely, agency-free and agency-based models, respectively.",223,16,10.1007/s00422-012-0512-8,https://doi.org/10.1007/s00422-012-0512-8,1.3800
Geo98,The Belief-Desire-Intention Model of Agency,"M. Georgeff, B. Pell, M. Pollack, Milind Tambe, and M. Wooldridge",1998,1998-07-04,ATAL,,1-10,,705,25,10.1007/3-540-49057-4_1,https://doi.org/10.1007/3-540-49057-4_1,1.3500
Geo11,"The Separation Principle in Stochastic Control, Redux",T. Georgiou and A. Lindquist,2011,2011-03-15,IEEE Transactions on Automatic Control,58,2481-2494,"Over the last 50 years, a steady stream of accounts have been written on the separation principle of stochastic control. Even in the context of the linear-quadratic regulator in continuous time with Gaussian white noise, subtle difficulties arise, unexpected by many, that are often overlooked. In this paper we propose a new framework for establishing the separation principle. This approach takes the viewpoint that stochastic systems are well-defined maps between sample paths rather than stochastic processes per se and allows us to extend the separation principle to systems driven by martingales with possible jumps. While the approach is more in line with “real-life” engineering thinking where signals travel around the feedback loop, it is unconventional from a probabilistic point of view in that control laws for which the feedback equations are satisfied almost surely, and not deterministically for every sample path, are excluded.",64,4.2,10.1109/TAC.2013.2259207,https://doi.org/10.1109/TAC.2013.2259207,1.3300
Nil01,Teleo-Reactive Programs and the Triple-Tower Architecture,N. Nilsson,2001,,Electron. Trans. Artif. Intell.,5,99-110,"I describe an architecture for linking perception and action in a robot. It consists of three “towers” of layered components. The “perception tower” contains rules that create increasingly abstract descriptions of the current environmental situation starting with the primitive predicates produced by the robot’s sensory apparatus. These descriptions are deposited in a “model tower” which is continuously kept faithful to the current environmental situation by a “truthmaintenance” system. The predicates in the model tower, in turn, evoke appropriate action-producing programs in the “action tower.” It is proposed that the actions be written as “teleo-reactive” programs---ones that react dynamically to changing situations in ways that lead inexorably toward their goals. Programs in the action tower are organized more-or-less hierarchically---bottoming out in programs that cause the robot to take primitive actions in its environment. The effects of the actions are sensed by the robot’s sensory mechanism, completing a sense-model-act cycle that is quiescent only at those times when the robot’s goal is perceived to be satisfied. I illustrate the operation of the architecture using a simple block-stacking task. I. Agent Architectures Can anything in general be said about intelligent agent architectures? Just as there are millions of species of animals, occupying millions of different niches, I expect that there will be many species of artificial agents---each a specialist for one of a countless number of tasks. The exact forms of their architectures will depend on their tasks and their environments. For example, some will work in time-stressed situations in which reactions to unpredictable and changing environmental states must be fast and unequivocal. Others will have the time and the knowledge to predict the effects of future courses of action so that more rational choices can be made. Even though there will probably never be a single, all-purpose agent architecture, there is one that I think might play a prominent role in many future systems. It can be viewed as an elaboration of 1 Parts of this section are adapted from Chapter 25 of my book, Artificial Intelligence: A New Synthesis, San Francisco: Morgan Kaufmann, 1998. 2 the first two levels of the popular three-level architectures that have been prominent in robotics research. A. Three-Level Architectures One of the first integrated intelligent agent systems was a collection of computer programs and hardware known as “Shakey the Robot” (Nilsson, 1984). Shakey's design was an early example of what has come to be called a three-level architecture. The levels correspond to different paths from sensory signals to motor commands. At the lowest level of such architectures are actions that use a short and fast path from sensory signals to effectors. Important “reflexes” are handled by this pathway---such as “stop” when touch sensors detect a close object ahead. Servo control of motors for achieving set-point targets for shaft angles and so on are also handled by these low-level mechanisms. The intermediate level combines the low level actions into more complex behaviors---ones whose realization depends on the situation (as sensed and modeled) at the time of execution. This level uses more abstract (or more “coarse”) perceptual predicates and more complex actions than do the lower ones. Whereas reflex actions are typically evoked by primitive sensory signals, the coordination of intermediate-level actions requires more elaborate perceptual processing. The third level usually involves systems that can generate plans consisting of a sequence of intermediate level programs. The three-level architecture has been used in a variety of robot systems. As a typical example, see (Connell, 1992). B. The Triple-Tower Architecture A generalization of the three-level architecture has been proposed by Albus and colleagues (Albus, 1991; Albus, McCain, & Lumia, 1989). They envision hierarchies or “towers” of perceptual, modeling, and action processing. We propose here a particular instantiation of their triple-tower architecture. The novel features of our proposal are: 1. The use of teleo-reactive programs in the action tower 2. The use of perceptual rules in the perception tower. These rules create increasingly abstract predicates from simpler ones 3. The use of a truth-maintenance system (TMS) to keep the predicates in the model tower continuously faithful to changes in the sensed environment My version of this triple-tower architecture is illustrated in Figure 1. The operation of such a system would proceed as follows: Aspects of the environment that are relevant to the agent’s roles are sensed and converted to primitive predicates and values. These are stored at the lowest level of the model tower. Their presence there may immediately evoke primitive actions at the bottom of the action tower. These actions, in turn, affect the environment, and some of these effects may be sensed---creating a loop in which the environment itself might play an important computational role. 3 The perception tower consists of rules that convert predicates stored in the model tower into more abstract predicates which are then deposited at higher levels in the model tower. These processes can continue until even the highest levels of the model tower are populated. Fig. 1. A Triple-Tower Architecture The action tower consists of a loose hierarchy of action routines that are triggered by the contents of the model tower. The lowest level action routines are simple reflexes---evoked by predicates corresponding to primitive percepts. More complex actions are evoked by more abstract predicates appropriate for those actions. High-level actions “call” other actions until the process bottoms out at the primitive actions that actually affect the environment. We also allow for the possibility that the actions themselves might affect the model tower directly (in addition to the loop through the environment) by writing additional and/or altered content. With the ability both to read from and write in memory, the triple-tower structure is a perfectly general computational architecture. Sensors Model Tower (Predicates + TMS) Perception Tower (Rules) Action Tower (Action Routines)",95,3.8,,https://www.semanticscholar.org/paper/77acafa1404f2fcaf02723f6366211e34d1fc8e6,1.2800
Gat97,On Three-Layer Architectures,E. Gat,1997,,,,,"In the mid-1980's Rodney Brooks touched off a firestorm of interest in autonomous robots with the introduction of the Subsumption architecture1 [Brooks86]. At the time, the dominant view in the AI community was that a control system for an autonomous mobile robot should be decomposed into three functional elements: a sensing system, a planning system, and an execution system [Nilsson80]. The job of the sensing system is to translate raw sensor input (usually sonar or vision data) into a world model. The job of the planner is to take the world model and a goal and generate a plan to achieve the goal. The job of the execution system is to take the plan and generate the actions it prescribes.",853,29,,https://www.semanticscholar.org/paper/9b28b296a0225049d241cfe0ff1b39d7a14f68da,1.2400
Sub20,Approximate information state for approximate planning and reinforcement learning in partially observed systems,"Jayakumar Subramanian, Amit Sinha, Raihan Seraj, and A. Mahajan",2020,2020-10-17,ArXiv,abs/2010.08843,,"We propose a theoretical framework for approximate planning and learning in partially observed systems. Our framework is based on the fundamental notion of information state. We provide two equivalent definitions of information state---i) a function of history which is sufficient to compute the expected reward and predict its next value; ii) equivalently, a function of the history which can be recursively updated and is sufficient to compute the expected reward and predict the next observation. An information state always leads to a dynamic programming decomposition. Our key result is to show that if a function of the history (called approximate information state (AIS)) approximately satisfies the properties of the information state, then there is a corresponding approximate dynamic program. We show that the policy computed using this is approximately optimal with bounded loss of optimality. We show that several approximations in state, observation and action spaces in literature can be viewed as instances of AIS. In some of these cases, we obtain tighter bounds. A salient feature of AIS is that it can be learnt from data. We present AIS based multi-time scale policy gradient algorithms. and detailed numerical experiments with low, moderate and high dimensional environments.",112,20,,https://www.semanticscholar.org/paper/abde7540643e5093cba41a2e4554116bb9241980,1.2200
Tse71,On the optimal control of stochastic linear systems,E. Tse,1971,1971-12-01,IEEE Transactions on Automatic Control,16,776-785,The problem of controlling stochastic linear systems with quadratic criteria is considered. It is proved that the optimal control law can be realized by the cascade of a Kalman filter and a linear feedback. The importance of different assumptions required in this proof is discussed in detail. This discussion provides some motivation for different extension results.,47,0.9,10.1109/TAC.1971.1099840,https://doi.org/10.1109/TAC.1971.1099840,1.2000
Hou23,Intrinsic separation principles,B. Houska,2023,2023-07-09,Autom.,183,112661,"This paper is about output-feedback control problems for general linear systems in the presence of given state-, control-, disturbance-, and measurement error constraints. Because the traditional separation theorem in stochastic control is inapplicable to such constrained systems, a novel information-theoretic framework is proposed. It leads to an intrinsic separation principle that can be used to break the dual control problem for constrained linear systems into a meta-learning problem that minimizes an intrinsic information measure and a robust control problem that minimizes an extrinsic risk measure. The theoretical results in this paper can be applied in combination with modern polytopic computing methods in order to approximate a large class of dual control problems by finite-dimensional convex optimization problems.",0,,10.1016/j.automatica.2025.112661,https://doi.org/10.1016/j.automatica.2025.112661,1.1900
Bru21c,The Emperor's New Markov Blankets,"J. Bruineberg, K. Dołęga, Joe E. Dewhurst, and Manuel Baltieri",2021,2021-10-22,Behavioral and Brain Sciences,45,,"Abstract The free energy principle, an influential framework in computational neuroscience and theoretical neurobiology, starts from the assumption that living systems ensure adaptive exchanges with their environment by minimizing the objective function of variational free energy. Following this premise, it claims to deliver a promising integration of the life sciences. In recent work, Markov blankets, one of the central constructs of the free energy principle, have been applied to resolve debates central to philosophy (such as demarcating the boundaries of the mind). The aim of this paper is twofold. First, we trace the development of Markov blankets starting from their standard application in Bayesian networks, via variational inference, to their use in the literature on active inference. We then identify a persistent confusion in the literature between the formal use of Markov blankets as an epistemic tool for Bayesian inference, and their novel metaphysical use in the free energy framework to demarcate the physical boundary between an agent and its environment. Consequently, we propose to distinguish between “Pearl blankets” to refer to the original epistemic use of Markov blankets and “Friston blankets” to refer to the new metaphysical construct. Second, we use this distinction to critically assess claims resting on the application of Markov blankets to philosophical problems. We suggest that this literature would do well in differentiating between two different research programmes: “inference with a model” and “inference within a model.” Only the latter is capable of doing metaphysical work with Markov blankets, but requires additional philosophical premises and cannot be justified by an appeal to the success of the mathematical framework alone.",100,22,10.1017/S0140525X21002351,https://doi.org/10.1017/S0140525X21002351,1.1800
Fox16c,Minimum-information LQG control part I: Memoryless controllers,Roy Fox and Naftali Tishby,2016,2016-06-06,2016 IEEE 55th Conference on Decision and Control (CDC),,5610-5616,"With the increased demand for power efficiency in feedback-control systems, communication is becoming a limiting factor, raising the need to trade off the external cost that they incur with the capacity of the controller's communication channels. With a proper design of the channels, this translates into a sequential rate-distortion problem, where we minimize the rate of information required for the controller's operation under a constraint on its external cost. Memoryless controllers are of particular interest both for the simplicity and frugality of their implementation and as a basis for studying more complex controllers. In this paper we present the optimality principle for memoryless linear controllers that utilize minimal information rates to achieve a guaranteed external-cost level. We also study the interesting and useful phenomenology of the optimal controller, such as the principled reduction of its order.",18,1.8,10.1109/CDC.2016.7799131,https://doi.org/10.1109/CDC.2016.7799131,1.1800
Fox16,Minimum-information LQG control Part II: Retentive controllers,Roy Fox and Naftali Tishby,2016,2016-06-06,2016 IEEE 55th Conference on Decision and Control (CDC),,5603-5609,"Retentive (memory-utilizing) sensing-acting agents may operate under limitations on the communication between their sensing, memory and acting components, requiring them to trade off the external cost that they incur with the capacity of their communication channels. In this paper we formulate this problem as a sequential rate-distortion problem of minimizing the rate of information required for the controller's operation under a constraint on its external cost. We reduce this bounded retentive control problem to the memoryless one, studied in Part I of this work [1], by viewing the memory reader as one more sensor and the memory writer as one more actuator. We further investigate the structure of the resulting optimal solution and demonstrate its interesting phenomenology.",13,1.3,10.1109/CDC.2016.7799130,https://doi.org/10.1109/CDC.2016.7799130,1.1500
Geo87,Reactive Reasoning and Planning,M. Georgeff and A. Lansky,1987,1987-07-13,AAAI Conference on Artificial Intelligence,,677-682,"In this paper, the reasoning and planning capabilities of an autonomous mobile robot are described. The reasoning system that controls the robot is designed to exhibit the kind of behavior expected of a rational agent, and is endowed with the psychological attitudes of belief, desire, and intention. Because these attitudes are explicitly represented, they can be manipulated and reasoned about, resulting in complex goal-directed and reflective behaviors. Unlike most planning systems, the plans or intentions formed by the robot need only be partly elaborated before it decides to act. This allows the robot to avoid overly strong expectations about the environment, overly constrained plans of action, and other forms of overcommitment common to previous planners. In addition, the robot is continuously reactive and has the ability to change its goals and intentions as situations warrant. The system has been tested with SRI's autonomous robot (Flakey) in a space station scenario involving navigation and the performance of emergency tasks.",1172,30,,https://www.semanticscholar.org/paper/ceeae1a4e84591d26babdfe8969fad746853e40c,1.1300
Tse73,Wide-sense adaptive dual control for nonlinear stochastic systems,"E. Tse, Y. Bar-Shalom, and L. Meier",1973,1973-04-01,IEEE Transactions on Automatic Control,18,98-108,"A new approach is presented for the problem of stochastic control of nonlinear systems. It is well known that, except for the linear-quadratic problem, the optimal stochastic controller cannot be obtained in practice. In general it is the curse of dimensionality that makes the strict application of the principle of optimality infeasible. The two subproblems of stochastic control, estimation and control proper, are, except for the linear-quadratic case, intercoupled. As pointed out by Feldbaum, in addition to its effects on the state of the system, the control also affects the estimation performance. In this paper, the control problem is formulated such that this dual property of the control appears explicitly. The resulting control sequence exhibits the closed-loop property, i.e., it takes into account the past observations and also the future observation program. Thus, in addition to being adaptive, this control also plans its future learning according to the control objective. Some preliminary simulation results illustrate these properties of the control.",170,3.2,10.1109/TAC.1973.1100238,https://doi.org/10.1109/TAC.1973.1100238,1.1200
Bal19,Nonmodular Architectures of Cognitive Systems based on Active Inference,Manuel Baltieri and C. Buckley,2019,2019-03-22,2019 International Joint Conference on Neural Networks (IJCNN),,1-8,"In psychology and neuroscience it is common to describe cognitive systems as input/output devices where perceptual and motor functions are implemented in a purely feedforward, open-loop fashion. On this view, perception and action are often seen as encapsulated modules with limited interaction between them. While embodied and enactive approaches to cognitive science have challenged the idealisation of the brain as an input/output device, we argue that even the more recent attempts to model systems using closed-loop architectures still heavily rely on a strong separation between motor and perceptual functions. Previously, we have suggested that the mainstream notion of modularity strongly resonates with the separation principle of control theory. In this work we present a minimal model of a sensorimotor loop implementing an architecture based on the separation principle. We link this to popular formulations of perception and action in the cognitive sciences, and show its limitations when, for instance, external forces are not modelled by an agent. These forces can be seen as variables that an agent cannot directly control, i.e., a perturbation from the environment or an interference caused by other agents. As an alternative approach inspired by embodied cognitive science, we then propose a nonmodular architecture based on active inference. We demonstrate the robustness of this architecture to unknown external inputs and show that the mechanism with which this is achieved in linear models is equivalent to integral control.",11,1.5,10.1109/IJCNN.2019.8852048,https://doi.org/10.1109/IJCNN.2019.8852048,1.1100
Alb91,Outline for a theory of intelligence,J. Albus,1991,1991-05-01,IEEE Trans. Syst. Man Cybern.,21,473-509,"Intelligence is defined as that which produces successful behavior. Intelligence is assumed to result from natural selection. A model is proposed that integrates knowledge from research in both natural and artificial systems. The model consists of a hierarchical system architecture wherein: (1) control bandwidth decreases about an order of magnitude at each higher level, (2) perceptual resolution of spatial and temporal patterns contracts about an order-of-magnitude at each higher level, (3) goals expand in scope and planning horizons expand in space and time about an order-of-magnitude at each higher level, and (4) models of the world and memories of events expand their range in space and time by about an order-of-magnitude at each higher level. At each level, functional modules perform behavior generation (task decomposition planning and execution), world modeling, sensory processing, and value judgment. Sensory feedback control loops are closed at every level. >",801,23,10.1109/21.97471,https://doi.org/10.1109/21.97471,1.1000
Mil20b,On the Relationship Between Active Inference and Control as Inference,"Beren Millidge, Alexander Tschantz, A. Seth, and C. Buckley",2020,2020-06-23,International Workshop on Affective Interactions,,3-11,"Active Inference (AIF) is an emerging framework in the brain sciences which suggests that biological agents act to minimise a variational bound on model evidence. Control-as-Inference (CAI) is a framework within reinforcement learning which casts decision making as a variational inference problem. While these frameworks both consider action selection through the lens of variational inference, their relationship remains unclear. Here, we provide a formal comparison between them and demonstrate that the primary difference arises from how value is incorporated into their respective generative models. In the context of this comparison, we highlight several ways in which these frameworks can inform one another.",73,12,10.1007/978-3-030-64919-7_1,https://doi.org/10.1007/978-3-030-64919-7_1,1.0900
Mal21,Separation of learning and control for cyber-physical systems,Andreas A. Malikopoulos,2021,2021-07-13,Autom.,151,110912,"Most cyber-physical systems (CPS) encounter a large volume of data which is added to the system gradually in real time and not altogether in advance. In this paper, we provide a theoretical framework that yields optimal control strategies for such CPS at the intersection of control theory and learning. In the proposed framework, we use the actual CPS, i.e., the""true""system that we seek to optimally control online, in parallel with a model of the CPS that is available. We then institute an information state for the system which does not depend on the control strategy. An important consequence of this independence is that for any given choice of a control strategy and a realization of the system's variables until time t, the information states at future times do not depend on the choice of the control strategy at time t but only on the realization of the decision at time t, and thus they are related to the concept of separation between estimation of the state and control. Namely, the future information states are separated from the choice of the current control strategy. Such control strategies are called separated control strategies. Hence, we can derive offline the optimal control strategy of the system with respect to the information state, which might not be precisely known due to model uncertainties or complexity of the system, and then use standard learning approaches to learn the information state online while data are added gradually to the system in real time. We show that after the information state becomes known, the separated control strategy of the CPS model derived offline is optimal for the actual system. We illustrate the proposed framework in a dynamic system consisting of two subsystems with a delayed sharing information structure.",34,7.0,10.1016/j.automatica.2023.110912,https://doi.org/10.1016/j.automatica.2023.110912,1.0700
Bru20d,The Emperor’s New Markov Blankets,J. Bruineberg,2020,,,,,"Markov blankets have been used to settle disputes central to philosophy of mind and cognition. Their development from a technical concept in Bayesian inference to a central concept within the free-energy principle is analysed. We propose to distinguish between instrumental Pearl blankets and realist Friston blankets. Pearl blankets are substantiated by the empirical literature but can do limited philosophical work. Friston blankets can do philosophical work, but require strong theoretical assumptions. Both are conflated in the current literature on the free-energy principle. Consequently, we propose that distinguishing between an instrumental and a realist research program will help clarify the literature.",2,0.3,,https://www.semanticscholar.org/paper/774c759095801227de71454d7ce6e24669a4f28e,1.0700
Spe74,Optimization of stochastic linear systems with additive measurement and process noise using exponential performance criteria,"J. Speyer, J. Deyst, and D. Jacobson",1974,1974-08-01,IEEE Transactions on Automatic Control,19,358-366,"The expected value of a multiplicative performance criterion, represented by the exponential of a quadratic function of the state and control variables, is minimized subject to a discrete stochastic linear system with additive Gaussian measurement and process noise. This cost function, which is a generalization of the mean quadratic cost criterion, allows a degree of shaping of the probability density function of the quadratic cost criterion. In general, the control law depends upon a gain matrix which operates linearly on the smoothed history of the state vector from the initial to the current time. This gain matrix explicitly includes the covariance of the estimation errors of the entire state history. The separation theorem holds although the certainty equivalence principle does not. Two special cases are of importance. The first occurs when only the terminal state is costed. A feedback control law, linear in the current estimate of the state, results where the feedback gains are functionally dependent upon the error covariance of the current state estimate. The second occurs if all the intermediate states are costed but there is no process noise except for an initial condition uncertainty. A feedback law results which depends not only upon the current dynamical state estimate but also on an additional vector which is path dependent.",156,3.0,10.1109/TAC.1974.1100606,https://doi.org/10.1109/TAC.1974.1100606,1.0600
Ros20,Causal blankets: Theory and algorithmic framework,"F. Rosas, P. Mediano, Martin Biehl, S. Chandaria, and D. Polani",2020,2020-08-28,International Workshop on Affective Interactions,,187-198,"We introduce a novel framework to identify perception-action loops (PALOs) directly from data based on the principles of computational mechanics. Our approach is based on the notion of causal blanket, which captures sensory and active variables as dynamical sufficient statistics -- i.e. as the ""differences that make a difference."" Moreover, our theory provides a broadly applicable procedure to construct PALOs that requires neither a steady-state nor Markovian dynamics. Using our theory, we show that every bipartite stochastic process has a causal blanket, but the extent to which this leads to an effective PALO formulation varies depending on the integrated information of the bipartition.",8,1.4,10.1007/978-3-030-64919-7_19,https://doi.org/10.1007/978-3-030-64919-7_19,1.0300
Au04,Utilizing Volatile External Information During Planning,"T. Au, Dana S. Nau, and V. Subrahmanian",2004,2004-08-22,European Conference on Artificial Intelligence,,647-651,"There are many practical planning situations in which planners may need information from external sources during the planning process. We describe the following: 
 
• Wrappers that may be placed around conventional (isolated) planners. The wrapper replaces some of the planner's memory accesses with queries to external information sources. When appropriate, the wrapper will automatically backtrack the planner to a previous point in its operation. 
 
• Query-management strategies for wrappers. These dictate when to issue queries, and when/how to backtrack the planner. 
 
• Mathematical analysis and experimental tests. Our results show conditions under which different query management strategies are preferable, and demonstrate that certain kinds of planning paradigms are more suited than others for planning with volatile information.",11,0.5,,https://www.semanticscholar.org/paper/1b8148c90c2e15587a09741afa50c0f1106638b2,1.0200
Ath71,The role and use of the stochastic linear-quadratic-Gaussian problem in control system design,M. Athans,1971,1971-12-01,Advances in Computers,,,"The role of the linear-quadratic stochastic control problem in engineering design is reviewed in tutorial fashion. The design approach is motivated by considering the control of a non-linear uncertain plant about a desired input-output response. It is demonstrated how a design philosophy based on 1) deterministic perturbation control, 2) stochastic state estimation, and 3) linearized stochastic control leads to an overall closed-loop control system. The emphasis of the paper is on the philosophy of the design process, the modeling issue, and the formulation of the problem; the results are given for the sake of completeness, but no proofs are included. The systematic off-line nature of the design process is stressed throughout.",679,12,10.1109/TAC.1971.1099818,https://doi.org/10.1109/TAC.1971.1099818,1.0100
Saj21b,Active Inference: Demystified and Compared,"Noor Sajid, Philip J. Ball, and Karl J. Friston",2021,2021-01-05,Neural Computation,33,674-712,"Active inference is a first principle account of how autonomous agents operate in dynamic, nonstationary environments. This problem is also considered in reinforcement learning, but limited work exists on comparing the two approaches on the same discrete-state environments. In this letter, we provide (1) an accessible overview of the discrete-state formulation of active inference, highlighting natural behaviors in active inference that are generally engineered in reinforcement learning, and (2) an explicit discrete-state comparison between active inference and reinforcement learning on an OpenAI gym baseline. We begin by providing a condensed overview of the active inference literature, in particular viewing the various natural behaviors of active inference agents through the lens of reinforcement learning. We show that by operating in a pure belief-based setting, active inference agents can carry out epistemic exploration—and account for uncertainty about their environment—in a Bayes-optimal fashion. Furthermore, we show that the reliance on an explicit reward signal in reinforcement learning is removed in active inference, where reward can simply be treated as another observation we have a preference over; even in the total absence of rewards, agent behaviors are learned through preference learning. We make these properties explicit by showing two scenarios in which active inference agents can infer behaviors in reward-free environments compared to both Q-learning and Bayesian model-based reinforcement learning agents and by placing zero prior preferences over rewards and learning the prior preferences over the observations corresponding to reward. We conclude by noting that this formalism can be applied to more complex settings (e.g., robotic arm movement, Atari games) if appropriate generative models can be formulated. In short, we aim to demystify the behavior of active inference agents by presenting an accessible discrete state-space and time formulation and demonstrate these behaviors in a OpenAI gym environment, alongside reinforcement learning agents.",173,32,10.1162/neco_a_01357,https://doi.org/10.1162/neco_a_01357,0.9900
Jam94,Risk-sensitive control and dynamic games for partially observed discrete-time nonlinear systems,"M. James, J. Baras, and R. Elliott",1994,1994-04-01,IEEE Trans. Autom. Control.,39,780-792,"Solves a finite-horizon partially observed risk-sensitive stochastic optimal control problem for discrete-time nonlinear systems and obtains small noise and small risk limits. The small noise limit is interpreted as a deterministic partially observed dynamic game, and new insights into the optimal solution of such game problems are obtained. Both the risk-sensitive stochastic control problem and the deterministic dynamic game problem are solved using information states, dynamic programming, and associated separated policies. A certainty equivalence principle is also discussed. The authors' results have implications for the nonlinear robust stabilization problem. The small risk limit is a standard partially observed risk-neutral stochastic optimal control problem. >",169,5.3,10.1109/9.286253,https://doi.org/10.1109/9.286253,0.9800
Gup04,Optimal LQG Control Across a Packet-Dropping Link,"V. Gupta, D. Spanos, B. Hassibi, and R. Murray",2004,,,,,"We examine optimal Linear Quadratic Gaussian control for a system in which communication between the sensor (output of the plant) and the controller occurs across a packet-dropping link. We extend the familiar LQG separation principle to this problem that allows us to solve this problem using a standard LQR state-feedback design, along with an optimal algorithm for propagating and using the information across the unreliable link. We present one such optimal algorithm, which consists of a Kalman Filter at the sensor side of the link, and a switched linear filter at the controller side. Our design does not assume any statistical model of the packet drop events, and is thus optimal for an arbitrary packet drop pattern. Further, the solution is appealing from a practical point of view because it can be implemented as a small modification of an existing LQG control design.",59,2.6,,https://www.semanticscholar.org/paper/584942eaded1d601688112ff9c637053e9f32cc3,0.9700
Pez18,Hierarchical Active Inference: A Theory of Motivated Control,"G. Pezzulo, Francesco Rigoli, and Karl J. Friston",2018,2018-04-01,Trends in Cognitive Sciences,22,294 - 306,"Motivated control refers to the coordination of behaviour to achieve affectively valenced outcomes or goals. The study of motivated control traditionally assumes a distinction between control and motivational processes, which map to distinct (dorsolateral versus ventromedial) brain systems. However, the respective roles and interactions between these processes remain controversial. We offer a novel perspective that casts control and motivational processes as complementary aspects − goal propagation and prioritization, respectively − of active inference and hierarchical goal processing under deep generative models. We propose that the control hierarchy propagates prior preferences or goals, but their precision is informed by the motivational context, inferred at different levels of the motivational hierarchy. The ensuing integration of control and motivational processes underwrites action and policy selection and, ultimately, motivated behaviour, by enabling deep inference to prioritize goals in a context-sensitive way.",295,36,10.1016/j.tics.2018.01.009,https://doi.org/10.1016/j.tics.2018.01.009,0.9600
Wat81,The certainty equivalence property in stochastic control theory,H. V. D. Water and J. Willems,1981,1981-10-01,IEEE Transactions on Automatic Control,26,1080-1087,"In this paper we will give a general formulation of the certainty equivalence principle for stochastic optimal control problems. Special attention is paid to the question: ""What do we mean by a certainty equivalence control law?"" It is then shown that in this context the LQG-problem is indeed certainty equivalent.",73,1.6,10.1109/TAC.1981.1102781,https://doi.org/10.1109/TAC.1981.1102781,0.9500
Hij83,The adaptive LQG problem--Part I,O. Hijab,1983,1983-02-01,IEEE Transactions on Automatic Control,28,171-178,"This paper is concerned with a rigorous study of the ""dual control"" problem of Fel'dbaum, i.e., the LQG optimal control problem in the presence of Bayesian parameter uncertainty. The solution of this problem involves two parts, one relating to filtering and one to control. Although we establish our filtering result in complete generality in the last section, most of the paper concentrates on the finite parameter case to ease the exposition. The control result that we establish is incomplete in the sense that the smoothness of the optimal cost function is assumed rather than proved. Nevertheless, our results and methods are such that we arrive at a new proof of the classical separation theorem showing that the well-known LQG feedback law is optimal within the widest possible class of admissible controls. As this new proof avoids all talk of ""dependence of the sigma algebra on the control,"" ""weak solutions,"" ""measure transformation techniques,"" etc., we feel that this result will help to clarify what is involved in the classical separation theorem.",65,1.5,10.1109/TAC.1983.1103212,https://doi.org/10.1109/TAC.1983.1103212,0.9400
Tse75,Generalized certainty equivalence and dual effect in stochastic control,E. Tse and Y. Bar-Shalom,1975,1975-12-01,IEEE Transactions on Automatic Control,20,817-819,"This correspondence presents a generalized formulation of the certainty equivalence property for an arbitrary stochastic control problem. Using the definition of dual effect as introduced in earlier works, further results on the interrelation between dual effect and certainty equivalence property are obtained.",39,0.8,10.1109/TAC.1975.1101108,https://doi.org/10.1109/TAC.1975.1101108,0.9200
Lev18,Reinforcement Learning and Control as Probabilistic Inference: Tutorial and Review,S. Levine,2018,2018-05-02,ArXiv,abs/1805.00909,,"The framework of reinforcement learning or optimal control provides a mathematical formalization of intelligent decision making that is powerful and broadly applicable. While the general form of the reinforcement learning problem enables effective reasoning about uncertainty, the connection between reinforcement learning and inference in probabilistic models is not immediately obvious. However, such a connection has considerable value when it comes to algorithm design: formalizing a problem as probabilistic inference in principle allows us to bring to bear a wide array of approximate inference tools, extend the model in flexible and powerful ways, and reason about compositionality and partial observability. In this article, we will discuss how a generalization of the reinforcement learning or optimal control problem, which is sometimes termed maximum entropy reinforcement learning, is equivalent to exact probabilistic inference in the case of deterministic dynamics, and variational inference in the case of stochastic dynamics. We will present a detailed derivation of this framework, overview prior work that has drawn on this and related ideas to propose new reinforcement learning and control algorithms, and describe perspectives on future research.",826,103,,https://www.semanticscholar.org/paper/6ecc4b1ab05f3ec12484a0ea36abfd6271c5c5ba,0.9100
Der23,"Dual Effect, Certainty Equivalence, and Separation Revisited: A Counterexample and a Relaxed Characterization for Optimality",M. Derpich and S. Yüksel,2023,2023-02-01,IEEE Transactions on Automatic Control,68,1259-1266,"In this article, we study the optimality of control policies admitting certainty equivalence or separation (of estimation and control) in discrete-time stochastic control, with the following two main contributions. We first revisit the influential theorem given in the seminal 1974 paper by Bar-Shalom and Tse, which studies the equivalence between certainty equivalence (CE) and no-dual-effect (NDE) properties in discrete-time stochastic control problems involving a linear dynamic system with a possibly nonlinear measurement function. We show that there is a subtle error in Bar-Shalom and Tse’s proof of the claim that CE implies NDE. Moreover, we prove that the claim does not hold by providing a counterexample. As our second and primary contribution, we introduce an alternative and a more relaxed notion of dual freeness and establish that this new notion is sufficient to guarantee the separation of estimation and control and CE in the same control problem considered by Bar-Shalom and Tse.",4,1.2,10.1109/TAC.2022.3151189,https://doi.org/10.1109/TAC.2022.3151189,0.9000
Fle82,Optimal Control for Partially Observed Diffusions,W. Fleming and É. Pardoux,1982,1982-03-01,Siam Journal on Control and Optimization,20,261-285,"Stochastic control problems are considered in which a state process $X_t$ and an observation process $Y_t$ are governed by Ito-sense stochastic differential equations driven by independent Brownian motions. The control $U_t$ enters linearly in the dynamics of $X_t$. A “separated”control problem is introduced, in which the state at any time t is a measure $\Lambda_t$ representing an unnormalized conditional distribution for $X_t$ given $Y_s$, $U_s$ for $s \leqq t$. The method depends on introducing a pathwise version of $\Lambda_t$ which depends continuously on observation and control trajectories Y, U. Existence of an optimal control is obtained in a suitable class, larger than the usual class of controls admissible in the strict sense that $U_t$ is measurable on the $\sigma $-algebra $\mathcal{F}_t (Y)$ generated by observations $Y_s$, $s \leqq t$. The dynamics of $\Lambda_t$ are studied using a method of forward and backward partial differential equations. Under a suitable nondegeneracy condition, the m...",171,3.9,10.1137/0320021,https://doi.org/10.1137/0320021,0.9000
Ho72,Team decision theory and information structures in optimal control problems--Part II,Y. Ho and K. Chu,1972,1972-02-01,IEEE Transactions on Automatic Control,17,15-22,"General dynamic team decision problems with linear information structures and quadratic payoff functions are studied. The primitive random variables are jointly Gaussian. No constraints on the information structures are imposed except causality. Equivalence relations in information and in control functions among different systems are developed. These equivalence relations aid in the solving of many general problems by relating their solutions to those of the systems with ""perfect memory."" The latter can be obtained by the method derived in Part I. A condition is found which enables each decision maker to infer the information available to his precedents, while at the same time the controls which will affect the information assessed can be proven optimal. When this condition fails, upper and lower bounds of the payoff function can still be obtained systematically, and suboptimal controls can be obtained.",563,10,10.1109/TAC.1972.1099850,https://doi.org/10.1109/TAC.1972.1099850,0.8900
Mes17c,Stochastic model predictive control with active uncertainty learning: A Survey on dual control,A. Mesbah,2017,2017-11-20,Annu. Rev. Control.,45,107-117,,217,26,10.1016/j.arcontrol.2017.11.001,https://doi.org/10.1016/j.arcontrol.2017.11.001,0.8700
Dav76b,The Separation Principle in Stochastic Control via Girsanov Solutions,Mark H. A. Davis,1976,,Siam Journal on Control and Optimization,14,176-188,"This paper deals with the separation of estimation and control for linear systems with additive Gaussian white noise and nonquadratic cost function. All measurable functions of the observations are admissible as controls, the corresponding solutions being defined by the Girsanov measure transformation. The separation principle is established, under certain conditions, if the dimension of the observation process is equal to that of the state; if there are fewer observations, then additional ones of arbitrarily low signal-to-noise ratio can be adjoined such that there is a separated policy based on the augmented observations which is superior to any policy using the original observations.",26,0.5,10.1137/0314015,https://doi.org/10.1137/0314015,0.8600
Kap09,Optimal control as a graphical model inference problem,"H. Kappen, V. Gómez, and M. Opper",2009,2009-01-06,Machine Learning,87,159 - 182,"We reformulate a class of non-linear stochastic optimal control problems introduced by Todorov (in Advances in Neural Information Processing Systems, vol. 19, pp. 1369–1376, 2007) as a Kullback-Leibler (KL) minimization problem. As a result, the optimal control computation reduces to an inference computation and approximate inference methods can be applied to efficiently compute approximate optimal controls. We show how this KL control theory contains the path integral control method as a special case. We provide an example of a block stacking task and a multi-agent cooperative game where we demonstrate how approximate inference can be successfully applied to instances that are too complex for exact computation. We discuss the relation of the KL control approach to other inference approaches to control.",410,24,10.1007/s10994-012-5278-7,https://doi.org/10.1007/s10994-012-5278-7,0.8500
Buc17,The free energy principle for action and perception: A mathematical review,"C. Buckley, C. S. Kim, Simon McGregor, and A. Seth",2017,2017-05-24,Journal of Mathematical Psychology,81,55-79,"The ‘free energy principle’ (FEP) has been suggested to provide a unified theory of the brain, integrating data and theory relating to action, perception, and learning. The theory and implementation of the FEP combines insights from Helmholtzian ‘perception as inference’, machine learning theory, and statistical thermodynamics. Here, we provide a detailed mathematical evaluation of a suggested biologically plausible implementation of the FEP that has been widely used to develop the theory. Our objectives are (i) to describe within a single article the mathematical structure of this implementation of the FEP; (ii) provide a simple but complete agent-based model utilising the FEP and (iii) to disclose the assumption structure of this implementation of the FEP to help elucidate its significance for the brain sciences.",352,39,10.1016/J.JMP.2017.09.004,https://doi.org/10.1016/J.JMP.2017.09.004,0.8500
Hau82,Optimal control of partially observed diffusions via the separation principle,U. Haussmann,1982,,,,302-311,,11,0.2,10.1007/BFB0044310,https://doi.org/10.1007/BFB0044310,0.8400
Fri17,Active Inference: A Process Theory,"Karl J. Friston, Thomas H. B. FitzGerald, Francesco Rigoli, P. Schwartenbeck, and G. Pezzulo",2017,,Neural Computation,29,1-49,"This article describes a process theory based on active inference and belief propagation. Starting from the premise that all neuronal processing (and action selection) can be explained by maximizing Bayesian model evidence—or minimizing variational free energy—we ask whether neuronal responses can be described as a gradient descent on variational free energy. Using a standard (Markov decision process) generative model, we derive the neuronal dynamics implicit in this description and reproduce a remarkable range of well-characterized neuronal phenomena. These include repetition suppression, mismatch negativity, violation responses, place-cell activity, phase precession, theta sequences, theta-gamma coupling, evidence accumulation, race-to-bound dynamics, and transfer of dopamine responses. Furthermore, the (approximately Bayes’ optimal) behavior prescribed by these dynamics has a degree of face validity, providing a formal explanation for reward seeking, context learning, and epistemic foraging. Technically, the fact that a gradient descent appears to be a valid description of neuronal activity means that variational free energy is a Lyapunov function for neuronal dynamics, which therefore conform to Hamilton’s principle of least action.",951,102,10.1162/NECO_a_00912,https://doi.org/10.1162/NECO_a_00912,0.8300
Sim94,Structured control for autonomous robots,R. Simmons,1994,1994-02-01,IEEE Trans. Robotics Autom.,10,34-43,"To operate in rich, dynamic environments, autonomous robots must be able to effectively utilize and coordinate their limited physical and computational resources. As complexity increases, it becomes necessary to impose explicit constraints on the control of planning, perception, and action to ensure that unwanted interactions between behaviors do not occur. This paper advocates developing complex robot systems by layering reactive behaviors onto deliberative components. In this structured control approach, the deliberative components handle normal situations and the reactive behaviors, which are explicitly constrained as to when and how they are activated, handle exceptional situations. The Task Control Architecture (TCA) has been developed to support this approach. TCA provides an integrated set of control constructs useful for implementing deliberative and reactive behaviors. The control constructs facilitate modular and evolutionary system development: they are used to integrate and coordinate planning, perception, and execution, and to incrementally improve the efficiency and robustness of the robot systems. To date, TCA has been used in implementing a half-dozen mobile robot systems, including an autonomous six-legged rover and indoor mobile manipulator. >",398,12,10.1109/70.285583,https://doi.org/10.1109/70.285583,0.8300
Ast65,Optimal control of Markov processes with incomplete state information,K. Åström,1965,1965-02-01,Journal of Mathematical Analysis and Applications,10,174-205,,930,15,10.1016/0022-247X(65)90154-X,https://doi.org/10.1016/0022-247X(65)90154-X,0.8300
Jam96b,"Partially Observed Differential Games, Infinite-Dimensional Hamilton--Jacobi--Isaacs Equations, and Nonlinear $H_\infty$ Control",M. James and J. Baras,1996,1996-07-01,Siam Journal on Control and Optimization,34,1342-1364,"This paper presents new results for partially observed nonlinear differential games. Using the concept of information state, we solve this problem in terms of an infinite-dimensional partial differential equation, which turns out to be the Hamilton--Jacobi--Isaacs (HJI) equation for partially observed differential games. We give definitions of smooth and viscosity solutions and prove that the value function is a viscosity solution of the HJI equation. We prove a verification theorem, which implies that the optimal controls are separated in that they depend on the observations through the information state. This constitutes a separation principle for partially observed differential games. We also present some new results concerning the certainty equivalence principle under certain standard assumptions. Our results are applied to a nonlinear output feedback $H_\infty$ robust control problem.",82,2.7,10.1137/S0363012994273337,https://doi.org/10.1137/S0363012994273337,0.8200
Jam95,Robust H/sub /spl infin// output feedback control for nonlinear systems,M. James and J. Baras,1995,1995-06-01,IEEE Transactions on Automatic Control,40,1007-1017,"In this paper we present a new approach to the solution of the output feedback robust H/sub /spl infin// control problem. We employ the recently developed concept of information state for output feedback dynamic games and obtain necessary and sufficient conditions for the solution to the robust control problem expressed in terms of the information state. The resulting controller is an information state feedback controller and is intrinsically infinite dimensional. Stability results are obtained using the theory of dissipative systems, and our results are expressed in terms of dissipation inequalities. >",103,3.3,10.1109/9.388678,https://doi.org/10.1109/9.388678,0.8100
Bal20c,A Bayesian perspective on classical control,Manuel Baltieri,2020,2020-04-21,2020 International Joint Conference on Neural Networks (IJCNN),,1-8,"The connections between optimal control and Bayesian inference have long been recognised, with the field of stochastic (optimal) control combining these frameworks for the solution of partially observable control problems. In particular, for the linear case with quadratic functions and Gaussian noise, stochastic control has shown remarkable results in different fields, including robotics, reinforcement learning and neuroscience, especially thanks to the established duality of estimation and control processes. Following this idea we recently introduced a formulation of PID control, one of the most popular methods from classical control, based on active inference, a theory with roots in variational Bayesian methods, and applications in the biological and neural sciences. In this work, we highlight the advantages of our previous formulation and introduce new and more general ways to tackle some existing problems in current controller design procedures. In particular, we consider 1) a gradient-based tuning rule for the parameters (or gains) of a PID controller, 2) an implementation of multiple degrees of freedom for independent responses to different types of signals (e.g., two-degree-of-freedom PID), and 3) a novel time-domain formalisation of the performance-robustness trade-off in terms of tunable constraints (i.e., priors in a Bayesian model) of a single cost functional, variational free energy.",4,0.7,10.1109/IJCNN48605.2020.9206617,https://doi.org/10.1109/IJCNN48605.2020.9206617,0.7900
Par18,Generalised free energy and active inference,Thomas Parr and Karl J. Friston,2018,2018-04-23,Biological Cybernetics,113,495 - 513,"Active inference is an approach to understanding behaviour that rests upon the idea that the brain uses an internal generative model to predict incoming sensory data. The fit between this model and data may be improved in two ways. The brain could optimise probabilistic beliefs about the variables in the generative model (i.e. perceptual inference). Alternatively, by acting on the world, it could change the sensory data, such that they are more consistent with the model. This implies a common objective function (variational free energy) for action and perception that scores the fit between an internal model and the world. We compare two free energy functionals for active inference in the framework of Markov decision processes. One of these is a functional of beliefs (i.e. probability distributions) about states and policies, but a function of observations, while the second is a functional of beliefs about all three. In the former (expected free energy), prior beliefs about outcomes are not part of the generative model (because they are absorbed into the prior over policies). Conversely, in the second (generalised free energy), priors over outcomes become an explicit component of the generative model. When using the free energy function, which is blind to future observations, we equip the generative model with a prior over policies that ensure preferred (i.e. priors over) outcomes are realised. In other words, if we expect to encounter a particular kind of outcome, this lends plausibility to those policies for which this outcome is a consequence. In addition, this formulation ensures that selected policies minimise uncertainty about future outcomes by minimising the free energy expected in the future. When using the free energy functional—that effectively treats future observations as hidden states—we show that policies are inferred or selected that realise prior preferences by minimising the free energy of future expectations. Interestingly, the form of posterior beliefs about policies (and associated belief updating) turns out to be identical under both formulations, but the quantities used to compute them are not.",235,29,10.1007/s00422-019-00805-w,https://doi.org/10.1007/s00422-019-00805-w,0.7800
Bal19e,Active Inference: Computational Models of Motor Control without Efference Copy,Manuel Baltieri and C. Buckley,2019,,2019 Conference on Cognitive Computational Neuroscience,,,"Computational frameworks for the study of motor systems in neuroscience often rely on a mathematical formulation based on optimal control theory, e.g., forward and inverse models and linear quadratic Gaussian (LQG) control architectures. A forward model maps actions to (predicted) consequences, while an inverse model is thought to define how motor commands are generated from observations. One of the central tenets of the forward/inverse architecture is the presence of a copy of motor commands produced by an inverse model and provided to the forward counterpart. Such copy, usually referred to as “efference copy”, is assumed to be necessary to model, and ultimately explain, motor control and behaviour. Over the years, different results have challenged the idea of an efference copy, suggesting that it may not be physiologically plausible, especially in humans. In this work we focus on a process theory that combines the mathematical richness of LQG models with efferencecopy-free architectures, active inference. We provide a minimal computational model discussing and comparing the forward/inverse and the active inference architectures on an idealised model of a single-joint control system.",5,0.7,10.32470/ccn.2019.1144-0,https://doi.org/10.32470/ccn.2019.1144-0,0.7800
Mal22,On Separation Between Learning and Control in Partially Observed Markov Decision Processes,Andreas A. Malikopoulos,2022,2022-11-28,,,,"Cyber-physical systems (CPS) encounter a large volume of data which is added to the system gradually in real time and not altogether in advance. As the volume of data increases, the domain of the control strategies also increases, and thus it becomes challenging to search for an optimal strategy. Even if an optimal control strategy is found, implementing such strategies with increasing domains is burdensome. To derive an optimal control strategy in CPS, we typically assume an ideal model of the system. Such model-based control approaches cannot effectively facilitate optimal solutions with performance guarantees due to the discrepancy between the model and the actual CPS. Alternatively, traditional supervised learning approaches cannot always facilitate robust solutions using data derived ofﬂine. Similarly, applying reinforcement learning approaches directly to the actual CPS might impose signiﬁcant implications on safety and robust operation of the system. The goal of this chapter is to provide a theoretical framework that aims at separating the control and learning tasks which allows us to combine ofﬂine model-based control with online learning approaches, and thus circumvent the challenges in deriving optimal control strategies for CPS.",1,0.3,,https://www.semanticscholar.org/paper/1c75994d9034f6e4bbf22b9383d6c714badee7d7,0.7800
Fri15,Active inference and epistemic value,Karl J. Friston et al.,2015,2015-02-17,Cognitive Neuroscience,6,187 - 214,"We offer a formal treatment of choice behavior based on the premise that agents minimize the expected free energy of future outcomes. Crucially, the negative free energy or quality of a policy can be decomposed into extrinsic and epistemic (or intrinsic) value. Minimizing expected free energy is therefore equivalent to maximizing extrinsic value or expected utility (defined in terms of prior preferences or goals), while maximizing information gain or intrinsic value (or reducing uncertainty about the causes of valuable outcomes). The resulting scheme resolves the exploration-exploitation dilemma: Epistemic value is maximized until there is no further information gain, after which exploitation is assured through maximization of extrinsic value. This is formally consistent with the Infomax principle, generalizing formulations of active vision based upon salience (Bayesian surprise) and optimal decisions based on expected utility and risk-sensitive (Kullback-Leibler) control. Furthermore, as with previous active inference formulations of discrete (Markovian) problems, ad hoc softmax parameters become the expected (Bayes-optimal) precision of beliefs about, or confidence in, policies. This article focuses on the basic theory, illustrating the ideas with simulations. A key aspect of these simulations is the similarity between precision updates and dopaminergic discharges observed in conditioning paradigms.",682,61,10.1080/17588928.2015.1020053,https://doi.org/10.1080/17588928.2015.1020053,0.7700
Pay90,Plan guided reaction,"D. Payton, Julio K. Rosenblatt, and D. Keirsey",1990,1990-11-01,IEEE Trans. Syst. Man Cybern.,20,1370-1382,"A set of architectural concepts that address the needs for integrating high-level planning activities with lower-level reactive or participatory behaviors is presented. Based on lessons learned from the authors' experience with a hierarchical architecture for autonomous cross-country navigation, various pitfalls that may arise from the misuse of abstraction have been recognized. Consequently, a new approach that emphasizes the minimization of information loss both within and between system layers has been adopted. This change in perspective has allowed the authors to greatly enhance the overall capabilities and performance of their system. >",246,6.9,10.1109/21.61207,https://doi.org/10.1109/21.61207,0.7600
Fri09b,Reinforcement Learning or Active Inference?,"Karl J. Friston, J. Daunizeau, and S. Kiebel",2009,2009-07-29,PLoS ONE,4,,"This paper questions the need for reinforcement learning or control theory when optimising behaviour. We show that it is fairly simple to teach an agent complicated and adaptive behaviours using a free-energy formulation of perception. In this formulation, agents adjust their internal states and sampling of the environment to minimize their free-energy. Such agents learn causal structure in the environment and sample it in an adaptive and self-supervised fashion. This results in behavioural policies that reproduce those optimised by reinforcement learning and dynamic programming. Critically, we do not need to invoke the notion of reward, value or utility. We illustrate these points by solving a benchmark problem in dynamic programming; namely the mountain-car problem, using active perception or inference under the free-energy principle. The ensuing proof-of-concept may be important because the free-energy formulation furnishes a unified account of both action and perception and may speak to a reappraisal of the role of dopamine in the brain.",454,27,10.1371/journal.pone.0006421,https://doi.org/10.1371/journal.pone.0006421,0.7500
Par20,Modules or Mean-Fields?,"Thomas Parr, Noor Sajid, and Karl J. Friston",2020,2020-05-01,Entropy,22,,"The segregation of neural processing into distinct streams has been interpreted by some as evidence in favour of a modular view of brain function. This implies a set of specialised ‘modules’, each of which performs a specific kind of computation in isolation of other brain systems, before sharing the result of this operation with other modules. In light of a modern understanding of stochastic non-equilibrium systems, like the brain, a simpler and more parsimonious explanation presents itself. Formulating the evolution of a non-equilibrium steady state system in terms of its density dynamics reveals that such systems appear on average to perform a gradient ascent on their steady state density. If this steady state implies a sufficiently sparse conditional independency structure, this endorses a mean-field dynamical formulation. This decomposes the density over all states in a system into the product of marginal probabilities for those states. This factorisation lends the system a modular appearance, in the sense that we can interpret the dynamics of each factor independently. However, the argument here is that it is factorisation, as opposed to modularisation, that gives rise to the functional anatomy of the brain or, indeed, any sentient system. In the following, we briefly overview mean-field theory and its applications to stochastic dynamical systems. We then unpack the consequences of this factorisation through simple numerical simulations and highlight the implications for neuronal message passing and the computational architecture of sentience.",40,6.6,10.3390/e22050552,https://doi.org/10.3390/e22050552,0.7400
Gat92,Integrating Planning and Reacting in a Heterogeneous Asynchronous Architecture for Controlling Real-World Mobile Robots,E. Gat,1992,1992-07-12,AAAI Conference on Artificial Intelligence,,809-815,"This paper presents a heterogeneous, asynchronous architecture for controlling autonomous mobile robots which is capable of controlling a robot performing multiple tasks in real time in noisy, unpredictable environments. The architecture produces behavior which is reliable, task-directed (and taskable), and reactive to contingencies. Experiments on real and simulated realworld robots are described. The architecture smoothly integrates planning and reacting by performing these two functions asynchronously using heterogeneous architectural elements, and using the results of planning to guide the robot's actions but not to control them directly. The architecture can thus be viewed as a concrete implementation of Agre and Chapman's plans-ascommunications theory. The central result of this work is to show that completely unmodified classical AI programming methodologies using centralized world models can be usefully incorporated into real-world embedded reactive systems.",474,14,,https://www.semanticscholar.org/paper/e8e7adda29ba259b29728a3b0c4dd0142e54c4fd,0.7400
Bal20b,Predictions in the eye of the beholder: an active inference account of Watt governors,"Manuel Baltieri, C. Buckley, and J. Bruineberg",2020,2020-06-20,IEEE Symposium on Artificial Life,,121-129,"Active inference introduces a theory describing action-perception loops via the minimisation of variational free energy or, under simplifying assumptions, (weighted) prediction error. Recently, act...",33,5.6,10.1162/isal_a_00288,https://doi.org/10.1162/isal_a_00288,0.7400
Mor66,Stochastic Optimal Control with Noisy Observations,R. Mortensen,1966,1966-11-01,International Journal of Control,4,455-464,"ABSTRACT The present paper is the sequel to a previous paper by the author. The main purpose of the present paper is to justify the claim made curlier that the approach to stochastic optimal control previously employed can be extended to the case of noisy observations of the state. The partial differential equation, for the conditional probability density of the present state given the past history of the noisy observations, is discussed. Using this equation, it is shown that the stochastic optimal control problem can be viewed as a problem in the theory of control of distributed parameter systems. Dynamic programming is then applied to this distributed parameter problem, to obtain a stochastic Hamilton-Jacobi equation in function space.",78,1.3,10.1080/00207176608921439,https://doi.org/10.1080/00207176608921439,0.7300
Aok65,Optimal control of partially observable Markovian systems,M. Aoki,1965,1965-11-01,Journal of The Franklin Institute-engineering and Applied Mathematics,280,367-386,,70,1.2,10.1016/0016-0032(65)90528-4,https://doi.org/10.1016/0016-0032(65)90528-4,0.7200
Wit02,Adaptive dual control,B. Wittenmark,2002,,,,,"The paper discusses the solution to the optimal adaptive control problem over an extended time horizon. This leads to a controller that have dual features, i.e., tt uses control actions as well as probing actions. The solution of the optimal dual control problem is intractable from a computational point of view. Approximations to obtain simpler suboptimal dual controllers are thus important. There are many different approaches how to obtain suboptimal dual controllers. Many of the approximations use a cautious controller as a starting point and introduce different active probing features. This can be done by including a term in the loss function that reflects the quality of the estimates of the parameters of the process. To introduce a dual feature this term must be a function of the control signal that is going to be determined and it should also contain information about the quality of the parameter estimates. The suboptimal dual controllers should also be such that they easily can be used for higher-order systems. (Less)",54,2.2,,https://www.semanticscholar.org/paper/9c1fe4c9791bab12e3a494664a71acd442c496af,0.7200
Bie18b,Expanding the Active Inference Landscape: More Intrinsic Motivations in the Perception-Action Loop,"Martin Biehl, C. Guckelsberger, Christoph Salge, Simón C. Smith, and D. Polani",2018,2018-06-21,Frontiers in Neurorobotics,12,,"Active inference is an ambitious theory that treats perception, inference, and action selection of autonomous agents under the heading of a single principle. It suggests biologically plausible explanations for many cognitive phenomena, including consciousness. In active inference, action selection is driven by an objective function that evaluates possible future actions with respect to current, inferred beliefs about the world. Active inference at its core is independent from extrinsic rewards, resulting in a high level of robustness across e.g., different environments or agent morphologies. In the literature, paradigms that share this independence have been summarized under the notion of intrinsic motivations. In general and in contrast to active inference, these models of motivation come without a commitment to particular inference and action selection mechanisms. In this article, we study if the inference and action selection machinery of active inference can also be used by alternatives to the originally included intrinsic motivation. The perception-action loop explicitly relates inference and action selection to the environment and agent memory, and is consequently used as foundation for our analysis. We reconstruct the active inference approach, locate the original formulation within, and show how alternative intrinsic motivations can be used while keeping many of the original features intact. Furthermore, we illustrate the connection to universal reinforcement learning by means of our formalism. Active inference research may profit from comparisons of the dynamics induced by alternative intrinsic motivations. Research on intrinsic motivations may profit from an additional way to implement intrinsically motivated agents that also share the biological plausibility of active inference.",28,3.5,10.3389/fnbot.2018.00045,https://doi.org/10.3389/fnbot.2018.00045,0.7100
Tsc19,Learning action-oriented models through active inference,"Alexander Tschantz, A. Seth, and C. Buckley",2019,2019-09-11,PLoS Computational Biology,16,,"Converging theories suggest that organisms learn and exploit probabilistic models of their environment. However, it remains unclear how such models can be learned in practice. The open-ended complexity of natural environments means that it is generally infeasible for organisms to model their environment comprehensively. Alternatively, action-oriented models attempt to encode a parsimonious representation of adaptive agent-environment interactions. One approach to learning action-oriented models is to learn online in the presence of goal-directed behaviours. This constrains an agent to behaviourally relevant trajectories, reducing the diversity of the data a model need account for. Unfortunately, this approach can cause models to prematurely converge to sub-optimal solutions, through a process we refer to as a bad-bootstrap. Here, we exploit the normative framework of active inference to show that efficient action-oriented models can be learned by balancing goal-oriented and epistemic (information-seeking) behaviours in a principled manner. We illustrate our approach using a simple agent-based model of bacterial chemotaxis. We first demonstrate that learning via goal-directed behaviour indeed constrains models to behaviorally relevant aspects of the environment, but that this approach is prone to sub-optimal convergence. We then demonstrate that epistemic behaviours facilitate the construction of accurate and comprehensive models, but that these models are not tailored to any specific behavioural niche and are therefore less efficient in their use of data. Finally, we show that active inference agents learn models that are parsimonious, tailored to action, and which avoid bad bootstraps and sub-optimal convergence. Critically, our results indicate that models learned through active inference can support adaptive behaviour in spite of, and indeed because of, their departure from veridical representations of the environment. Our approach provides a principled method for learning adaptive models from limited interactions with an environment, highlighting a route to sample efficient learning algorithms.",114,17,10.1371/journal.pcbi.1007805,https://doi.org/10.1371/journal.pcbi.1007805,0.7000
Ben92,Stochastic Control of Partially Observable Systems,A. Bensoussan,1992,1992-08-01,,,,Preface 1. Linear filtering theory 2. Optimal stochastic control for linear dynamic systems with quadratic payoff 3. Optimal control of linear stochastic systems with an exponential-of-integral performance index 4. Non linear filtering theory 5. Perturbation methods in non linear filtering 6. Some explicit solutions of the Zakai equation 7. Some explicit controls for systems with partial observation 8. Stochastic maximum principle and dynamic programming for systems with partial observation 9. Existence results for stochastic control problems with partial information References Index.,675,20,10.1017/cbo9780511526503,https://doi.org/10.1017/cbo9780511526503,0.6900
Ros89,Integrating Planning and Reactive Control,S. Rosenschein and L. Kaelbling,1989,1989-01-31,,,,"Artificial intelligence research on planning is concerned with designing control systems that choose actions by manipulating explicit descriptions of the world state, the goal to be achieved, and the effects of elementary operations available to the system. Because planning shifts much of the burden of reasoning to the machine, it holds great appeal as a high-level programming method. Experience shows, however, that it cannot be used indiscriminately because even moderately rich languages for describing goals, states, and the elementary operators lead to computational inefficiencies that render the approach unsuitable for realistic applications. This inadequacy has spawned a recent wave of research on reactive control or situated activity in which control systems are modeled as reacting directly to the current situation rather than as reasoning about the future effects of alternative action sequences. While this research has confronted the issue of run-time tractability head on, in many cases it has done so by sacrificing the advantages of declarative planning techniques. Ways in which the two approaches can be unified are discussed. The authors begin by modeling reactive control systems as state machines that map a stream of sensory inputs to a stream of control outputs. These machines can be decomposed into two continuously active subsystems: the planner and the execution module. The planner computes a plan, which can be seen as a set of bits that control the behavior of the execution module. An important element of this work is the formulation of a precise semantic interpretation for the inputs and outputs of the planning system. They show that the distinction between planned and reactive behavior is largely in the eye of the beholder: systems that seem to compute explicit plans can be redescribed in situation-action terms and vice versa. They also discuss practical programming techniques that allow the advantages of declarative programming and guaranteed reactive response to be achieved simultaneously.",17,0.5,,https://www.semanticscholar.org/paper/3c583aee83460f0fbb98abc454fb94b23efed20d,0.6900
Hor87,Reasoning about beliefs and actions under computational resource constraints,E. Horvitz,1987,1987-07-10,ArXiv,abs/1304.2759,,"Although many investigators affirm a desire to build reasoning systems that behave consistently with the axiomatic basis defined by probability theory and utility theory, limited resources for engineering and computation can make a complete normative analysis impossible. We attempt to move discussion beyond the debate over the scope of the problems that can be handled effectively to cases where it is clear that there is insufficient computational or engineering resource to perform an analysis deemed to be complete. Under these conditions, we stress the importance of considering the expected costs and benefits of applying alternative approximation procedures and heuristics for computation and knowledge-acquisition. We discuss bow knowledge about the structure of user utility can be used to control value tradeoffs for tailoring inference to alternative contexts. We finally address the notion of real-time rationality, focusing on the application of knowledge about the expected timewise-refinement abilities of reasoning strategies to balance the benefits of additional computation with the costs of acting with a partial result.",413,11,10.1016/0888-613x(88)90148-x,https://doi.org/10.1016/0888-613x(88)90148-x,0.6800
Gat99,Integrating Planning and Reacting Architecture for Controlling,E. Gat,1999,,,,,"This paper presents a heterogeneous, asynchronous architecture for controlling autonomous mobile robots which is capable of controlling a robot performing multiple tasks in real time in noisy, unpredictable environments. The architecture produces behavior which is reliable, task-directed (and taskable), and reactive to contingencies. Experiments on real and simulated realworld robots are described. The architecture smoothly integrates planning and reacting by performing these two functions asynchronously using heterogeneous architectural elements, and using the results of planning to guide the robot’s actions but not to control them directly. The architecture can thus be viewed as a concrete implementation of Agre and Chapman’s plans-ascommunications theory. The central result of this work is to show that completely unmodified classical AI programming methodologies using centralized world models can be usefully incorporated into real-world embedded reactive systems.",20,0.7,,https://www.semanticscholar.org/paper/b4bc8f2c9eab7f4b0f259408b83c5d0cc9d473cd,0.6700
Mir16,"Scene Construction, Visual Foraging, and Active Inference","M. Berk Mirza, Rick A Adams, C. Mathys, and Karl J. Friston",2016,2016-06-14,Frontiers in Computational Neuroscience,10,,"This paper describes an active inference scheme for visual searches and the perceptual synthesis entailed by scene construction. Active inference assumes that perception and action minimize variational free energy, where actions are selected to minimize the free energy expected in the future. This assumption generalizes risk-sensitive control and expected utility theory to include epistemic value; namely, the value (or salience) of information inherent in resolving uncertainty about the causes of ambiguous cues or outcomes. Here, we apply active inference to saccadic searches of a visual scene. We consider the (difficult) problem of categorizing a scene, based on the spatial relationship among visual objects where, crucially, visual cues are sampled myopically through a sequence of saccadic eye movements. This means that evidence for competing hypotheses about the scene has to be accumulated sequentially, calling upon both prediction (planning) and postdiction (memory). Our aim is to highlight some simple but fundamental aspects of the requisite functional anatomy; namely, the link between approximate Bayesian inference under mean field assumptions and functional segregation in the visual cortex. This link rests upon the (neurobiologically plausible) process theory that accompanies the normative formulation of active inference for Markov decision processes. In future work, we hope to use this scheme to model empirical saccadic searches and identify the prior beliefs that underwrite intersubject variability in the way people forage for information in visual scenes (e.g., in schizophrenia).",153,15,10.3389/fncom.2016.00056,https://doi.org/10.3389/fncom.2016.00056,0.6600
Ark94,Planning to Behave: A Hybrid Deliberative/Reactive Robot Control Architecture for Mobile Manipulation,R. Arkin and D. MacKenzie,1994,,,,,"Hybrid architectures provide an e ective means for integrating world knowledge with reactive control. This paper describes the motivation behind the architectural decision to hybridize, and presents a case study in mobile manipulation in the context of the Autonomous Robot Architecture (AuRA).",33,1.0,,https://www.semanticscholar.org/paper/152c2ca8353efea496683afc5ea6a5114e7fbb91,0.6500
Ing92,An architecture for real-time reasoning and system control,"F. Ingrand, M. Georgeff, and Anand Srinivasa Rao",1992,1992-12-01,IEEE Expert,7,34-44,,506,15,10.1109/64.180407,https://doi.org/10.1109/64.180407,0.6500
Ing90,Managing Deliberation and Reasoning in Real-Time AI Systems,F. Ingrand and Michael Georgee,1990,,,,,"This paper describes some recent research on architectures for situated (embedded) systems that need to deliberate and reason in real time. One of the most difficult problems in the design of such architectures is how to manage the reasoning performed by such a system while still meeting the real-time constraints of the problem domain. We present an architecture, based on the Procedural Reasoning System (PRS), that provides mechanisms for the management and control of deliberation and reasoning in real-time domains. In particular, we show how deliberation and reasoning strategies can be represented in the form of metalevel plans, and describe an interpreter that selects and executes these in a way that retains bounded reaction time. In addition , this approach allows us to represent different types of situated systems by varying the meta-level deliberation strategies. Finally, we provide some statistical measures of performance for one such type of situated system applied to a complex real-time application.",54,1.5,,https://www.semanticscholar.org/paper/f8f5d0dd872d4a1a26a8d9d3a98f12c9123f39dc,0.6400
How66,Information Value Theory,R. Howard,1966,1966-08-01,IEEE Trans. Syst. Sci. Cybern.,2,22-26,"The information theory developed by Shannon was designed to place a quantitative measure on the amount of information involved in any communication. The early developers stressed that the information measure was dependent only on the probabilistic structure of the communication process. For example, if losing all your assets in the stock market and having whale steak for supper have the same probability, then the information associated with the occurrence of either event is the same. Attempts to apply Shannon's information theory to problems beyond communications have, in the large, come to grief. The failure of these attempts could have been predicted because no theory that involves just the probabilities of outcomes without considering their consequences could possibly be adequate in describing the importance of uncertainty to a decision maker. It is necessary to be concerned not only with the probabilistic nature of the uncertainties that surround us, but also with the economic impact that these uncertainties will have on us. In this paper the theory of the value of information that arises from considering jointly the probabilistic and economic factors that affect decisions is discussed and illustrated. It is found that numerical values can be assigned to the elimination or reduction of any uncertainty. Furthermore, it is seen that the joint elimination of the uncertainty about a number of even independent factors in a problem can have a value that differs from the sum of the values of eliminating the uncertainty in each factor separately.",979,16,10.1109/TSSC.1966.300074,https://doi.org/10.1109/TSSC.1966.300074,0.6400
Cas11,A graded BDI agent model to represent and reason about preferences,"Ana Casali, L. Godo, and C. Sierra",2011,2011-05-01,Artif. Intell.,175,1468-1478,"In this research note, we introduce a graded BDI agent development framework, g-BDI for short, that allows to build agents as multi-context systems that reason about three fundamental and graded mental attitudes (i.e. beliefs, desires and intentions). We propose a sound and complete logical framework for them and some logical extensions to accommodate slightly different views on desires.",92,6.1,10.1016/j.artint.2010.12.006,https://doi.org/10.1016/j.artint.2010.12.006,0.6300
Log15b,A design study for an Attention Filter Penetration architecture,B. Logan,2015,,,,,"This paper describes a design study for a variant of the ‘Attention Filter Penetration’ (AFP) three layer architecture (Sloman, 2000). In an AFP architecture, the activities of an agent are distributed across three concurrently executing layers: a reactive layer in which detection of internal or external conditions immediately generates new internal or external response, a deliberative layer responsible for ‘what if’ reasoning and planning capabilities, and a meta-management layer which provides self monitoring, self evaluation and self-redirection including control of attention. We sketch a design for the reactive-deliberative interface based on two main assumptions: that deliberation (and meta-deliberation or management) is the technique of last resort for an agent, and is only used when no reactive behaviour is clearly applicable in a given situation; and deliberation is just something that some reactive systems do. In doing so, we attempt to identify those parts of the design which seem fairly uncontroversial, and to highlight those issues which have yet to be resolved. This paper describes a design study for a variant of the ‘Attention Filter Penetration’ (AFP) three layer architecture (Sloman, 2000). The aim is to design an architecture for an agent which can control its efforts to achieve one or more goals in some domain, and for the system to be able to adapt its behaviour to changes in the environment and difficulties encountered in achieving its goals. In an AFP architecture, the activities of the agent are distributed across three concurrently executing layers: a reactive layer in which detection of internal or external conditions immediately generates new internal or external response, a deliberative layer responsible for ‘what if’ reasoning and planning capabilities, and a metamanagement layer which provides self monitoring, self evaluation and self-redirection including control of attention. An attention filter with a dynamically varying interrupt threshold protects the resource-limited deliberative andmeta-management layers when dealing with tasks that are important, urgent and resource consuming. Wemake twomain assumptions: that deliberation (and meta-deliberation or management) is the technique of last resort for an agent, and is only used when no reactive behaviour is clearly applicable in a given situation; and deliberation (and management) is just something that some reactive systems do. In doing so, we are not attempting an explanatory reduction the deliberative or management layers to the reactive layer, rather the aim is to sketch an implementation of the virtual machines which operate at these layers in terms of the primitives available at the reactive layer. Some such reduction must be possible: some kinds of deliberative and management behaviour must ‘just happen’ otherwise we end up with infinite regress. However there is no reason in principle why they should reduce to mechanisms at the reactive layer, they could, for example, be implemented using distinct machinery ‘at’ their respective layers. The assumption that they are not is perhaps the central design decision of this paper. Of particular interest therefore is the interaction between the reactive and deliberative layers: both the generation of new motives or goals by the reactive layer and when and how these are scheduled for processing at the deliberative layer. We focus first on the reactive layer of the architecture to clarify what it can and can’t do, and to outline how it does what it does, before attempting to show how the deliberative and management layers can be implemented as particular kinds of reactive behaviour. The paper attempts to identify those parts of the design which seem fairly uncontroversial, and to highlight those issues which have yet to be resolved. In several cases, a number of possible approaches to an unresolved issue are identified. Such speculations are not intended as exhaustive enumerations of the options, rather they attempt to indicate the current state of work on a topic and illustrate insofar as this is possible at this stage, some of the main issues that would have to be addressed by any solution. 1 The Attention Filter Penetration",0,,,https://www.semanticscholar.org/paper/3add0a1cb956ecdd2beb216907bbdd210b036c25,0.6200
Gat93,On the Role of Stored Internal State in the Control of Autonomous Mobile Robots,E. Gat,1993,1993-03-15,AI Mag.,14,64-73,"This article informally examines the role of stored internal state (that is, memory) in the control of autonomous mobile robots. The difficulties associated with using stored internal state are reviewed. It is argued that the underlying cause of these problems is the implicit predictions contained within the state, and, therefore, many of the problems can be solved by taking care that the internal state contains information only about predictable aspects of the environment. One way of accomplishing this is to maintain internal state only at a high level of abstraction. The resulting information can be used to guide the actions of a robot but should not be used to control these actions directly; local sensor information is still necessary for immediate control. A mechanism to detect and recover from failures is also required. A control architecture embodying these design principles is briefly described. This architecture was successfully used to control real-world and simulated real-world autonomous mobile robots performing complex navigation tasks. The architecture is able to incorporate standard AI planning and world-modeling algorithms into a real-time situated framework.",73,2.2,10.1609/aimag.v14i1.1034,https://doi.org/10.1609/aimag.v14i1.1034,0.6100
Mal23b,Combining learning and control in linear systems,Andreas A. Malikopoulos,2023,2023-10-22,Eur. J. Control,80,101043,"In this paper, we provide a theoretical framework that separates the control and learning tasks in a linear system. This separation allows us to combine offline model-based control with online learning approaches and thus circumvent current challenges in deriving optimal control strategies in applications where a large volume of data is added to the system gradually in real time and not altogether in advance. We provide an analytical example to illustrate the framework.",7,2.7,10.1016/j.ejcon.2024.101043,https://doi.org/10.1016/j.ejcon.2024.101043,0.6100
Aka75,On certainty equivalence of stochastic optimal control problem,H. Akashi and K. Nose,1975,1975-05-01,International Journal of Control,21,857-863,"This paper is concerned with the optimal control of discrete-time stochastic linear systems with respect to a quadratic performance criterion. It is assumed that the system is subject to additive system noise and that the state variables arc measured with additive measurement noise. It is shown that certainty equivalence, previously proven for the so-called Linear-Quadralic-Gaussian problem, holds even if the system noise, the measurement noise and/or the initial state of the system arc non-gaussian. mutually and time-wise dependent.",10,0.2,10.1080/00207177508922040,https://doi.org/10.1080/00207177508922040,0.6000
Rav92,A Survey of Reactivity,S. Ravela,1992,1992-09-01,,,,"This report is a survey of reactive systems. Horizontally decomposed architecture employing the classical planning paradigm confront problems associated with timeliness, flexibility, robustness, and are sensitive to non-stationary. uncertain, and incompletely modeled environments. In contrast, reactive architectures attempt to provide a timely response, do not rely on detailed or complete world models and generate actions triggered by the current perceptions of the agent. However, reactive architectures are often ""short-sighted."" This letter examines reactive architectures, as well as architectures that integrate reactivity and classical planning paradigms and presents the salient features from a subset of currently available literature. Papers are drawn from the domain of robotics, specifically robot navigation, path planning, and grasping in order to provide an analysis of AI methodology in real world situations. An attempt is also made to maintain a consistent definition of various terms, such as reflexive, reactive, and deliberative behavior, behavior composition, world models, among others, used widely in the realm of planning and control in AI research.",6,0.2,,https://www.semanticscholar.org/paper/3a35c679e4a65b7be0308a69b979ca464b0e8e4a,0.5800
Chr24,Agents Thinking Fast and Slow: A Talker-Reasoner Architecture,"Konstantina Christakopoulou, Shibl Mourad, and Maja Matari'c",2024,2024-10-10,ArXiv,abs/2410.08328,,"Large language models have enabled agents of all kinds to interact with users through natural conversation. Consequently, agents now have two jobs: conversing and planning/reasoning. Their conversational responses must be informed by all available information, and their actions must help to achieve goals. This dichotomy between conversing with the user and doing multi-step reasoning and planning can be seen as analogous to the human systems of""thinking fast and slow""as introduced by Kahneman. Our approach is comprised of a""Talker""agent (System 1) that is fast and intuitive, and tasked with synthesizing the conversational response; and a""Reasoner""agent (System 2) that is slower, more deliberative, and more logical, and is tasked with multi-step reasoning and planning, calling tools, performing actions in the world, and thereby producing the new agent state. We describe the new Talker-Reasoner architecture and discuss its advantages, including modularity and decreased latency. We ground the discussion in the context of a sleep coaching agent, in order to demonstrate real-world relevance.",29,18,10.48550/arXiv.2410.08328,https://doi.org/10.48550/arXiv.2410.08328,0.5700
Bro72b,Linear stochastic control: An extended separation principle,R. A. Brooks,1972,1972-06-01,Journal of Mathematical Analysis and Applications,38,569-587,,9,0.2,10.1016/0022-247X(72)90069-8,https://doi.org/10.1016/0022-247X(72)90069-8,0.5600
Tou06,Probabilistic inference for solving discrete and continuous state Markov Decision Processes,Marc Toussaint and A. Storkey,2006,2006-06-25,Proceedings of the 23rd international conference on Machine learning,,,"Inference in Markov Decision Processes has recently received interest as a means to infer goals of an observed action, policy recognition, and also as a tool to compute policies. A particularly interesting aspect of the approach is that any existing inference technique in DBNs now becomes available for answering behavioral question--including those on continuous, factorial, or hierarchical state representations. Here we present an Expectation Maximization algorithm for computing optimal policies. Unlike previous approaches we can show that this actually optimizes the discounted expected future return for arbitrary reward functions and without assuming an ad hoc finite total time. The algorithm is generic in that any inference technique can be utilized in the E-step. We demonstrate this for exact inference on a discrete maze and Gaussian belief state propagation in continuous stochastic optimal control problems.",548,28,10.1145/1143844.1143963,https://doi.org/10.1145/1143844.1143963,0.5600
Yao23,LANGUAGE MODELS,Shunyu Yao et al.,2023,,,,,"While large language models (LLMs) have demonstrated impressive capabilities across tasks in language understanding and interactive decision making, their abilities for reasoning (e.g. chain-of-thought prompting) and acting (e.g. action plan generation) have primarily been studied as separate topics. In this paper, we explore the use of LLMs to generate both reasoning traces and task-specific actions in an interleaved manner, allowing for greater synergy between the two: reasoning traces help the model induce, track, and update action plans as well as handle exceptions, while actions allow it to interface with external sources, such as knowledge bases or environments, to gather additional information. We apply our approach, named ReAct, to a diverse set of language and decision making tasks and demonstrate its effectiveness over state-of-the-art baselines, as well as improved human interpretability and trustworthiness over methods without reasoning or acting components. Concretely, on question answering (HotpotQA) and fact verification (Fever), ReAct overcomes issues of hallucination and error propagation prevalent in chain-of-thought reasoning by interacting with a simple Wikipedia API, and generates human-like task-solving trajectories that are more interpretable than baselines without reasoning traces. On two interactive decision making benchmarks (ALFWorld and WebShop), ReAct outperforms imitation and reinforcement learning methods by an absolute success rate of 34% and 10% respectively, while being prompted with only one or two in-context examples. Project site with code: https://react-lm.github.io",7389,2217,,https://www.semanticscholar.org/paper/99832586d55f540f603637e458a292406a0ed75d,0.5500
Ay15,The Umwelt of an embodied agent—a measure-theoretic definition,N. Ay and Wolfgang Löhr,2015,2015-12-09,Theory in Biosciences,134,105-116,"We consider a general model of the sensorimotor loop of an agent interacting with the world. This formalises Uexküll’s notion of a function-circle. Here, we assume a particular causal structure, mechanistically described in terms of Markov kernels. In this generality, we define two $$\sigma $$σ-algebras of events in the world that describe two respective perspectives: (1) the perspective of an external observer, (2) the intrinsic perspective of the agent. Not all aspects of the world, seen from the external perspective, are accessible to the agent. This is expressed by the fact that the second $$\sigma $$σ-algebra is a subalgebra of the first one. We propose the smaller one as formalisation of Uexküll’s Umwelt concept. We show that, under continuity and compactness assumptions, the global dynamics of the world can be simplified without changing the internal process. This simplification can serve as a minimal world model that the system must have in order to be consistent with the internal process.",23,2.2,10.1007/s12064-015-0217-3,https://doi.org/10.1007/s12064-015-0217-3,0.5500
Wan25d,Position: Agent Should Invoke External Tools ONLY When Epistemically Necessary,Hongru Wang et al.,2025,2025-06-01,,,,"As large language models evolve into tool-augmented agents, a central question remains unresolved: when is external tool use actually justified? Existing agent frameworks typically treat tools as ordinary actions and optimize for task success or reward, offering little principled distinction between epistemically necessary interaction and unnecessary delegation. This position paper argues that agents should invoke external tools only when epistemically necessary. Here, epistemic necessity means that a task cannot be completed reliably via the agent's internal reasoning over its current context, without any external interaction. We introduce the Theory of Agent (ToA), a framework that treats agents as making sequential decisions about whether remaining uncertainty should be resolved internally or delegated externally. From this perspective, common agent failure modes (e.g., overthinking and overacting) arise from miscalibrated decisions under uncertainty rather than deficiencies in reasoning or tool execution alone. We further discuss implications for training, evaluation, and agent design, highlighting that unnecessary delegation not only causes inefficiency but can impede the development of internal reasoning capability. Our position provides a normative criterion for tool use that complements existing decision-theoretic models and is essential for building agents that are not only correct, but increasingly intelligent.",12,12,,https://www.semanticscholar.org/paper/5cc514aa3991704514015539a61547f7838e039e,0.5300
Seh17b,"Stochastic Model Predictive Control: Output-Feedback, Duality and Guaranteed Performance",Martin A. Sehr and R. Bitmead,2017,2017-06-02,,,,"A new formulation of Stochastic Model Predictive Output Feedback Control is presented and analyzed as a translation of Stochastic Optimal Output Feedback Control into a receding horizon setting. This requires lifting the design into a framework involving propagation of the conditional state density, the information state, via the Bayesian Filter and solution of the Stochastic Dynamic Programming Equation for an optimal feedback policy, both stages of which are computationally challenging in the general, nonlinear setup. The upside is that the clearance of three bottleneck aspects of Model Predictive Control is connate to the optimality: output feedback is incorporated naturally; dual regulation and probing of the control signal is inherent; closed-loop performance relative to infinite-horizon optimal control is guaranteed. While the methods are numerically formidable, our aim is to develop an approach to Stochastic Model Predictive Control with guarantees and, from there, to seek a less onerous approximation. To this end, we discuss in particular the class of Partially Observable Markov Decision Processes, to which our results extend seamlessly, and demonstrate applicability with an example in healthcare decision making, where duality and associated optimality in the control signal are required for satisfactory closed-loop behavior.",24,2.7,10.1016/j.automatica.2018.04.013,https://doi.org/10.1016/j.automatica.2018.04.013,0.5200
Tou09,Probabilistic inference as a model of planned behavior,Marc Toussaint,2009,,Künstliche Intell.,23,23-29,"The problem of planning and goal-directed behavior has been addressed in computer science for many years, typically based on classical concepts like Bellman’s optimality principle, dynamic programming, or Reinforcement Learning methods – but is this the only way to address the problem? Recently there is growing interest in using probabilistic inference methods for decision making and planning. Promising about such approaches is that they naturally extend to distributed state representations and efficiently cope with uncertainty. In sensor processing, inference methods typically compute a posterior over state conditioned on observations – applied in the context of action selection they compute a posterior over actions conditioned on goals. In this paper we will first introduce the idea of using inference for reasoning about actions on an intuitive level, drawing connections to the idea of internal simulation. We then survey previous and own work using the new approach to address (partially observable) Markov Decision Processes and stochastic optimal control problems.",61,3.5,,https://www.semanticscholar.org/paper/ab01cdba07ffc7163ea53640965e0057025a5456,0.5100
Sin24,Agent-state based policies in POMDPs: Beyond belief-state MDPs,Amit Sinha and Aditya Mahajan,2024,2024-09-24,2024 IEEE 63rd Conference on Decision and Control (CDC),,6722-6735,"The traditional approach to POMDPs is to convert them into fully observed MDPs by considering a belief state as an information state. However, a belief-state based approach requires perfect knowledge of the system dynamics and is therefore not applicable in the learning setting where the system model is unknown. Various approaches to circumvent this limitation have been proposed in the literature. We present a unified treatment of some of these approaches by viewing them as models where the agent maintains a local recursively updateable “agent state” and chooses actions based on the agent state. We highlight the different classes of agent-state based policies and the various approaches that have been proposed in the literature to find good policies within each class. These include the designer’s approach to find optimal non-stationary agent-state based policies, policy search approaches to find a locally optimal stationary agent-state based policies, and the approximate information state to find approximately optimal stationary agent-state based policies. We then present how ideas from the approximate information state approach have been used to improve Q-learning and actor-critic algorithms for learning in POMDPs.",11,6.7,10.1109/CDC56724.2024.10886046,https://doi.org/10.1109/CDC56724.2024.10886046,0.5100
Ris94,A Strong Separation Principle for Stochastic Control Systems Driven by a Hidden Markov Model,R. Rishel,1994,1994-07-01,Siam Journal on Control and Optimization,32,1008-1020,"For a linear quadratic system driven by the output of a hidden Markov model, it is shown that the optimal control is obtained by computing the optimal control as if this output was a known deterministic function, and then substituting the best current estimates of the future values of this output for the known function in this control.",9,0.3,10.1137/S0363012992232233,https://doi.org/10.1137/S0363012992232233,0.5000
Wan25f,Compositional AI Beyond LLMs: System Implications of Neuro-Symbolic-Probabilistic Architectures,Zishen Wan et al.,2025,2025-12-11,"Proceedings of the 31st ACM International Conference on Architectural Support for Programming Languages and Operating Systems, Volume 1",,,"Large Language Models (LLMs) have driven remarkable progress in artificial intelligence (AI), but their rapid growth faces challenges of unsustainable computation, limited robustness, and poor explainability. Compositional AI, which integrates LLMs with symbolic reasoning and probabilistic inference, has emerged as a promising paradigm to enable interpretability, robustness, trustworthiness, and data-efficient learning. Recent neuro-symbolic-probabilistic systems demonstrate strong potential in agentic applications, advancing reasoning and cognitive capabilities toward human-like intelligence. In this paper, we aim to understand the system implications of neuro-symbolic-probabilistic architectures. We first develop a taxonomy and analyze the scaling efficiency of neuro-symbolic-probabilistic models. We then perform a detailed characterization across CPUs and GPUs, evaluating their runtime, memory, compute operators, dataflow, scalability, communication, and system behaviors. Our studies reveal that compositional models suffer from inefficiencies on off-the-shelf hardware, constrained by heterogeneous compute kernels, irregular memory access, complex flow control, data dependencies, and high data movement. Guided by these insights, we present several software- and system-level optimizations to demonstrate the potential for improving the performance, efficiency, and scalability of neuro-symbolic-probabilistic computing. To our knowledge, this is among the first works to holistically assess compositional neuro-symbolic AI from system and architectural perspectives.",1,2.0,10.1145/3760250.3762235,https://doi.org/10.1145/3760250.3762235,0.5000
Men81,The separation principle for impulse control problems,J. Menaldi,1981,1981-03-01,,82,439-445,"In this paper, one shows that the combined problem of optimal impulse control and filtering, for a stochastic linear dynamic system observed via a noisy linear channel, can be reduced to two independent problems of impulse control and filtering, respectively.",14,0.3,10.1090/S0002-9939-1981-0612736-6,https://doi.org/10.1090/S0002-9939-1981-0612736-6,0.4900
Vir21,Interpreting Dynamical Systems as Bayesian Reasoners,"N. Virgo, Martin Biehl, and Simon McGregor",2021,2021-12-27,ArXiv,abs/2112.13523,,"A central concept in active inference is that the internal states of a physical system parametrise probability measures over states of the external world. These can be seen as an agent's beliefs, expressed as a Bayesian prior or posterior. Here we begin the development of a general theory that would tell us when it is appropriate to interpret states as representing beliefs in this way. We focus on the case in which a system can be interpreted as performing either Bayesian filtering or Bayesian inference. We provide formal definitions of what it means for such an interpretation to exist, using techniques from category theory.",16,3.6,10.1007/978-3-030-93736-2_52,https://doi.org/10.1007/978-3-030-93736-2_52,0.4900
Pol20,Policy Distillation from World Models,,2020,,,,,"Model-Based Reinforcement Learning (MBRL) is a signiﬁcantly more sample-eﬃcient alternative to model-free reinforcement learning. In MBRL, supervised learning is used to optimize a deep neural network model of the transition and reward dynamics in an environment (i.e. a world model). This leads to a rich training signal which enables training such a world model with fewer environment interactions than typically required to train model-free methods. However, an open question in MBRL remains how to distill eﬀective policies from world models. Here we show that PlaNet, an MBRL method that has been shown to perform well in simulation, is ineﬀective for an in-vivo environment with real-time constraints. In this work, we propose a better alternative by exploiting the gradients of the world model to train a parametric policy model with back-propagation through physics. We have evaluated the performance of PlaNet on an inverted pendulum swing-up task on an in-vivo robot setup. We have found that it is unable to reach an acceptable control frequency and is too intolerant to latency to eﬀectively solve the task. We have evaluated two alternative policy distillation methods: imitation learning and a gradient-based approach. We have found imitation learning ineﬀective and have shown that our gradient-based approach not only allows for faster inference but also achieves better performance than PlaNet. Our results demonstrate that with the right architectures to alleviate model-bias, exploiting the gradients of learned world models can be an eﬀective method for policy distillation in model-based reinforcement learning.",0,,,https://www.semanticscholar.org/paper/73ab50b009d3f0ee9b1f5adfb151b71d1a548b24,0.4700
Fan02,A Framework for Splitting BDI Agents,Xiaocong Fan and J. Yen,2002,2002-10-14,Logic Programming and Automated Reasoning,,160-174,,1,0.0,10.1007/3-540-36078-6_11,https://doi.org/10.1007/3-540-36078-6_11,0.4300
Raj21,The Markov blanket trick: On the scope of the free energy principle and active inference.,"Vicente Raja, Dinesh Valluri, E. Baggs, A. Chemero, and Michael L. Anderson",2021,2021-09-01,Physics of life reviews,,,"The free energy principle (FEP) has been presented as a unified brain theory, as a general principle for the self-organization of biological systems, and most recently as a principle for a theory of every thing. Additionally, active inference has been proposed as the process theory entailed by FEP that is able to model the full range of biological and cognitive events. In this paper, we challenge these two claims. We argue that FEP is not the general principle it is claimed to be, and that active inference is not the all-encompassing process theory it is purported to be either. The core aspects of our argumentation are that (i) FEP is just a way to generalize Bayesian inference to all domains by the use of a Markov blanket formalism, a generalization we call the Markov blanket trick; and that (ii) active inference presupposes successful perception and action instead of explaining them.",52,11,10.1016/j.plrev.2021.09.001,https://doi.org/10.1016/j.plrev.2021.09.001,0.4100
Chr84,The separation principle for partially observed linear control systems: A general framework,N. Christopeit and K. Helmes,1984,,,,36-60,,7,0.2,10.1007/BFB0006562,https://doi.org/10.1007/BFB0006562,0.4000
Yon84,An admissible systems approach to separation in partially observed stochastic control problems,T. Yoneyama,1984,1984-05-01,International Journal of Control,39,901-908,Abstract Stochastic optimal control of systems subject to noisy measurements of the states is considered. The formulation is based on the concept of admissible systems. It is shown that the costs achieved in the class of wide-sense admissible systems and in the class of separated admissible systems are equal over a fixed discretization of the time interval. It is also shown that strongly separated controls can be used to achieve e-optimality.,0,,10.1080/00207178408933218,https://doi.org/10.1080/00207178408933218,0.3800
Tou07,Bayesian inference for motion control and planning,Marc Toussaint,2007,,,,,"Bayesian motion control and planning is based on the idea of fusing motion objectives (constraints, goals, priors, etc) using probabilistic inference techniques in a way similar to Bayesian sensor fusing. This approach seems promising for tackling two fundamental problems in robotic control and planning: (1) Bayesian inference methods are an ideal candidate for fusing many sources of information or constraints – usually employed in the sensor processing context. Complex motion is characterised by such a multitude of concurrent constraints and tasks and the Bayesian approach provides a solution of which classical solutions (e.g., prioritised inverse kinematics) are a special case. (2) In the future we will require planning methods that are not based on representing the system state as one high-dimensional state variable but rather cope with structured state representations (distributed, hierarchical, hybrid discrete-continuous) that more directly reflect and exploit the natural structure of the environment. Probabilistic inference offers methods that can in principle handle such representations. Our approach will, for the first time, allow to transfer these methods to the realm of motion control and planning. The first part of this technical report will review standard optimal (motion rate or dynamic) control from an optimisation perspective and then derive Bayesian versions of the classical solutions. The new control laws show that motion control can be framed as an inference problem in an appropriately formulated probabilistic model. In the second part, by extending the probabilistic models to be Markovian models of the whole trajectory, we show that probabilistic inference methods (belief propagation) yield solutions to motion planning problems. This approach computes a posterior distribution over trajectories and control signals conditioned on goals and constraints.",7,0.4,10.14279/DEPOSITONCE-10308,https://doi.org/10.14279/DEPOSITONCE-10308,0.3500
Cos07,A separation principle for the H2-control of continuous-time infinite markov jump linear systems with partial observations,O. Costa and M. Fragoso,2007,2007-07-01,2007 European Control Conference (ECC),,1968-1975,,28,1.5,10.23919/ECC.2007.7068362,https://doi.org/10.23919/ECC.2007.7068362,0.3200
Zha06f,Are Parallel BDI Agents Really Better?,Huiliang Zhang and Shell-Ying Huang,2006,2006-05-22,European Conference on Artificial Intelligence,,305-309,"The traditional BDI agent has 3 basic computational components that generate beliefs, generate intentions and execute intentions. They run in a sequential and cyclic manner. This may introduce several problems. Among them, the inability to watch the environment continuously in dynamic environments may be disastrous and makes an agent less rational --the agent may endanger itself. Two possible solutions are by parallelism and by controlling and managing the 3 components in suitable ways. We examine a parallel architecture with three parallel running components which are the belief manager, the intention generator and the intention executor. The agent built with this architecture will have the ability of performing several actions at once. To evaluate the parallel BDI agent, we compare the parallel agent against four versions of sequential agents where the 3 components of the BDI agent are controlled and managed in different ways and different time resources are allocated to them. Experiments are designed to simulate agents based on the sequential and parallel BDI architectures respectively and the ability of the agents to respond to the same sequences of external events of various priorities are assessed. The comparison results show that the parallel BDI agent has quicker response, react to emergencies immediately and its behaviour is more rational.",5,0.3,,https://www.semanticscholar.org/paper/febcd6502d928a70c0b4cf7eea00ac74bf9415eb,0.3000
Che26c,StreamVLA: Breaking the Reason-Act Cycle via Completion-State Gating,"Tong Chen, Hang Wu, Jiasen Wang, Xiaotao Li, and Lu Fang",2026,2026-02-01,ArXiv,abs/2602.01100,,"Long-horizon robotic manipulation requires bridging the gap between high-level planning (System 2) and low-level control (System 1). Current Vision-Language-Action (VLA) models often entangle these processes, performing redundant multimodal reasoning at every timestep, which leads to high latency and goal instability. To address this, we present StreamVLA, a dual-system architecture that unifies textual task decomposition, visual goal imagination, and continuous action generation within a single parameter-efficient backbone. We introduce a""Lock-and-Gated""mechanism to intelligently modulate computation: only when a sub-task transition is detected, the model triggers slow thinking to generate a textual instruction and imagines the specific visual completion state, rather than generic future frames. Crucially, this completion state serves as a time-invariant goal anchor, making the policy robust to execution speed variations. During steady execution, these high-level intents are locked to condition a Flow Matching action head, allowing the model to bypass expensive autoregressive decoding for 72% of timesteps. This hierarchical abstraction ensures sub-goal focus while significantly reducing inference latency. Extensive evaluations demonstrate that StreamVLA achieves state-of-the-art performance, with a 98.5% success rate on the LIBERO benchmark and robust recovery in real-world interference scenarios, achieving a 48% reduction in latency compared to full-reasoning baselines.",0,,10.48550/arXiv.2602.01100,https://doi.org/10.48550/arXiv.2602.01100,0.2800
Bal26,The Separation Principle and the Dual-Certainty Equivalence Gap in Model Predictive Control,"T. Baltussen, Nathan P. Lawrence, Alexander Katriniok, Ali Mesbah, and M. Heemels",2026,2026-04-07,,,,"Dual control addresses the trade-off between exploitation and exploration, where control inputs both regulate the system and generate informative data for estimation and identification. For certain problem classes, control and estimation can be designed independently without loss of optimality, a property known as the separation principle. However, in stochastic control problems with model uncertainty and constraints, this principle generally breaks down, and introduces the need for dual control. In this paper, we propose an information-weighted dual model predictive control (MPC) formulation and introduce metrics that quantify the dependence of the MPC policy on the uncertainty. We focus on parametric uncertainty in linear systems with Gaussian noise, though the metrics can be applied more broadly. Numerical results show that the dependence of the MPC policy on the posterior covariance is largest under high uncertainty and vanishes as the posterior covariance contracts, providing empirical evidence of the dual effect in closed loop. Moreover, the dual controller improves regulation performance and model accuracy compared to certainty-equivalent MPC.",0,,,https://www.semanticscholar.org/paper/3446ee6dcde9fd20323906e1bb7df000de908184,0.2600
Mal25,At the Intersection of Learning and Control for Emerging Mobility Systems,Andreas A. Malikopoulos,2025,2025-12-09,2025 IEEE 64th Conference on Decision and Control (CDC),,8379-8380,"Emerging mobility systems [1], e.g., connected and automated vehicles (CAVs), and shared mobility, are typical cyber-physical systems (CPS) representing systems of subsystems with an informationally decentralized structure [2]. To derive optimal control strategies for such systems, we typically assume an ideal model [3]. Such model-based control approaches cannot effectively facilitate optimal solutions with performance guarantees due to the discrepancy between the model and the actual CPS. On the other hand, in most CPS there is a large volume of data of a dynamic nature, which is added to the system gradually in real time and not altogether in advance. Thus, traditional supervised learning approaches cannot always facilitate robust solutions using data derived offline. By contrast, applying reinforcement learning approaches directly to the actual CPS might impose significant implications on the safety and robust operation of the system. In this talk, I will discuss the challenges of supervised learning and model-based control approaches in several transportation-related applications, including self-learning powertrain control, power management control of hybrid electric vehicles, and optimal coordination of connected and automated vehicles. Then, I will present a theoretical framework founded at the intersection of control theory and learning that circumvents these challenges in deriving optimal strategies for CPS [4],[5]. In this framework, we aim to identify a sufficient information state for the CPS that takes values in a time-invariant space and use this information state to derive separated control strategies. Separated control strategies are related to the concept of separation between the estimation of the information state and control of the system. By establishing separated control strategies, we can derive offline the optimal control strategy of the system with respect to the information state, which might not be precisely known due to model uncertainties or the complexity of the system, and then use learning methods to learn the information state online while data are added gradually to the system in real time. This approach could effectively facilitate optimal solutions with performance guarantees in a wide range of CPS applications, such as emerging mobility systems, networked control systems, smart power grids, cooperative cyber-physical networks, cooperation of robots, and the Internet of Things.",0,,10.1109/CDC57313.2025.11312279,https://doi.org/10.1109/CDC57313.2025.11312279,0.2600
