Cite Key,Title,Authors,Year,Publication Date,Journal,Volume,Pages,Abstract,Citation Count,Citations/Year,DOI,URL,Relevance Score
Meh70,On the identification of variances and adaptive Kalman filtering,R. Mehra,1970,1970-04-01,IEEE Transactions on Automatic Control,15,175-184,"A Kalman filter requires an exact knowledge of the process noise covariance matrix Q and the measurement noise covariance matrix R . Here we consider the case in which the true values of Q and R are unknown. The system is assumed to be constant, and the random inputs are stationary. First, a correlation test is given which checks whether a particular Kalman filter is working optimally or not. If the filter is suboptimal, a technique is given to obtain asymptotically normal, unbiased, and consistent estimates of Q and R . This technique works only for the case in which the form of Q is known and the number of unknown elements in Q is less than n \times r where n is the dimension of the state vector and r is the dimension of the measurement vector. For other cases, the optimal steady-state gain K op is obtained directly by an iterative procedure without identifying Q . As a corollary, it is shown that the steady-state optimal Kalman filter gain K op depends only on n \times r linear functionals of Q . The results are first derived for discrete systems. They are then extended to continuous systems. A numerical example is given to show the usefulness of the approach.",1346,24,10.1109/TAC.1970.1099422,https://doi.org/10.1109/TAC.1970.1099422,2.6000
Oll17,Online natural gradient as a Kalman filter,Y. Ollivier,2017,2017-03-01,Electronic Journal of Statistics,12,2930-2961,"We establish a full relationship between Kalman filtering and Amari's natural gradient in statistical learning. Namely, using an online natural gradient descent on data log-likelihood to evaluate the parameter of a probabilistic model from a series of observations, is exactly equivalent to using an extended Kalman filter to estimate the parameter (assumed to have constant dynamics). In the i.i.d. case, this relation is a consequence of the ""information filter"" phrasing of the extended Kalman filter. In the recurrent (state space, non-i.i.d.) case, we prove that the joint Kalman filter over states and parameters is a natural gradient on top of real-time recurrent learning (RTRL), a classical algorithm to train recurrent models. This exact algebraic correspondence provides relevant settings for natural gradient hyperparameters such as learning rates or initialization and regularization of the Fisher information matrix.",73,7.9,10.1214/18-EJS1468,https://doi.org/10.1214/18-EJS1468,2.3500
Mat14,Uncertainty in perception and the Hierarchical Gaussian Filter,C. Mathys et al.,2014,2014-11-19,Frontiers in Human Neuroscience,8,,"In its full sense, perception rests on an agent's model of how its sensory input comes about and the inferences it draws based on this model. These inferences are necessarily uncertain. Here, we illustrate how the Hierarchical Gaussian Filter (HGF) offers a principled and generic way to deal with the several forms that uncertainty in perception takes. The HGF is a recent derivation of one-step update equations from Bayesian principles that rests on a hierarchical generative model of the environment and its (in)stability. It is computationally highly efficient, allows for online estimates of hidden states, and has found numerous applications to experimental data from human subjects. In this paper, we generalize previous descriptions of the HGF and its account of perceptual uncertainty. First, we explicitly formulate the extension of the HGF's hierarchy to any number of levels; second, we discuss how various forms of uncertainty are accommodated by the minimization of variational free energy as encoded in the update equations; third, we combine the HGF with decision models and demonstrate the inversion of this combination; finally, we report a simulation study that compared four optimization methods for inverting the HGF/decision model combination at different noise levels. These four methods (Nelder–Mead simplex algorithm, Gaussian process-based global optimization, variational Bayes and Markov chain Monte Carlo sampling) all performed well even under considerable noise, with variational Bayes offering the best combination of efficiency and informativeness of inference. Our results demonstrate that the HGF provides a principled, flexible, and efficient—but at the same time intuitive—framework for the resolution of perceptual uncertainty in behaving agents.",401,35,10.3389/fnhum.2014.00825,https://doi.org/10.3389/fnhum.2014.00825,2.1500
Fel10,"Attention, Uncertainty, and Free-Energy",H. Feldman and Karl J. Friston,2010,2010-09-24,Frontiers in Human Neuroscience,4,,"We suggested recently that attention can be understood as inferring the level of uncertainty or precision during hierarchical perception. In this paper, we try to substantiate this claim using neuronal simulations of directed spatial attention and biased competition. These simulations assume that neuronal activity encodes a probabilistic representation of the world that optimizes free-energy in a Bayesian fashion. Because free-energy bounds surprise or the (negative) log-evidence for internal models of the world, this optimization can be regarded as evidence accumulation or (generalized) predictive coding. Crucially, both predictions about the state of the world generating sensory data and the precision of those data have to be optimized. Here, we show that if the precision depends on the states, one can explain many aspects of attention. We illustrate this in the context of the Posner paradigm, using the simulations to generate both psychophysical and electrophysiological responses. These simulated responses are consistent with attentional bias or gating, competition for attentional resources, attentional capture and associated speed-accuracy trade-offs. Furthermore, if we present both attended and non-attended stimuli simultaneously, biased competition for neuronal representation emerges as a principled and straightforward property of Bayes-optimal perception.",1280,82,10.3389/fnhum.2010.00215,https://doi.org/10.3389/fnhum.2010.00215,1.9500
Oll19,The Extended Kalman Filter is a Natural Gradient Descent in Trajectory Space,Y. Ollivier,2019,2019-01-03,arXiv: Optimization and Control,,,"The extended Kalman filter is perhaps the most standard tool to estimate in real time the state of a dynamical system from noisy measurements of some function of the system, with extensive practical applications (such as position tracking via GPS). While the plain Kalman filter for linear systems is well-understood, the extended Kalman filter relies on linearizations which have been debated. 
We recover the exact extended Kalman filter equations from first principles in statistical learning: the extended Kalman filter is equal to Amari's online natural gradient, applied in the space of trajectories of the system. Namely, each possible trajectory of the dynamical system defines a probability law over possible observations. In principle this makes it possible to treat the underlying trajectory as the parameter of a statistical model of the observations. Then the parameter can be learned by gradient ascent on the log-likelihood of observations, as they become available. Using Amari's natural gradient from information geometry (a gradient descent preconditioned with the Fisher matrix, which provides parameterization-invariance) exactly recovers the extended Kalman filter. 
This applies only to a particular choice of process noise in the Kalman filter, namely, taking noise proportional to the posterior covariance - a canonical choice in the absence of specific model information.",26,3.5,,https://www.semanticscholar.org/paper/a5f7b5e3fce21d5b9d57df62d0f3e8093e48672e,1.7500
Ama98,Natural Gradient Works Efficiently in Learning,S. Amari,1998,1998-02-15,Neural Computation,10,251-276,,3555,126,10.1162/089976698300017746,https://doi.org/10.1162/089976698300017746,1.6500
Kai68,An innovations approach to least-squares estimation--Part II: Linear smoothing in additive white noise,T. Kailath and P. Frost,1968,1968-12-01,IEEE Transactions on Automatic Control,13,646-655,"The innovations approach to linear least-squares approximation problems is first to ""whiten"" the observed data by a causal and invertible operation, and then to treat the resulting simpler white-noise observations problem. This technique was successfully used by Bode and Shannon to obtain a simple derivation of the classical Wiener filtering problem for stationary processes over a semi-infinite interval. Here we shall extend the technique to handle nonstationary continuous-time processes over finite intervals. In Part I we shall apply this method to obtain a simple derivation of the Kalman-Bucy recursive filtering formulas (for both continuous-time and discrete-time processes) and also some minor generalizations thereof.",709,12,10.1109/TAC.1968.1099025,https://doi.org/10.1109/TAC.1968.1099025,1.5500
Fri10b,Generalised Filtering,"Karl J. Friston, K. Stephan, Baojuan Li, and J. Daunizeau",2010,,,,,"We describe a Bayesian filtering scheme for nonlinear state-space models in continuous time. This scheme is called Generalised Filtering and furnishes posterior conditional densities on hidden states and unknown parameters generating observed data. Crucially, the scheme operates online, assimilating data to optimize the conditional density on time-varying states and time-invariant parameters. In contrast to Kalman and Particle smoothing, Generalised Filtering does not require a backwards pass. In contrast to variational schemes, it does not assume conditional independence between the states and parameters. Generalised Filtering optimises the conditional density with respect to a free-energy bound on the model’s log-evidence. This optimisation uses the generalised motion of hidden states and parameters, under the prior assumption that the motion of the parameters is small. We describe the scheme, present comparative evaluations with a fixed-form variational version, and conclude with an illustrative application to a nonlinear state-space model of brain imaging time-series.",161,9.9,10.1155/2010/621670,https://doi.org/10.1155/2010/621670,1.4500
Fah91,"On kalman filtering, posterior mode estimation and fisher scoring in dynamic exponential family regression",L. Fahrmeir and H. Kaufmann,1991,1991-12-01,Metrika,38,37-60,,96,2.8,10.1007/BF02613597,https://doi.org/10.1007/BF02613597,1.4400
Car73,Identification of optimum filter steady-state gain for systems with unknown noise covariances,B. Carew and P. Belanger,1973,1973-12-01,IEEE Transactions on Automatic Control,18,582-587,A discrete linear stationary system is considered for which the input noise covariance Q and the output noise covariance R are unknown. A stable filter with a suboptimal gain is assumed. An identification scheme is presented which uses the autocorrelation functions of the innovations sequence of the suboptimal filter to determine the optimum filter steady state gain \Gamma directly without the intermediate determination of the unknown covariances Q and R . The approach used is to identify an output equivalent representation of the original system which does not involve the unknown covariances directly.,156,3.0,10.1109/TAC.1973.1100420,https://doi.org/10.1109/TAC.1973.1100420,1.4200
Sch72,On stochastic approximation and an adaptive Kalman filter,L. Scharf and D. Alspach,1972,1972-12-01,IEEE Conference on Decision and Control,11,253-257,"The orthogonality between the innovations process and the one-step predicted state of a discrete-time Kalman filter is used to specify a stochastic approximation algorithm for simple, adaptive Kalman filtering. The filter is adaptive in the sense that on-line filter signals are used to train the gain matrix to its correct, steady-state form. The problem considered is one of training the gain matrix when the time-invariant plant dynamics are known, but the plant noise and observation noise covariance matrices are unknown. No direct identification of these covariances is required. Simulation results are presented to illustrate the simplicity and soundness of the proposed adaptive filter structure. The simplicity of the proposed adaptation method indicates that it might easily be implemented in real-time data or signal processing applications.",10,0.2,10.1109/CDC.1972.268996,https://doi.org/10.1109/CDC.1972.268996,1.3500
Ama96,Neural Learning in Structured Parameter Spaces - Natural Riemannian Gradient,S. Amari,1996,1996-12-03,Neural Information Processing Systems,,127-133,"The parameter space of neural networks has a Riemannian metric structure. The natural Riemannian gradient should be used instead of the conventional gradient, since the former denotes the true steepest descent direction of a loss function in the Riemannian space. The behavior of the stochastic gradient learning algorithm is much more effective if the natural gradient is used. The present paper studies the information-geometrical structure of perceptrons and other networks, and prove that the on-line learning method based on the natural gradient is asymptotically as efficient as the optimal batch algorithm. Adaptive modification of the learning constant is proposed and analyzed in terms of the Riemannian measure and is shown to be efficient. The natural gradient is finally applied to blind separation of mixtured independent signal sources.",220,7.5,,https://www.semanticscholar.org/paper/fa0c75a9b5f39d166dd875005580687716a236bb,1.3000
Lai70,Optimal adaptive estimation: Structure and parameter adaptation,D. Lainiotis,1970,1970-12-01,,9,143-143,"Optimal structure and parameter adaptive estimators have been obtained for continuous as well as discrete data gaussian process models with linear dynamics. Specifically, the essentially nonlinear adaptive estimators are shown to be decomposable (partition theorem) into two parts, a linear non-adaptive part consisting of a bank of Kalman-Bucy filters, and a nonlinear part that incorporates the learning or adaptive nature of the estimator. The conditional-error-covariance matrix of the estimator is also obtained in a form suitable for on-line performance evaluation. The adaptive estimators are applied to the problem of state-estimation with nongaussian initial state and also to estimation under measurement uncertainty (joint detection-estimation). Examples are given of the application of the proposed adaptive estimators to structure and parameter adaptation indicating their applicability to practical engineering problems.",111,2.0,10.1109/SAP.1970.269994,https://doi.org/10.1109/SAP.1970.269994,1.2800
Fah92,Posterior Mode Estimation by Extended Kalman Filtering for Multivariate Dynamic Generalized Linear Models,L. Fahrmeir,1992,1992-06-01,Journal of the American Statistical Association,87,501-509,"Abstract A family of multivariate dynamic generalized linear models is introduced as a general framework for the analysis of time series with observations from the exponential family. Besides common conditionally Gaussian models, this article deals with univariate models for counted and binary data and, as the most interesting multivariate case, models for nonstationary multicategorical time series. For univariate responses, a related yet different class of models has been introduced in a Bayesian setting by West, Harrison and Migon. Assuming conjugate prior-posterior distributions for the natural parameter of the exponential family, they derive an approximate filter for estimation of time-varying states or parameters. However, their method raises some problems; in particular, in extending it to the multivariate case. A different approach to filtering and smoothing is chosen in this article. To avoid a full Bayesian analysis based on numerical integration, which becomes computationally critical for higher...",176,5.2,10.1080/01621459.1992.10475232,https://doi.org/10.1080/01621459.1992.10475232,1.2600
Ait21,Synaptic plasticity as Bayesian inference,L. Aitchison et al.,2021,2021-01-27,Nature neuroscience,24,565 - 571,"Learning, especially rapid learning, is critical for survival. However, learning is hard; a large number of synaptic weights must be set based on noisy, often ambiguous, sensory information. In such a high-noise regime, keeping track of probability distributions over weights is the optimal strategy. Here we hypothesize that synapses take that strategy; in essence, when they estimate weights, they include error bars. They then use that uncertainty to adjust their learning rates, with more uncertain weights having higher learning rates. We also make a second, independent, hypothesis: synapses communicate their uncertainty by linking it to variability in postsynaptic potential size, with more uncertainty leading to more variability. These two hypotheses cast synaptic plasticity as a problem of Bayesian inference, and thus provide a normative view of learning. They generalize known learning rules, offer an explanation for the large variability in the size of postsynaptic potentials and make falsifiable experimental predictions. We propose that synapses compute probability distributions over weights, not just point estimates. Using probabilistic inference, we derive a new set of synaptic learning rules and show that they speed up learning in neural networks.",48,9.0,10.1038/s41593-021-00809-5,https://doi.org/10.1038/s41593-021-00809-5,1.1800
Pir20,A simple model for learning in volatile environments,Payam Piray and N. Daw,2020,2020-07-01,PLoS Computational Biology,16,,"Sound principles of statistical inference dictate that uncertainty shapes learning. In this work, we revisit the question of learning in volatile environments, in which both the first and second-order statistics of observations dynamically evolve over time. We propose a new model, the volatile Kalman filter (VKF), which is based on a tractable state-space model of uncertainty and extends the Kalman filter algorithm to volatile environments. The proposed model is algorithmically simple and encompasses the Kalman filter as a special case. Specifically, in addition to the error-correcting rule of Kalman filter for learning observations, the VKF learns volatility according to a second error-correcting rule. These dual updates echo and contextualize classical psychological models of learning, in particular hybrid accounts of Pearce-Hall and Rescorla-Wagner. At the computational level, compared with existing models, the VKF gives up some flexibility in the generative model to enable a more faithful approximation to exact inference. When fit to empirical data, the VKF is better behaved than alternatives and better captures human choice data in two independent datasets of probabilistic learning tasks. The proposed model provides a coherent account of learning in stable or volatile environments and has implications for decision neuroscience research.",61,10,10.1371/journal.pcbi.1007963,https://doi.org/10.1371/journal.pcbi.1007963,1.1800
Nai04,Stabilizability of Stochastic Linear Systems with Finite Feedback Data Rates,G. Nair and R. Evans,2004,2004-02-01,SIAM J. Control. Optim.,43,413-436,"Feedback control with limited data rates is an emerging area which incorporates ideas from both control and information theory. A fundamental question it poses is how low the closed-loop data rate can be made before a given dynamical system is impossible to stabilize by any coding and control law. Analogously to source coding, this defines the smallest error-free data rate sufficient to achieve ""reliable"" control, and explicit expressions for it have been derived for linear time-invariant systems without disturbances. In this paper, the more general case of finite-dimensional linear systems with process and observation noise is considered, the object being mean square state stability. By inductive arguments employing the entropy power inequality of information theory, and a new quantizer error bound, an explicit expression for the infimum stabilizing data rate is derived, under very mild conditions on the initial state and noise probability distributions.",753,34,10.1137/S0363012902402116,https://doi.org/10.1137/S0363012902402116,1.1500
Hua18b,A Novel Adaptive Kalman Filter With Inaccurate Process and Measurement Noise Covariance Matrices,"Yulong Huang, Yonggang Zhang, Zhemin Wu, Ning Li, and J. Chambers",2018,2018-02-01,IEEE Transactions on Automatic Control,63,594-601,,592,71,10.1109/TAC.2017.2730480,https://doi.org/10.1109/TAC.2017.2730480,1.1300
Sin73,Adaptive Kalman filtering using stochastic approximation,N. Sinha,1973,1973-05-03,Electronics Letters,9,177-178,"A Kalman filter requires an exact knowledge of the noise covariance matrices to determine the optimal gain Kop for the filtering equations. In the absence of such prior information, an adaptive technique must be used. An approach based on stochastic approximation is presented. The steady-state gain is obtained by using a recursive algorithm that satisfies the innovations theorem.",10,0.2,10.1049/EL:19730131,https://doi.org/10.1049/EL:19730131,1.1200
For81,Implementation of self-tuning regulators with variable forgetting factors,"T. Fortescue, L. Kershenbaum, and B. Ydstie",1981,,Autom.,17,831-835,,826,18,10.1016/0005-1098(81)90070-4,https://doi.org/10.1016/0005-1098(81)90070-4,1.0800
Lib18,Entropy and Minimal Bit Rates for State Estimation and Model Detection,D. Liberzon and S. Mitra,2018,2018-10-01,IEEE Transactions on Automatic Control,63,3330-3344,"We study a notion of estimation entropy for continuous-time nonlinear systems, formulated in terms of the number of system trajectories that approximate all other trajectories up to an exponentially decaying error. We also consider an alternative definition of estimation entropy, which uses approximating functions that are not necessarily trajectories of the system, and show that the two entropy notions are equivalent. We establish an upper bound on the estimation entropy in terms of the sum of the desired convergence rate and an upper bound on the matrix measure of the Jacobian, multiplied by the system dimension. A lower bound on the estimation entropy is developed as well. We then turn our attention to state estimation and model detection with quantized and sampled state measurements. We describe an iterative procedure that uses such measurements to generate state estimates that converge to the true state at the desired exponential rate. The average bit rate utilized by this procedure matches the derived upper bound on the estimation entropy, and no other algorithm of this type can perform the same estimation task with bit rates lower than the estimation entropy. Finally, we discuss an application of the estimation procedure in determining, from the quantized state measurements, which of two competing models of a dynamical system is the true model. We show that under a mild assumption of “exponential separation” of the candidate models, detection always happens in finite time.",30,3.9,10.1109/TAC.2017.2782478,https://doi.org/10.1109/TAC.2017.2782478,1.0700
Kos19,Rate-Cost Tradeoffs in Control,V. Kostina and B. Hassibi,2019,2019-04-19,IEEE Transactions on Automatic Control,64,4525-4540,"Consider a control problem with a communication channel connecting the observer of a linear stochastic system to the controller. The goal of the controller is to minimize a quadratic cost function in the state variables and control signal, known as the linear quadratic regulator (LQR). We study the fundamental tradeoff between the communication rate $r$ b/s and the expected cost $b$. We obtain a lower bound on a certain rate-cost function, which quantifies the minimum directed mutual information between the channel input and output that is compatible with a target LQR cost. The rate-cost function has operational significance in multiple scenarios of interest: among others, it allows us to lower-bound the minimum communication rate for fixed and variable length quantization, and for control over noisy channels. We derive an explicit lower bound to the rate-cost function, which applies to the vector, non-Gaussian, and partially observed systems, thereby extending and generalizing an earlier explicit expression for the scalar Gaussian system, due to Tatikonda et al. [S. Tatikonda, A. Sahai, and S. Mitter, “Stochastic linear control over a communication channel,” IEEE Trans. Autom. Control, vol. 49, no. 9, pp. 1549–1561, Sep. 2004.]. The bound applies as long as the differential entropy of the system noise is not $-\infty$. It can be closely approached by a simple lattice quantization scheme that only quantizes the innovation, that is, the difference between the controller's belief about the current state and the true state. Via a separation principle between control and communication, similar results hold for causal lossy compression of additive noise Markov sources. Apart from standard dynamic programming arguments, our technical approach leverages the Shannon lower bound, develops new estimates for data compression with coding memory, and uses some recent results on high resolution variable-length vector quantization to prove that the new converse bounds are tight.",9,1.3,10.1109/TAC.2019.2912256,https://doi.org/10.1109/TAC.2019.2912256,1.0500
Lin73,The adaptation of observation noise covariances and adaptive Kalman filtering,J. Lin,1973,1973-12-01,IEEE Conference on Decision and Control,12,366-370,"The application of Kalman-Bucy filters entails precise knowledge on the a priori noise covariances as well as the system parameters. In many practical cases, however, such precise knowledge is not available, and approximate values are usually used or assumed. It has been pointed out that incorrect covariances often cause severe inconsistency between the calculated error covariance and the actual one. Approaches of adaptive filtering have been studied by various researchers for mainly time-invariant systems. An iterative procedure for the adaptation of the assumed a priori observation-noise covariances of time-variable systems is investigated in this paper. The procedure proposed here computes at each iteration a necessary correction from the covariances of the innovation process, and adapt the noise covariances thereby. The calculated error covariance is shown to tend to the actual in the limit. Simulated examples show that initial choices of the a priori covariance do not seem to be crucial to the convergence. An approach to adaptive filtering is also proposed.",4,0.1,10.1109/CDC.1973.269192,https://doi.org/10.1109/CDC.1973.269192,1.0400
Pir20b,A model for learning based on the joint estimation of stochasticity and volatility,Payam Piray and N. Daw,2020,2020-10-07,Nature Communications,12,,"Previous research has stressed the importance of uncertainty for controlling the speed of learning, and how such control depends on the learner inferring the noise properties of the environment, especially volatility: the speed of change. However, learning rates are jointly determined by the comparison between volatility and a second factor, moment-to-moment stochasticity. Yet much previous research has focused on simplified cases corresponding to estimation of either factor alone. Here, we introduce a learning model, in which both factors are learned simultaneously from experience, and use the model to simulate human and animal data across many seemingly disparate neuroscientific and behavioral phenomena. By considering the full problem of joint estimation, we highlight a set of previously unappreciated issues, arising from the mutual interdependence of inference about volatility and stochasticity. This interdependence complicates and enriches the interpretation of previous results, such as pathological learning in individuals with anxiety and following amygdala damage. Human learning depends on opposing effects of two noise factors: volatility and stochasticity. Here the authors present a model of learning that shows how and why joint estimation of these factors is important for understanding healthy and pathological learning.",112,20,10.1038/s41467-021-26731-9,https://doi.org/10.1038/s41467-021-26731-9,1.0300
Sil14,A Characterization of the Minimal Average Data Rate That Guarantees a Given Closed-Loop Performance Level,"Eduardo I. Silva, M. Derpich, Jan Østergaard, and Marco A. Encina",2014,2014-07-01,IEEE Transactions on Automatic Control,61,2171-2186,"This paper studies networked control systems closed over noiseless digital channels. We focus on noisy linear time-invariant (LTI) plants with stationary Gaussian disturbances, Gaussian initial state, scalar-valued control inputs and sensor outputs. For this set-up, we show that the absolute minimal directed information rate that allows one to achieve a prescribed level of performance (not necessarily stationary), over all combinations of encoder-controller-decoder, is achieved when the decoder output is jointly Gaussian with the other signals in the system. This directed information rate lower bounds the achievable operational data rates. When restricting our attention to encoder-controller-decoders which make the random processes in the loop (strongly) asymptotically wide-sense stationary, this bound can be expressed in terms of their asymptotic power spectral densities. Then we show that the directed information rate and stationary performance of any such scheme can be achieved when the concatenated encoder, channel, controller and decoder behave as an AWGN channel with LTI filters. We also present a simple coding scheme that allows one to achieve (operational) average data rates that are at most (approximately) 1.254 bits away from the derived lower bound, while satisfying the performance constraint. A numerical example is presented to illustrate our findings.",55,4.6,10.1109/TAC.2015.2500658,https://doi.org/10.1109/TAC.2015.2500658,1.0200
Won97,Systems with finite communication bandwidth constraints. I. State estimation problems,W. Wong and R. Brockett,1997,1997-09-01,IEEE Trans. Autom. Control.,42,1294-1299,"In this paper, we investigate a state estimation problem involving finite communication capacity constraints. Unlike classical estimation problems where the observation is a continuous process corrupted by additive noises, there is a constraint that the observations must be coded and transmitted over a digital communication channel with finite capacity. This problem is formulated mathematically, and some convergence properties are defined. Moreover, the concept of a finitely recursive coder-estimator sequence is introduced. A new upper bound for the average estimation error is derived for a large class of random variables. Convergence properties of some coder-estimator algorithms are analyzed. Various conditions connecting the communication data rate with the rate of change of the underlying dynamics are established for the existence of stable and asymptotically convergent coder-estimator schemes.",578,20,10.1109/9.623096,https://doi.org/10.1109/9.623096,1.0100
Lef73,Linear stochastic optimal control under information rate constraints,R. Lefever and E. Stear,1973,1973-02-01,International Journal of Control,17,273-284,"The discrete-time, linear, stochastic optimal control problem is considered under information rate constraints on the feedback loop. The feedback loop, including sensor, is modelled as a communication channel which provides a specified amount of information (in the Shannon sense) about the state of the linear plant at each discrete-time instant given the current and past observations and past controls. No further specific structure for the sensor is assumed. The expected value of a positive definite quadratic loss function is used as the performance criterion to be minimized. This leads to a double minimization problem in which the performance criterion is minimized over the set of admissible controls and the set of conditional probability densities for the state given the observations and controls which achieve the specified information. A set of recursion relationships for the solution of this problem is derived using the techniques of calculus of variations and dynamic programming. The solution indicat...",0,,10.1080/00207177308932375,https://doi.org/10.1080/00207177308932375,1.0000
Hay86,Adaptive Filter Theory,S. Haykin,1986,,,,,Background and Overview. 1. Stochastic Processes and Models. 2. Wiener Filters. 3. Linear Prediction. 4. Method of Steepest Descent. 5. Least-Mean-Square Adaptive Filters. 6. Normalized Least-Mean-Square Adaptive Filters. 7. Transform-Domain and Sub-Band Adaptive Filters. 8. Method of Least Squares. 9. Recursive Least-Square Adaptive Filters. 10. Kalman Filters as the Unifying Bases for RLS Filters. 11. Square-Root Adaptive Filters. 12. Order-Recursive Adaptive Filters. 13. Finite-Precision Effects. 14. Tracking of Time-Varying Systems. 15. Adaptive Filters Using Infinite-Duration Impulse Response Structures. 16. Blind Deconvolution. 17. Back-Propagation Learning. Epilogue. Appendix A. Complex Variables. Appendix B. Differentiation with Respect to a Vector. Appendix C. Method of Lagrange Multipliers. Appendix D. Estimation Theory. Appendix E. Eigenanalysis. Appendix F. Rotations and Reflections. Appendix G. Complex Wishart Distribution. Glossary. Abbreviations. Principal Symbols. Bibliography. Index.,7631,189,,https://www.semanticscholar.org/paper/59a26a2d95db9b713c512d96b2a9e1eafb72d312,0.9900
Tan15,LQG Control with Minimal Information: Three-Stage Separation Principle and SDP-based Solution Synthesis,"Takashi Tanaka, Peyman Mohajerin Esfahani, and S. Mitter",2015,2015-10-14,ArXiv,abs/1510.04214,,"In the interest of evaluating an information-theoretic requirement for feedback control, this paper proposes a framework to synthesize a control policy that minimizes Massey’s directed information from the state sequence to the control sequence while attaining required Linear-Quadratic-Gaussian (LQG) control performance. Interpretation and significance of this framework is discussed in the context of networked control theory. As the main result, we show that an optimal control policy can be realized by an attractively simple three-stage decision architecture comprising (1) a linear sensor with additive Gaussian noise, (2) a Kalman filter, and (3) a certainty equivalence controller. This result suggests an integration of two separation principles previously known in the literature: the filter-controller separation principle in the LQG control theory, and the sensorfilter separation principle in zero-delay rate-distortion theory for Gauss-Markov sources. It is also shown that an optimal policy can be synthesized by semidefinite programming (SDP). Both time-varying finite-horizon problems and time-invariant infinitehorizon problems are considered. Our results can be viewed as a generalization of the data-rate theorem for mean-square stability by Nair & Evans, extended for a control performance analysis.",12,1.1,,https://www.semanticscholar.org/paper/daeb13fee5360fff8440d2a3bfc080611c1220dc,0.9800
Guo22,Optimal Causal Rate-Constrained Sampling of the Wiener Process,Nian Guo and V. Kostina,2022,2022-04-01,IEEE Transactions on Automatic Control,67,1776-1791,"We consider the following communication scenario. An encoder causally observes the Wiener process and decides when and what to transmit about it. A decoder estimates the process using causally received codewords in real time. We determine the causal encoding and decoding policies that jointly minimize the mean-square estimation error, under the long-term communication rate constraint of <inline-formula><tex-math notation=""LaTeX"">$R$</tex-math></inline-formula> bits per second. We show that an optimal encoding policy can be implemented as a causal sampling policy followed by a causal compressing policy. We prove that the optimal encoding policy samples the Wiener process once the innovation passes either <inline-formula><tex-math notation=""LaTeX"">$\sqrt{\frac{1}{R}}$</tex-math></inline-formula> or <inline-formula><tex-math notation=""LaTeX"">$-\sqrt{\frac{1}{R}}$</tex-math></inline-formula> and compresses the sign of innovation (SOI) using a 1-bit codeword. The <italic>SOI coding scheme</italic> achieves the operational distortion-rate function, which is equal to <inline-formula><tex-math notation=""LaTeX"">$D^{\mathrm{op}}(R)=\frac{1}{6R}$</tex-math></inline-formula>. Surprisingly, this is significantly better than the distortion-rate tradeoff achieved in the limit of infinite delay by the best noncausal code. This is because the SOI coding scheme leverages the free timing information supplied by the zero-delay channel between the encoder and the decoder. The key to unlocking that gain is the event-triggered nature of the SOI sampling policy. In contrast, the distortion-rate tradeoffs achieved with deterministic sampling policies are much worse: we prove that the causal informational distortion-rate function in that scenario is as high as <inline-formula><tex-math notation=""LaTeX"">$D_{\mathrm{DET}}(R) = \frac{5}{6R}$</tex-math></inline-formula>. It is achieved by the uniform sampling policy with the sampling interval <inline-formula><tex-math notation=""LaTeX"">$\frac{1}{R}$</tex-math></inline-formula>. In either case, the optimal strategy is to sample the process as fast as possible and to transmit 1-bit codewords to the decoder without delay. We show that <italic>the SOI coding scheme</italic> also minimizes the mean-square cost of a continuous-time control system driven by the Wiener process and controlled via rate-constrained impulses.",1,0.2,10.1109/TAC.2021.3071953,https://doi.org/10.1109/TAC.2021.3071953,0.9700
Sol18,Value of Information in Feedback Control: Quantification,"T. Soleymani, J. Baras, and S. Hirche",2018,2018-12-18,IEEE Transactions on Automatic Control,67,3730-3737,"Although transmission of a data packet containing sensory information in a networked control system improves the quality of regulation, it has indeed a price from the communication perspective. It is, therefore, rational that such a data packet be transmitted only if it is valuable in the sense of a cost-benefit analysis. Yet, the fact is that little is known so far about this valuation of information and its connection with traditional event-triggered communication. In the present article, we study this intrinsic property of networked control systems by formulating a rate-regulation trade-off between the packet rate and the regulation cost with an event trigger and a controller as two distributed decision makers, and show that the valuation of information is conceivable and quantifiable grounded on this trade-off. In particular, we characterize an equilibrium in the rate-regulation trade-off, and quantify the value of information <inline-formula><tex-math notation=""LaTeX"">${\rm{VoI}}_k$</tex-math></inline-formula> there as the variation in a so-called value function with respect to a piece of sensory information that can be communicated to the controller at each time <inline-formula><tex-math notation=""LaTeX"">$k$</tex-math></inline-formula>. We prove that, for a multi-dimensional Gauss--Markov process, <inline-formula><tex-math notation=""LaTeX"">${\rm{VoI}}_k$</tex-math></inline-formula> is a symmetric function of the discrepancy between the state estimates at the event trigger and the controller, and that a data packet containing sensory information at time <inline-formula><tex-math notation=""LaTeX"">$k$</tex-math></inline-formula> should be transmitted to the controller only if <inline-formula><tex-math notation=""LaTeX"">${\rm{VoI}}_k$</tex-math></inline-formula> is nonnegative. Moreover, we discuss that <inline-formula><tex-math notation=""LaTeX"">${\rm{VoI}}_k$</tex-math></inline-formula> can be computed with arbitrary accuracy, and that it can be approximated by a closed-form quadratic function with a performance guarantee.",61,8.2,10.1109/TAC.2021.3113472,https://doi.org/10.1109/TAC.2021.3113472,0.9600
Mea86,Optimum rate allocation in quantized control,"C. Meadow, T. Fischer, and J. Gibson",1986,1986-10-01,Optimal Control Applications & Methods,7,377-388,"A linear-quadratic-Gaussian (LQG) delocalized control problem is formulated to require both specification of a control law and communication of measurements to controller and controls to plant. Efficient communication requires quantization of both measurement and control signals. The basic design problem is to allocate in an optimum fashion a fixed total communication rate to the measurement and control communication systems. 
 
 
 
A dynamic communication-rate allocation algorithm is developed on the basis of prediction error and entropy power. As intuitively expected, the rate allocation depends on both the measurement and plant noise powers as well as the overall quadratic performance measure. Solely on the basis of entropy power considerations, a larger rate should be allocated for communication of measurements than for communication of controls.",0,,10.1002/OCA.4660070405,https://doi.org/10.1002/OCA.4660070405,0.9500
Tan14,Semidefinite Programming Approach to Gaussian Sequential Rate-Distortion Trade-Offs,"Takashi Tanaka, Kwang-Ki K. Kim, P. Parrilo, and S. Mitter",2014,2014-11-27,IEEE Transactions on Automatic Control,62,1896-1910,"Sequential rate-distortion (SRD) theory provides a framework for studying the fundamental trade-off between data-rate and data-quality in real-time communication systems. In this paper, we consider the SRD problem for multi-dimensional time-varying Gauss-Markov processes under mean-square distortion criteria. We first revisit the sensor-estimator separation principle, which asserts that considered SRD problem is equivalent to a joint sensor and estimator design problem in which data-rate of the sensor output is minimized while the estimator's performance satisfies the distortion criteria. We then show that the optimal joint design can be performed by semidefinite programming. A semidefinite representation of the corresponding SRD function is obtained. Implications of the obtained result in the context of zero-delay source coding theory and applications to networked control theory are also discussed.",120,10,10.1109/TAC.2016.2601148,https://doi.org/10.1109/TAC.2016.2601148,0.9500
Ran17,Control Capacity,G. Ranade and Anant Sahai,2017,2017-01-16,IEEE Transactions on Information Theory,65,235-254,"Feedback control actively dissipates uncertainty from a dynamical system by means of actuation. We develop a notion of “control capacity” that gives a fundamental limit (in bits) on the rate at which a controller can dissipate the uncertainty from a system, i.e., stabilize to a known fixed point. We give a computable single-letter characterization of control capacity for memoryless stationary scalar multiplicative actuation channels. Control capacity allows us to answer questions of stabilizability for scalar linear systems: a system with actuation uncertainty is stabilizable if and only if the control capacity is larger than the log of the unstable open-loop eigenvalue. For second-moment senses of stability, we recover the classic uncertainty threshold principle result. However, our definition of control capacity can quantify the stabilizability limits for any moment of stability. Our formulation parallels the notion of Shannon’s communication capacity and thus yields both a strong converse and a way to compute the value of side information in control.",0,,10.1109/TIT.2018.2868929,https://doi.org/10.1109/TIT.2018.2868929,0.9400
Ste66,Transmission of an analog signal over a fixed bit-rate channel,K. Steiglitz,1966,1966-10-01,IEEE Trans. Inf. Theory,12,469-474,"The transmission of a nonbandlimited analog signal over a digital channel with a fixed bit-rate is considered. The trade-off between the mean-square error due to quantizing and the mean-square error due to the process of sampling and reconstructing the signal is investigated. Simple approximations to these errors, which are valid in most practical situations, are derived, and simple expressions are obtained from which the optimum sampling interval and number of bits per sample can be calculated. Results for first-, second-, and third-order Butterworth and fiat bandlimited spectra, together with the zero-order hold and the linear point connector, are included. The resulting mean-square error goes to zero with large channel bit-rates in a slower manner than the Shannon limit, which assumes a strictly bandlimited signal and perfect reconstruction.",11,0.2,10.1109/TIT.1966.1053927,https://doi.org/10.1109/TIT.1966.1053927,0.9400
Zha20b,On the Identification of Noise Covariances and Adaptive Kalman Filtering: A New Look at a 50 Year-Old Problem,Lingyi Zhang et al.,2020,2020-01-20,"IEEE access : practical innovations, open solutions",8,59362 - 59388,"The Kalman filter requires knowledge of the noise statistics; however, the noise covariances are generally unknown. Although this problem has a long history, reliable algorithms for their estimation are scant, and necessary and sufficient conditions for identifiability of the covariances are in dispute. We address both of these issues in this paper. We first present the necessary and sufficient condition for unknown noise covariance estimation; these conditions are related to the rank of a matrix involving the auto and cross-covariances of a weighted sum of innovations, where the weights are the coefficients of the minimal polynomial of the closed-loop system transition matrix of a stable, but not necessarily optimal, Kalman filter. We present an optimization criterion and a novel six-step approach based on a successive approximation, coupled with a gradient algorithm with adaptive step sizes, to estimate the steady-state Kalman filter gain, the unknown noise covariance matrices, as well as the state prediction (and updated) error covariance matrix. Our approach enforces the structural assumptions on unknown noise covariances and ensures symmetry and positive definiteness of the estimated covariance matrices. We provide several approaches to estimate the unknown measurement noise covariance $R$ via post-fit residuals, an approach not yet exploited in the literature. The validation of the proposed method on five different test cases from the literature demonstrates that the proposed method significantly outperforms previous state-of-the-art methods. It also offers a number of novel machine learning motivated approaches, such as sequential (one sample at a time) and mini-batch-based methods, to speed up the computations.",98,15,10.1109/ACCESS.2020.2982407,https://doi.org/10.1109/ACCESS.2020.2982407,0.9200
Llo96,Information theoretic tools for stable adaptation and learning,S. Lloyd and J. Slotine,1996,1996-07-01,International Journal of Adaptive Control and Signal Processing,10,499-530,"Lyapunov design has never been systematic. In the adaptive control of complex multi-input non-linear systems, physical considerations, such as conservation of energy or entropy increase, represent one of the major tools in building Lyapunov-like functions and providing stability and performance guarantees. In this paper we show that a physically motivated Lyapunov-like function based on the concept of total information can be derived for large classes of non-linear physical systems. We study how this function may be used for designing estimation, adaptation and learning mechanisms for such systems. In the process we revisit familiar notions such as controllability and observability from an information perspective, which in turns allows us to define 'natural' space-time scales at which to observe and control a given complex system. By formulating control problems in algorithmic form, we emphasize the importance of computability and computational complexity for issues of control. Generic control problems are shown to be NP-hard: each additional complication, such as the presence of noise or the absence of complete system identification, moves the control problem further up the polynomial hierarchy of computational complexity. In some cases, requirements of 'optimality' may be unrealistic or irrelevant, since the solution to the problem of finding the optimal algorithm for control is uncomputable.",10,0.3,10.1002/(SICI)1099-1115(199607)10:4/5<499::AID-ACS397>3.0.CO;2-M,https://doi.org/10.1002/(SICI)1099-1115(199607)10:4/5<499::AID-ACS397>3.0.CO;2-M,0.9100
Sar88,Entropy formulation of optimal and adaptive control,G. Saridis,1988,1988-08-01,IEEE Transactions on Automatic Control,33,713-721,"The use of entropy as the common measure to evaluate the different levels of intelligent machines is reported. At the execution level, the design of the desirable control can be expressed by the uncertainty of selecting the optimal control that minimizes a given performance index. By choosing a density function over the set of admissible controls to minimize the differential control entropy, it can be shown that the optimal control problem is equivalent to the problem of minimization of the assigned entropy function with respect to the association control. The adaptive control problem can be analyzed by considering the same entropy over extended space that includes the uncertain parameters. It is shown that the optimal entropy is decomposed into three terms: the optimal control term with given parameters, the parameter identification term, and the equivocation term which accounts for the active transition of dual control. The equivocation when calculated can serve as a measure of optimality of the adaptive control algorithms that involve only distinct identification and optimal control algorithms. An upper bound can be used instead, when the equivocation is hard to calculate. An example illustrates the method. >",121,3.2,10.1109/9.1287,https://doi.org/10.1109/9.1287,0.9000
Ama00,Natural Gradient Works Eciently in Learning,S. Amari,,,,,,"When a parameter space has a certain underlying structure, the ordinary gradient of a function does not represent its steepest direction but the natural gradient does. Information geometry is used for calculating the natural gradients in the parameter space of perceptrons, the space of matrices (for blind source separation) and the space of linear dynamical systems (for blind source deconvolution). The dynamical behavior of natural gradient on-line learning is analyzed and is proved to be Fisher ecient, implying that it has asymptotically the same performance as the optimal batch estimation of parameters. This suggests that the plateau phenomenon which appears in the backpropagation learning algorithm of multilayer perceptrons might disappear or might be not so serious when the natural gradient is used. An adaptive method of updating the learning rate is proposed and analyzed.",387,387,,https://www.semanticscholar.org/paper/e1c2a2fd6a26947e5bbb8df47e30c1199ab1270d,0.9000
Guo20b,Optimal Causal Rate-Constrained Sampling for a Class of Continuous Markov Processes,Nian Guo and V. Kostina,2020,2020-02-04,IEEE Transactions on Information Theory,67,7876-7890,"Consider the following communication scenario. An encoder observes a stochastic process and causally decides when and what to transmit about it, under a constraint on the expected number of bits transmitted per second. A decoder uses the received codewords to causally estimate the process in real time. The encoder and the decoder are synchronized in time. For a class of continuous Markov processes satisfying regularity conditions, we find the optimal encoding and decoding policies that minimize the end-to-end estimation mean-square error under the rate constraint. We show that the optimal encoding policy transmits a 1-bit codeword once the process innovation passes one of two thresholds. The optimal decoder noiselessly recovers the last sample from the 1-bit codewords and codeword-generating time stamps, and uses it to decide the running estimate of the current process, until the next codeword arrives. In particular, we show the optimal causal code for the Ornstein-Uhlenbeck process and calculate its distortion-rate function. Furthermore, we show that the optimal causal code also minimizes the mean-square cost of a continuous-time control system driven by a continuous Markov process and controlled by an additive control signal.",2,0.3,10.1109/tit.2021.3114142,https://doi.org/10.1109/tit.2021.3114142,0.8900
Bur08,The statistical determinants of adaptation rate in human reaching.,"Johannes Burge, M. Ernst, and M. Banks",2008,2008-04-23,Journal of vision,8 4,"'
          20.1-19
        ","Rapid reaching to a target is generally accurate but also contains random and systematic error. Random errors result from noise in visual measurement, motor planning, and reach execution. Systematic error results from systematic changes in the mapping between the visual estimate of target location and the motor command necessary to reach the target (e.g., new spectacles, muscular fatigue). Humans maintain accurate reaching by recalibrating the visuomotor system, but no widely accepted computational model of the process exists. Given certain boundary conditions, a statistically optimal solution is a Kalman filter. We compared human to Kalman filter behavior to determine how humans take into account the statistical properties of errors and the reliability with which those errors can be measured. For most conditions, human and Kalman filter behavior was similar: Increasing measurement uncertainty caused similar decreases in recalibration rate; directionally asymmetric uncertainty caused different rates in different directions; more variation in systematic error increased recalibration rate. However, behavior differed in one respect: Inserting random error by perturbing feedback position causes slower adaptation in Kalman filters but had no effect in humans. This difference may be due to how biological systems remain responsive to changes in environmental statistics. We discuss the implications of this work.",431,24,10.1167/8.4.20,https://doi.org/10.1167/8.4.20,0.8900
Sin77,Adaptive state estimation for systems with unknown noise covariances,N. Sinha and A. Tom,1977,1977-04-01,International Journal of Systems Science,8,377-384,An adaptive scheme is proposed for obtaining the steady-state Kalman gain matrix for o discrete-time system without a priori knowledge of the noise covariance matrices. It is based on combining an algorithm proposed recently by Carew and Belanger with an algorithm based on stochastic approximation. Results of simulation are given comparing the proposed method with earlier algorithms.,21,0.4,10.1080/00207727708942048,https://doi.org/10.1080/00207727708942048,0.8800
Li17,Information Geometric Approach to Recursive Update in Nonlinear Filtering,"Yubo Li, Yongqiang Cheng, Xiang Li, Xiaoqiang Hua, and Yuliang Qin",2017,2017-01-26,Entropy,19,54,"The measurement update stage in the nonlinear filtering is considered in the viewpoint of information geometry, and the filtered state is considered as an optimization estimation in parameter space has been corresponded with the iteration in the statistical manifold, then a recursive method is proposed in this paper. This method is derived based on the natural gradient descent on the statistical manifold, which constructed by the posterior probability density function (PDF) of state conditional on the measurement. The derivation procedure is processing in the geometric viewpoint, and gives a geometric interpretation for the iteration update. Besides, the proposed method can be seen as an extended for the Kalman filter and its variants. For the one step in our proposed method, it is identical to the Extended Kalman filter (EKF) in the nonlinear case, while traditional Kalman filter in the linear case. Benefited from the natural gradient descent used in the update stage, our proposed method performs better than the existing methods, and the results have showed in the numerical experiments.",8,0.9,10.3390/e19020054,https://doi.org/10.3390/e19020054,0.8800
Li17b,Bayesian Nonlinear Filtering via Information Geometric Optimization,Yubo Li et al.,2017,2017-12-01,Entropy,19,655,"In this paper, Bayesian nonlinear filtering is considered from the viewpoint of information geometry and a novel filtering method is proposed based on information geometric optimization. Under the Bayesian filtering framework, we derive a relationship between the nonlinear characteristics of filtering and the metric tensor of the corresponding statistical manifold. Bayesian joint distributions are used to construct the statistical manifold. In this case, nonlinear filtering can be converted to an optimization problem on the statistical manifold and the adaptive natural gradient descent method is used to seek the optimal estimate. The proposed method provides a general filtering formulation and the Kalman filter, the Extended Kalman filter (EKF) and the Iterated Extended Kalman filter (IEKF) can be seen as special cases of this formulation. The performance of the proposed method is evaluated on a passive target tracking problem and the results demonstrate the superiority of the proposed method compared to various Kalman filter methods.",13,1.5,10.3390/e19120655,https://doi.org/10.3390/e19120655,0.8700
Baz26,Online Generalised Predictive Coding,"Mehran H. Bazargani, Szymon Urbas, Adeel Razi, T. Brendan Murphy, and Karl J. Friston",2026,2026-05-04,,,,"This paper introduces an extension of generalised filtering for online applications. Generalised filtering refers to data assimilation schemes that jointly infer latent states, learn unknown model parameters, and estimate uncertainty in an integrated framework -- e.g., estimate state and observation noise -- at the same time (i.e., triple estimation). This framework appears across disciplines under different names, including variational Kalman-Bucy filtering in engineering, generalised predictive coding in neuroscience, and Dynamic Expectation Maximisation (DEM) in time-series analysis. Here, we specialise DEM for ``online''data assimilation, through a separation of temporal scales. We describe the variational principles and procedures that allow one to assimilate data in a way that allows for a slow updating of parameters and precisions, which contextualise fast Bayesian belief updating about the dynamic hidden states. Using numerical studies, we demonstrate the validity of online DEM (ODEM) using a non-linear -- and potentially chaotic -- generative model, to show that the ODEM scheme can track the latent states of the generative process, even when its functional form differs fundamentally from the dynamics of the generative model. Framed from a neuro-mimetic predictive coding perspective, ODEM offers a biologically inspired solution to online inference, learning, and uncertainty estimation in dynamic environments.",0,,,https://www.semanticscholar.org/paper/be2fd86b7e22d14a4d7e88132a5dec0aa7509e7e,0.8700
Tou01,Information-theoretic approach to the study of control systems,H. Touchette and S. Lloyd,2001,2001-04-02,Physica A-statistical Mechanics and Its Applications,331,140-172,"We propose an information-theoretic framework for analyzing control systems based on the close relationship of controllers to communication channels. A communication channel takes an input state and transforms it into an output state. A controller, similarly, takes the initial state of a system to be controlled and transforms it into a target state. In this sense, a controller can be thought of as an actuation channel that acts on inputs to produce desired outputs. In this transformation process, two different control strategies can be adopted: (i) the controller applies an actuation dynamics that is independent of the state of the system to be controlled (open-loop control); or (ii) the controller enacts an actuation dynamics that is based on some information about the state of the controlled system (closed-loop control). Using this communication channel model of control, we provide necessary and sufficient conditions for a system to be perfectly controllable and perfectly observable in terms of information and entropy. In addition, we derive a quantitative trade-off between the amount of information gathered by a closed-loop controller and its relative performance advantage over an open-loop controller in stabilizing a system. This work supplements earlier results (Phys. Rev. Lett. 84 (2000) 1156) by providing new derivations of the advantage afforded by closed-loop control and by proposing an information-based optimality criterion for control systems. New applications of this approach pertaining to proportional controllers, and the control of chaotic maps are also presented.",209,8.3,10.1016/j.physa.2003.09.007,https://doi.org/10.1016/j.physa.2003.09.007,0.8600
Hua21,Variational Adaptive Kalman Filter With Gaussian-Inverse-Wishart Mixture Distribution,"Yulong Huang, Yonggang Zhang, P. Shi, and J. Chambers",2021,2021-04-01,IEEE Transactions on Automatic Control,66,1786-1793,"In this article, a new variational adaptive Kalman filter with Gaussian-inverse-Wishart mixture distribution is proposed for a class of linear systems with both partially unknown state and measurement noise covariance matrices. The state transition and measurement likelihood probability density functions are described by a Gaussian-inverse-Wishart mixture distribution and a Gaussian-inverse-Wishart distribution, respectively. The system state vector together with the state noise covariance matrix and the measurement noise covariance matrix are jointly estimated based on the derived hierarchical Gaussian model. Examples are provided to demonstrate the effectiveness and potential of the developed new filtering design techniques.",91,18,10.1109/TAC.2020.2995674,https://doi.org/10.1109/TAC.2020.2995674,0.8600
Wei09b,Relevance of error: what drives motor adaptation?,Kunlin Wei and Konrad Paul Kording,2009,2009-02-01,Journal of neurophysiology,101 2,"'
          655-64
        ","During motor adaptation the nervous system constantly uses error information to improve future movements. Today's mainstream models simply assume that the nervous system adapts linearly and proportionally to errors. However, not all movement errors are relevant to our own action. The environment may transiently disturb the movement production-for example, a gust of wind blows the tennis ball away from its intended trajectory. Apparently the nervous system should not adapt its motor plan in the subsequent tennis strokes based on this irrelevant movement error. We hypothesize that the nervous system estimates the relevance of each observed error and adapts strongly only to relevant errors. Here we present a Bayesian treatment of this problem. The model calculates how likely an error is relevant to the motor plant and derives an ideal adaptation strategy that leads to the most precise movements. This model predicts that adaptation should be a nonlinear function of the size of an error. In reaching experiments we found strong evidence for the predicted nonlinear strategy. The model also explains published data on saccadic gain adaptation, adaptation to visuomotor rotations, and force perturbations. Our study suggests that the nervous system constantly and effortlessly estimates the relevance of observed movement errors for successful motor adaptation.",398,23,10.1152/jn.90545.2008,https://doi.org/10.1152/jn.90545.2008,0.8500
Vil20,Stochastic Online Optimization using Kalman Recursion,Joseph de Vilmarest and Olivier Wintenberger,2020,2020-02-07,J. Mach. Learn. Res.,22,223:1-223:55,"We study the Extended Kalman Filter in constant dynamics, offering a bayesian perspective of stochastic optimization. We obtain high probability bounds on the cumulative excess risk in an unconstrained setting. The unconstrained challenge is tackled through a two-phase analysis. First, for linear and logistic regressions, we prove that the algorithm enters a local phase where the estimate stays in a small region around the optimum. We provide explicit bounds with high probability on this convergence time. Second, for generalized linear regressions, we provide a martingale analysis of the excess risk in the local phase, improving existing ones in bounded stochastic optimization. The EKF appears as a parameter-free O(d^2) online algorithm that optimally solves some unconstrained optimization problems.",9,1.4,,https://www.semanticscholar.org/paper/cfe373d89fe9ab88db055a8f792ecbc332a1910c,0.8500
Deh17,Intrinsically Bayesian Robust Kalman Filter: An Innovation Process Approach,Roozbeh Dehghannasiri and M. S. Esfahani,2017,2017-05-15,IEEE Transactions on Signal Processing,65,2531-2546,,47,5.2,10.1109/TSP.2017.2656845,https://doi.org/10.1109/TSP.2017.2656845,0.8400
Ama01,Natural Gradient Learning and its Applications,S. Amari,2001,2001-08-29,,,,,0,,,https://www.semanticscholar.org/paper/401912ee540e54f6c978293f62edee26417d6934,0.8400
Fen97,Optimal state estimation for stochastic systems: an information theoretic approach,"Xiangbo Feng, K. Loparo, and Yuguang Fang",1997,1997-06-01,IEEE Trans. Autom. Control.,42,771-785,"In this paper, we examine the problem of optimal state estimation or filtering in stochastic systems using an approach based on information theoretic measures. In this setting, the traditional minimum mean-square measure is compared with information theoretic measures, Kalman filtering theory is reexamined, and some new interpretations are offered. We show that for a linear Gaussian system, the Kalman filter is the optimal filter not only for the mean-square error measure, but for several information theoretic measures which are introduced in this work. For nonlinear systems, these same measures generally are in conflict with each other, and the feedback control policy has a dual role with regard to regulation and estimation. For linear stochastic systems with general noise processes, a lower bound on the achievable mutual information between the estimation error and the observation are derived. The properties of an optimal (probing) control law and the associated optimal filter, which achieve this lower bound, and their relationships are investigated. It is shown that for a linear stochastic system with an affine linear filter for the homogeneous system, under some reachability and observability conditions, zero mutual information between estimation error and observations can be achieved only when the system is Gaussian.",64,2.2,10.1109/9.587329,https://doi.org/10.1109/9.587329,0.8300
Ste72,Stochastic Optimal Control with a Constrained Feedback Information Rate,E. Stear and R. Lefevre,1972,1972-06-01,IFAC Proceedings Volumes,5,411-416,,0,,10.1016/S1474-6670(17)68363-0,https://doi.org/10.1016/S1474-6670(17)68363-0,0.8300
Hum12,A Fresh Look at the Kalman Filter,"J. Humpherys, Preston Redd, and J. West",2012,2012-11-08,SIAM Rev.,54,801-823,"In this paper, we discuss the Kalman filter for state estimation in noisy linear discrete-time dynamical systems. We give an overview of its history, its mathematical and statistical formulations, and its use in applications. We describe a novel derivation of the Kalman filter using Newton's method for root finding. This approach is quite general as it can also be used to derive a number of variations of the Kalman filter, including recursive estimators for both prediction and smoothing, estimators with fading memory, and the extended Kalman filter for nonlinear systems.",143,11,10.1137/100799666,https://doi.org/10.1137/100799666,0.8200
Kim25,"Causal inference, prediction and state estimation in sensorimotor learning","Hyosub E. Kim, Romeo Chua, and Davin Hu",2025,2025-08-01,Proceedings of the Royal Society B: Biological Sciences,292,,"The sensorimotor system must constantly decide which errors to learn from and which to ignore. Recent work has shown that humans are remarkably precise in parsing movement errors into internally and externally generated components for this purpose: participants automatically ignore internally generated reaching errors caused by motor noise, yet implicitly adapt to size-matched externally generated errors caused by visual perturbations. Following replication of these results with 16 neurotypical adults, we formalized our understanding of this behaviour with a novel Bayesian decision-making model. The Parsing of Internal and External Causes of Error (PIECE) model frames adaptation as a process of causal inference regarding the source of error, with the magnitude of motor corrections reflecting a combination of state estimation and the observer’s degree-of-belief that their movement was externally perturbed. Thus, PIECE challenges current computational theories that posit adaptation as a process of re-aligning the perceived hand position with the movement goal. When formally compared with three representative models of this hand-to-target alignment view, we show that only PIECE can capture the precise parsing of internal versus external errors observed. Combined, this work provides a normative explanation of how the nervous system discounts intrinsic motor noise and adapts to perturbations, keeping movements finely calibrated.",0,,10.1098/rspb.2025.1320,https://doi.org/10.1098/rspb.2025.1320,0.8200
Kos16b,Rate-cost tradeoffs in control,V. Kostina and B. Hassibi,2016,2016-09-01,"2016 54th Annual Allerton Conference on Communication, Control, and Computing (Allerton)",,1157-1164,"Consider a distributed control problem with a communication channel connecting the observer of a linear stochastic system to the controller. The goal of the controller is minimize a quadratic cost function. The most basic special case of that cost function is the mean-square deviation of the system state from the desired state. We study the fundamental tradeoff between the communication rate r bits/sec and the limsup of the expected cost b, and show a lower bound on the rate necessary to attain b. The bound applies as long as the system noise has a probability density function. If target cost b is not too large, that bound can be closely approached by a simple lattice quantization scheme that only quantizes the innovation, that is, the difference between the controller's belief about the current state and the true state.",169,17,10.1109/ALLERTON.2016.7852366,https://doi.org/10.1109/ALLERTON.2016.7852366,0.8000
Gom18,The decoupled extended Kalman filter for dynamic exponential-family factorization models,C. Gomez-Uribe and B. Karrer,2018,2018-06-26,ArXiv,abs/1806.09976,,"We specialize the decoupled extended Kalman filter (DEKF) for online parameter learning in factorization models, including factorization machines, matrix and tensor factorization, and illustrate the effectiveness of the approach through simulations. Learning model parameters through the DEKF makes factorization models more broadly useful by allowing for more flexible observations through the entire exponential family, modeling parameter drift, and producing parameter uncertainty estimates that can enable explore/exploit and other applications. We use a more general dynamics of the parameters than the standard DEKF, allowing parameter drift while encouraging reasonable values. We also present an alternate derivation of the regular extended Kalman filter and DEKF that connects these methods to natural gradient methods, and suggests a similarly decoupled version of the iterated extended Kalman filter.",7,0.9,,https://www.semanticscholar.org/paper/14064f97eb6711ce80a311932d492c4ed446197a,0.8000
Opp96,On-line versus Off-line Learning from Random Examples: General Results.,Manfred Opper,1996,1996-11-25,Physical review letters,77 22,"'
          4671-4674
        ","I propose a general model of on-line learning from random examples which, when applied to a smooth realizable stochastic rule, yields the same asymptotic generalization error rate as optimal batch algorithms. The approach is based on an iterative Gaussian approximation to the posterior Gibbs distribution of rule parameters.",55,1.9,10.1103/PHYSREVLETT.77.4671,https://doi.org/10.1103/PHYSREVLETT.77.4671,0.7800
Sol21,Value of Information in Feedback Control: Global Optimality,"T. Soleymani, J. Baras, S. Hirche, and K. Johansson",2021,2021-03-25,IEEE Transactions on Automatic Control,68,3641-3647,"The rate-regulation tradeoff, defined between two objective functions, one penalizing the packet rate and one the regulation cost, can express the fundamental performance bound of networked control systems. However, the characterization of the set of globally optimal solutions in this tradeoff for multidimensional Gauss–Markov processes has been an open problem. In this article, we characterize a policy profile that belongs to this set without imposing any restrictions on the information structure or the policy structure. We prove that such a policy profile consists of a symmetric threshold triggering policy based on the value of information and a certainty-equivalent control policy based on a non-Gaussian linear estimator. These policies are deterministic and can be designed separately. Besides, we provide a global optimality analysis for the value of information <inline-formula><tex-math notation=""LaTeX"">$\mathbf{{VoI}}_{{\boldsymbol{k}}}$</tex-math></inline-formula>, a semantic metric that emerges from the rate-regulation tradeoff as the difference between the benefit and the cost of a data packet. We prove that it is globally optimal that a data packet containing sensory information at time <inline-formula><tex-math notation=""LaTeX"">${\boldsymbol{k}}$</tex-math></inline-formula> be transmitted to the controller only if <inline-formula><tex-math notation=""LaTeX"">$\mathbf{{VoI}}_{{\boldsymbol{k}}}$</tex-math></inline-formula> becomes nonnegative. These findings have important implications in the areas of communication and control.",39,7.6,10.1109/TAC.2022.3194125,https://doi.org/10.1109/TAC.2022.3194125,0.7800
Wid62,Rate of Adaptation in Control Systems,B. Widrow,1962,1962-09-01,ARS Journal,32,1378-1385,"Adaptive control systems are capable of giving near opt imum performance in the face of changing input command and noise characteristics, changing dynamics of the controlled processes, and changing goal or mission requirements. The principles of feedback control are used by the adaptation mechanism to control the structure of systems. The quality of adaptation is given by the system ""misadjustment ,"" the ratio of the mean increase in mean square error (from adjustments based on finite statistical data) divided by the minimum mean square error. A control system can adapt to a major change in process statistics in about 10 times the impulse response time of the system itself, with a misadjustment of only 20%. Faster adaptation is possible with patternrecognizing adaptive control systems tha t use longer term experiences. Pattern-recognizing niters may be composed of adaptive Adaline ""neurons ."" A new electric circuit element called the ""memistor"" (a resistor with memory) has been devised to facilitate the realization of the Adaline neuron. It is a compact rugged electrochemical element whose resistance can be controlled reversibly by electroplating. The experiences of the neuron are stored in resistance values in a simple and directly usable form.",3,0.0,10.2514/8.6293,https://doi.org/10.2514/8.6293,0.7700
Li94,A recursive multiple model approach to noise identification,X. Li and Y. Bar-Shalom,1994,1994-07-01,IEEE Transactions on Aerospace and Electronic Systems,30,671-684,"Correct knowledge of noise statistics is essential for an estimator or controller to have reliable performance. In practice, however, the noise statistics are unknown or not known perfectly and thus need to be identified. Previous work on noise identification is limited to stationary noise and noise with slowly varying statistics only. An approach is presented here that is valid for nonstationary noise with rapidly or slowly varying statistics as well as stationary noise. This approach is based on the estimation with multiple hybrid system models. As one of the most cost-effective estimation schemes for hybrid system, the interacting multiple model (IMM) algorithm is used in this approach. The IMM algorithm has two desirable properties: it is recursive and has fixed computational requirements per cycle. The proposed approach is evaluated via a number of representative examples by both Monte Carlo simulations and a nonsimulation technique of performance prediction developed by the authors recently. The application of the proposed approach to failure detection is also illustrated. >",187,5.9,10.1109/7.303738,https://doi.org/10.1109/7.303738,0.7600
Cea14,On the Control Rate versus Quantizer-Resolution Trade Off in Networked Control,"M. Cea, G. Goodwin, A. Feuer, and D. Mayne",2014,,IFAC Proceedings Volumes,47,10343-10348,"Abstract This paper addresses the control-rate versus quantizer-resolution trade-off in networked control. The case presented considers the situation where the bit rate between controller and plant is constrained to a fixed number of bits per unit of time and an underlying fixed fast sampling rate is deployed to take measurements. However, a variable control update rate can be used between the controller and the plant. Inspired by the practical problem of inner loop power control in WCDMA, we assume the plant is an integrator. This assumption covers more general plants when fast sampling is used. Also, a restricted architecture in which linear filters are used for the encoder/decoder is considered and a quantizer with linear feedback is deployed. These choices give maximal insights into the underlying problem. It is shown that, in this case, it is best to use one bit per sample, in which case, the control update frequency is equal to the bit rate.",1,0.1,10.3182/20140824-6-ZA-1003.00827,https://doi.org/10.3182/20140824-6-ZA-1003.00827,0.7600
Dau09,Variational Bayesian identification and prediction of stochastic nonlinear dynamic causal models,"J. Daunizeau, Karl J. Friston, and S. Kiebel",2009,2009-11-01,Physica D. Nonlinear Phenomena,238,2089 - 2118,"In this paper, we describe a general variational Bayesian approach for approximate inference on nonlinear stochastic dynamic models. This scheme extends established approximate inference on hidden-states to cover: (i) nonlinear evolution and observation functions, (ii) unknown parameters and (precision) hyperparameters and (iii) model comparison and prediction under uncertainty. Model identification or inversion entails the estimation of the marginal likelihood or evidence of a model. This difficult integration problem can be finessed by optimising a free-energy bound on the evidence using results from variational calculus. This yields a deterministic update scheme that optimises an approximation to the posterior density on the unknown model variables. We derive such a variational Bayesian scheme in the context of nonlinear stochastic dynamic hierarchical models, for both model identification and time-series prediction. The computational complexity of the scheme is comparable to that of an extended Kalman filter, which is critical when inverting high dimensional models or long time-series. Using Monte-Carlo simulations, we assess the estimation efficiency of this variational Bayesian approach using three stochastic variants of chaotic dynamic systems. We also demonstrate the model comparison capabilities of the method, its self-consistency and its predictive power.",197,12,10.1016/J.PHYSD.2009.08.002,https://doi.org/10.1016/J.PHYSD.2009.08.002,0.7400
Lam20,Information Rate in Humans during Visuomotor Tracking,Sze-Ying Lam and A. Zénon,2020,2020-12-21,Entropy,23,,"While previous studies of human information rate focused primarily on discrete forced-choice tasks, we extend the scope of the investigation to the framework of sensorimotor tracking of continuous signals. We show how considering information transfer in this context sheds new light on the problem; crucially, such an analysis requires one to consider and carefully disentangle the effects due to real-time information processing of surprising inputs (feedback component) from the contribution to performance due to prediction (feedforward component). We argue that only the former constitutes a faithful representation of the true information processing rate. We provide information-theoretic measures which separately quantify these components and show that they correspond to a decomposition of the total information shared between target and tracking signals. We employ a linear quadratic regulator model to provide evidence for the validity of the measures, as well as of the estimator of visual-motor delay (VMD) from experimental data, instrumental to compute them in practice. On experimental tracking data, we show that the contribution of prediction as computed by the feedforward measure increases with the predictability of the signal, confirming previous findings. Importantly, we further find the feedback component to be modulated by task difficulty, with higher information transmission rates observed with noisier signals. Such opposite trends between feedback and feedforward point to a tradeoff of cognitive resources/effort and performance gain. Author summary Previous investigations concluded that the human brain’s information processing rate remains fundamentally constant, irrespective of task demands. However, their conclusion rested in analyses of simple discrete-choice tasks. The present contribution recasts the question of human information rate within the context of visuomotor tasks, which provides a more ecologically relevant arena, albeit a more complex one. We argue that, while predictable aspects of inputs can be encoded virtually free of charge, real-time information transfer should be identified with the processing of surprises. We formalise this intuition by deriving from first principles a decomposition of the total information shared by inputs and outputs into a feedforward, predictive component and a feedback, error-correcting component. We find that the information measured by the feedback component, a proxy for the brain’s information processing rate, scales with the difficulty of the task at hand, in agreement with cost-benefit models of cognitive effort.",5,0.9,10.3390/e23020228,https://doi.org/10.3390/e23020228,0.7400
Syk02,Adaptive Classification by Variational Kalman Filtering,P. Sykacek and S. Roberts,2002,,Neural Information Processing Systems,,737-744,"We propose in this paper a probabilistic approach for adaptive inference of generalized nonlinear classification that combines the computational advantage of a parametric solution with the flexibility of sequential sampling techniques. We regard the parameters of the classifier as latent states in a first order Markov process and propose an algorithm which can be regarded as variational generalization of standard Kalman filtering. The variational Kalman filter is based on two novel lower bounds that enable us to use a non-degenerate distribution over the adaptation rate. An extensive empirical evaluation demonstrates that the proposed method is capable of infering competitive classifiers both in stationary and non-stationary environments. Although we focus on classification, the algorithm is easily extended to other generalized nonlinear models.",30,1.2,,https://www.semanticscholar.org/paper/0563508c86f05e2904c4c60713e0d1a70a8dd00f,0.7400
Kor06,Multiple timescales and uncertainty in motor adaptation,"Konrad Paul Kording, J. Tenenbaum, and R. Shadmehr",2006,2006-12-04,Neural Information Processing Systems,,745-752,"Our motor system changes due to causes that span multiple timescales. For example, muscle response can change because of fatigue, a condition where the disturbance has a fast timescale or because of disease where the disturbance is much slower. Here we hypothesize that the nervous system adapts in a way that reflects the temporal properties of such potential disturbances. According to a Bayesian formulation of this idea, movement error results in a credit assignment problem: what timescale is responsible for this disturbance? The adaptation schedule influences the behavior of the optimal learner, changing estimates at different timescales as well as the uncertainty. A system that adapts in this way predicts many properties observed in saccadic gain adaptation. It well predicts the timecourses of motor adaptation in cases of partial sensory deprivation and reversals of the adaptation direction.",9,0.5,10.7551/mitpress/7503.003.0098,https://doi.org/10.7551/mitpress/7503.003.0098,0.7300
Cha21c,Variational Bayesian adaptation of process noise covariance matrix in Kalman filtering,"G. Chang, Chao Chen, Qiuzhao Zhang, and Shubi Zhang",2021,2021-03-04,J. Frankl. Inst.,358,3980-3993,"Abstract Adaptive Kalman filtering with unknown constant or varying process noise covariance matrix is studied. A resolution is proposed to directly estimate or tune the process noise covariance matrix in Kalman filtering using variational Bayesian technique. By state augmentation, conjugacy of the process noise covariance matrix's inverse-Wishart distribution is realized in the estimation at each time instant. The methodological development is given. Illustration examples are presented to demonstrate the improved state filtering performance and the process noise covariance tracking performance of the new method.",40,7.7,10.1016/J.JFRANKLIN.2021.02.037,https://doi.org/10.1016/J.JFRANKLIN.2021.02.037,0.7200
Kos16,Rate-cost tradeoffs in control. Part I: lower bounds,V. Kostina and B. Hassibi,2016,2016-12-07,ArXiv,abs/1612.02126,,"Consider a distributed control problem with a communication channel connecting the observer of a linear stochastic system to the controller. The goal of the controller is to minimize a quadratic cost function in the state variables and control signal, known as the linear quadratic regulator (LQR). We study the fundamental tradeoff between the communication rate r bits/sec and the limsup of the expected cost b. We obtain a lower bound on a certain cost function, which quantifies the minimum mutual information between the channel input and output, given the past, that is compatible with a target LQR cost. The rate-cost function has operational significance in multiple scenarios of interest: among other, it allows us to lower bound the minimum communication rate for fixed and variable length quantization, and for control over a noisy channel. Our results extend and generalize an earlier explicit expression, due to Tatikonda el al., for the scalar Gaussian case to the vector, non-Gaussian, and partially observed one. The bound applies as long as the system noise has a probability density function. Apart from standard dynamic programming arguments, our proof technique leverages the Shannon lower bound on the rate-distortion function and proposes new estimates for information measures of linear combinations of random vectors.",2,0.2,,https://www.semanticscholar.org/paper/d3835bce423de4e4e1efd773cedf9057d88ad284,0.7200
Cos20c,Neural Dynamics under Active Inference: Plausibility and Efficiency of Information Processing,"Lancelot Da Costa, Thomas Parr, B. Sengupta, and Karl J. Friston",2020,2020-01-22,Entropy,23,,"Active inference is a normative framework for explaining behaviour under the free energy principle—a theory of self-organisation originating in neuroscience. It specifies neuronal dynamics for state-estimation in terms of a descent on (variational) free energy—a measure of the fit between an internal (generative) model and sensory observations. The free energy gradient is a prediction error—plausibly encoded in the average membrane potentials of neuronal populations. Conversely, the expected probability of a state can be expressed in terms of neuronal firing rates. We show that this is consistent with current models of neuronal dynamics and establish face validity by synthesising plausible electrophysiological responses. We then show that these neuronal dynamics approximate natural gradient descent, a well-known optimisation algorithm from information geometry that follows the steepest descent of the objective in information space. We compare the information length of belief updating in both schemes, a measure of the distance travelled in information space that has a direct interpretation in terms of metabolic cost. We show that neural dynamics under active inference are metabolically efficient and suggest that neural representations in biological agents may evolve by approximating steepest descent in information space towards the point of optimal inference.",40,6.3,10.3390/e23040454,https://doi.org/10.3390/e23040454,0.7200
Moe22,Uncertainty–guided learning with scaled prediction errors in the basal ganglia,"Moritz Moeller, S. Manohar, and R. Bogacz",2022,2022-01-11,PLoS Computational Biology,18,,"To accurately predict rewards associated with states or actions, the variability of observations has to be taken into account. In particular, when the observations are noisy, the individual rewards should have less influence on tracking of average reward, and the estimate of the mean reward should be updated to a smaller extent after each observation. However, it is not known how the magnitude of the observation noise might be tracked and used to control prediction updates in the brain reward system. Here, we introduce a new model that uses simple, tractable learning rules that track the mean and standard deviation of reward, and leverages prediction errors scaled by uncertainty as the central feedback signal. We provide a normative analysis, comparing the performance of the new model with that of conventional models in a value tracking task. We find that the new model has an advantage over conventional models when tested across various levels of observation noise. Further, we propose a possible biological implementation of the model in the basal ganglia circuit. The scaled prediction error feedback signal is consistent with experimental findings concerning dopamine prediction error scaling relative to reward magnitude, and the update rules are found to be consistent with many features of striatal plasticity. Our results span across the levels of implementation, algorithm, and computation, and might have important implications for understanding the dopaminergic prediction error signal and its relation to adaptive and effective learning. Author Summary The basal ganglia system is a collection of subcortical nuclei in the mammalian brain. This system and its dopaminergic inputs are associated with learning from rewards. Here, dopamine is thought to signal errors in reward prediction. The structure and function of the basal ganglia system are not fully understood yet—for example, the basal ganglia are split into two antagonistic pathways, but the reason for this split and the role of the two pathways are unknown. Further, it has been found that under some circumstances, rewards of different sizes lead to dopamine responses of similar size, which cannot be explained with the reward prediction error theory. Here, we propose a new model of learning in the basal ganglia—the scaled prediction error model. According to our model, both reward average and reward uncertainty are tracked and represented in the two basal ganglia pathways. The learned reward uncertainty is then used to scale dopaminergic reward prediction errors, which effectively renders learning adaptive to reward noise. We show that such learning is more robust than learning from unscaled prediction errors and that it explains several physiological features of the basal ganglia system.",8,1.8,10.1371/journal.pcbi.1009816,https://doi.org/10.1371/journal.pcbi.1009816,0.7100
Bal21,Kalman filters as the steady-state solution of gradient descent on variational free energy,M. Baltieri and Takuya Isomura,2021,2021-11-20,ArXiv,abs/2111.10530,,"The Kalman filter is an algorithm for the estimation of hidden variables in dynamical systems under linear Gauss-Markov assumptions with widespread applications across different fields. Recently, its Bayesian interpretation has received a growing amount of attention especially in neuroscience, robotics and machine learning. In neuroscience, in particular, models of perception and control under the banners of predictive coding, optimal feedback control, active inference and more generally the so-called Bayesian brain hypothesis, have all heavily relied on ideas behind the Kalman filter. Active inference, an algorithmic theory based on the free energy principle, specifically builds on approximate Bayesian inference methods proposing a variational account of neural computation and behaviour in terms of gradients of variational free energy. Using this ambitious framework, several works have discussed different possible relations between free energy minimisation and standard Kalman filters. With a few exceptions, however, such relations point at a mere qualitative resemblance or are built on a set of very diverse comparisons based on purported differences between free energy minimisation and Kalman filtering. In this work, we present a straightforward derivation of Kalman filters consistent with active inference via a variational treatment of free energy minimisation in terms of gradient descent. The approach considered here offers a more direct link between models of neural dynamics as gradient descent and standard accounts of perception and decision making based on probabilistic inference, further bridging the gap between hypotheses about neural implementation and computational principles in brain and behavioural sciences.",6,1.3,,https://www.semanticscholar.org/paper/e8b97e604cbc2a9430fcb017133491d3d4d2d50c,0.7000
Yu22,Adaptive Kalman Filtering for Recursive Both Additive Noise and Multiplicative Noise,Xingkai Yu and Jian-xun Li,2022,2022-06-01,IEEE Transactions on Aerospace and Electronic Systems,58,1634-1649,"This article focuses on the adaptive Kalman filtering problem for linear systems with unknown covariances of both dynamic multiplicative noise (multiplicative measurement noise) and additive noises (additive process and measurement noises). A recursive-noise adaptive Kalman filter is proposed to estimate both states and covariances of noises by using the variational Bayesian (VB) inference and an indirect method. First, we characterize inverse Wishart priors for both measurement noise covariance and process noise covariance and employ the Student’s t-distribution to represent the likelihood function, which is non-Gaussian and affected by mixing multiplicative noise and additive measurement noise. Then, an adaptive Kalman filtering for recursive both noise covariance matrices and dynamic state is proposed following VB inference. Performance analysis for VB procedures and the proposed filter is provided to ensure the convergence and stability. A target tracking example is provided to validate the effectiveness of the proposed filtering algorithm.",32,8.1,10.1109/taes.2021.3117896,https://doi.org/10.1109/taes.2021.3117896,0.7000
Dru18,Learning optimal decisions with confidence,"Jan Drugowitsch, André G. Mendonça, Z. Mainen, and A. Pouget",2018,2018-01-07,Proceedings of the National Academy of Sciences,116,24872 - 24880,"Significance Popular models for the trade-off between speed and accuracy of everyday decisions usually assume fixed, low-dimensional sensory inputs. In contrast, in the brain, these inputs are distributed across larger populations of neurons, and their interpretation needs to be learned from feedback. We ask how such learning could occur and demonstrate that efficient learning is significantly modulated by decision confidence. This modulation predicts a particular dependency pattern between consecutive choices and provides insight into how a priori biases for particular choices modulate the mechanisms leading to efficient decisions in these models. Diffusion decision models (DDMs) are immensely successful models for decision making under uncertainty and time pressure. In the context of perceptual decision making, these models typically start with two input units, organized in a neuron–antineuron pair. In contrast, in the brain, sensory inputs are encoded through the activity of large neuronal populations. Moreover, while DDMs are wired by hand, the nervous system must learn the weights of the network through trial and error. There is currently no normative theory of learning in DDMs and therefore no theory of how decision makers could learn to make optimal decisions in this context. Here, we derive such a rule for learning a near-optimal linear combination of DDM inputs based on trial-by-trial feedback. The rule is Bayesian in the sense that it learns not only the mean of the weights but also the uncertainty around this mean in the form of a covariance matrix. In this rule, the rate of learning is proportional (respectively, inversely proportional) to confidence for incorrect (respectively, correct) decisions. Furthermore, we show that, in volatile environments, the rule predicts a bias toward repeating the same choice after correct decisions, with a bias strength that is modulated by the previous choice’s difficulty. Finally, we extend our learning rule to cases for which one of the choices is more likely a priori, which provides insights into how such biases modulate the mechanisms leading to optimal decisions in diffusion models.",68,8.1,10.1073/pnas.1906787116,https://doi.org/10.1073/pnas.1906787116,0.7000
Par17,"Uncertainty, epistemics and active inference",Thomas Parr and Karl J. Friston,2017,2017-11-01,Journal of the Royal Society Interface,14,,"Biological systems—like ourselves—are constantly faced with uncertainty. Despite noisy sensory data, and volatile environments, creatures appear to actively maintain their integrity. To account for this remarkable ability to make optimal decisions in the face of a capricious world, we propose a generative model that represents the beliefs an agent might possess about their own uncertainty. By simulating a noisy and volatile environment, we demonstrate how uncertainty influences optimal epistemic (visual) foraging. In our simulations, saccades were deployed less frequently to regions with a lower sensory precision, while a greater volatility led to a shorter inhibition of return. These simulations illustrate a principled explanation for some cardinal aspects of visual foraging—and allow us to propose a correspondence between the representation of uncertainty and ascending neuromodulatory systems, complementing that suggested by Yu & Dayan (Yu & Dayan 2005 Neuron 46, 681–692. (doi:10.1016/j.neuron.2005.04.026)).",229,27,10.1098/rsif.2017.0376,https://doi.org/10.1098/rsif.2017.0376,0.6900
Ama98b,Why natural gradient?,S. Amari and S. Douglas,1998,1998-05-12,"Proceedings of the 1998 IEEE International Conference on Acoustics, Speech and Signal Processing, ICASSP '98 (Cat. No.98CH36181)",2,1213-1216 vol.2,,197,7.0,10.1109/ICASSP.1998.675489,https://doi.org/10.1109/ICASSP.1998.675489,0.6700
Wan18,Kalman filtering through the feedback adaption of prior error covariance,"Jiaolong Wang, Jihe Wang, Dexin Zhang, Xiaowei Shao, and Guozhong Chen",2018,2018-11-01,Signal Process.,152,47-53,"Abstract For Kalman filtering problems with inaccurate or mismatched process noise statistics, through proposing the feedback excavation based covariance adaption scheme, this paper elaborates a new adaptive Kalman filter for linear time-invariant systems. To relief Kalman theory's requirement on the accurate and a priori knowledge about process noise statistics, the original covariance prediction step of Kalman filter is removed in the new approach; instead, with proposed covariance adaption scheme, the prior error covariance is directly reconstructed through online excavating posterior sequence, which is also the main innovation of this work. Since the process noise covariance is not used in the new adaption scheme, the negative influence of mismatched noise statistics can be significantly reduced in proposed adaptive Kalman filter. In addition, the positive semi-definiteness of the online adapted prior error covariance is mathematically guaranteed in the new adaption scheme without imposing extra computational cost. The new approach's advantages in filtering adaptability, accuracy and simplicity are demonstrated using numerical simulations of an object tracking scenario.",40,5.3,10.1016/J.SIGPRO.2018.05.011,https://doi.org/10.1016/J.SIGPRO.2018.05.011,0.6700
Gat18,Latency-Reliability Tradeoffs for State Estimation,"Konstantinos Gatsis, Hamed Hassani, and George Pappas",2018,2018-10-28,IEEE Transactions on Automatic Control,66,1009-1023,"The emerging interest in low-latency high-reliability applications, such as connected vehicles, necessitates a new abstraction between communication and control. Thanks to advances in cyber-physical systems over the past decades, we understand this interface for classical bit-rate models of channels as well as packet-loss-type channels. This article proposes a new abstraction characterized as a tradeoff curve between latency, reliability, and rate. Our aim is to understand—do we (control engineers) prefer faster but less reliable communications (with shorter codes), or slower but more reliable communications (with longer codes)? In this article, we examine the tradeoffs between latency and reliability for the problem of estimating dynamical systems over communication channels. Employing different latency-reliability curves derived from practical coding schemes, we develop a cross-layer design methodology, i.e., select the code length depending on the system dynamics to optimize system performance.",25,3.3,10.1109/TAC.2020.2992563,https://doi.org/10.1109/TAC.2020.2992563,0.6700
Hef66,The effect of erroneous models on the Kalman filter response,H. Heffes,1966,1966-07-01,IEEE Transactions on Automatic Control,11,541-543,"The optimal filtering equations, as derived by Kalman [1], [2], require the specification of a number of models for a given application. This paper concerns itself with the effect of errors in the assumed models on the filter response. The types of errors considered are those in the covariance of the initial state vector, the covariance of the stochastic inputs to the system, and the covariance of the uncorrelated measurement noise. Presented here is a derivation of a recursive equation for the actual covariance matrix of the estimation error when the filter design is based upon erroneous models. The derived equation can also be used to obtain the covariance matrix of the estimation error when the optimal filter gains are approximated by simple functions of time to be used in a real-time filtering application. A numerical example illustrates the use of the derived equations.",196,3.3,10.1109/TAC.1966.1098392,https://doi.org/10.1109/TAC.1966.1098392,0.6600
Wan00,Nonlinear estimation and modeling of noisy time series by dual kalman filtering methods,E. Wan and Alex T. Nelson,2000,,,,,"Numerous applications require either the estimation or prediction of a noisy time-series. Examples include speech enhancement, economic forecasting, and geophysical modeling. A noisy time-series can be described in terms of a probabilistic model, which accounts for both the deterministic and stochastic components of the dynamics. Such a model can be used with a Kalman filter (or extended Kalman filter) to estimate and predict the time-series from noisy measurements. When the model is unknown, it must be estimated as well; dual estimation refers to the problem of estimating both the time-series, and its underlying probabilistic model, from noisy data. The majority of dual estimation techniques in the literature are for signals described by linear models, and many are restricted to off-line application domains. Using a probabilistic approach to dual estimation, this work unifies many of the approaches in the literature within a common theoretical and algorithmic framework, and extends their capabilities to include sequential dual estimation of both linear and nonlinear signals. The dual Kalman filtering method is developed as a method for minimizing a variety of dual estimation cost functions, and is shown to be an effective general method for estimating the signal, model parameters, and noise variances in both on-line and off-line environments.",116,4.4,,https://www.semanticscholar.org/paper/758b96ba2612a0526cf7536557b9a287e3746a72,0.6600
Ait14,Probabilistic Synapses,"L. Aitchison, A. Pouget, and P. Latham",2014,2014-10-04,,,,"Learning, especially rapid learning, is critical for survival. However, learning is hard: a large number of synaptic weights must be set based on noisy, often ambiguous, sensory information. In such a high-noise regime, keeping track of probability distributions over weights — not just point estimates — is the optimal strategy. Here we hypothesize that synapses take that optimal strategy: they do not store just the mean weight; they also store their degree of uncertainty — in essence, they put error bars on the weights. They then use that uncertainty to adjust their learning rates, with higher uncertainty resulting in higher learning rates. We also make a second, independent, hypothesis: synapses communicate their uncertainty by linking it to variability, with more uncertainty leading to more variability. More concretely, the value of a synaptic weight at a given time is a sample from its probability distribution. These two hypotheses cast synaptic plasticity as a problem of Bayesian inference, and thus provide a normative view of learning. They are consistent with known learning rules, offer an explanation for the large variability in the size of post-synaptic potentials, and make several falsifiable experimental predictions. To survive, animals must accurately estimate the state of the external world. This estimation problem is plagued by uncertainty: not only is information often extremely limited (e.g., because it is dark) or ambiguous (e.g., a rustle in the bushes could be the wind, or a it could be a predator), but sensory receptors, and indeed all neural circuits, are noisy. Historically, models of neural computation ignored this uncertainty, and relied instead on the idea that the nervous system represents a single point estimate [1]. However, this does not seem to be what animals do — not only does ignoring uncertainty lead to suboptimal decisions, it is inconsistent with a large body of experimental work [2, 3]. Thus, the current view is that in many, if not most, cases, animals keep track of uncertainty, and use it to guide their decisions [3]. 1 ar X iv :1 41 0. 10 29 v3 [ qbi o. N C ] 2 6 A pr 2 01 7 Accurately estimating the state of the world is just one problem faced by animals. They also need to learn, and in particular they need to leverage their past experience. It is believed that learning primarily involves changing synaptic weights. But estimating the correct weight, like estimating the state of the world, is plagued by uncertainty: not only is the information available to synapses often extremely limited (in many cases just pre and post synaptic activity), but that information is extremely noisy. Historically, models of synaptic plasticity ignored this uncertainty, and relied instead on the idea that synapses make a single point estimate of their weight [3]. However, uncertainty is important for optimal learning — just as it is important for optimal inference of the state of the world. Motivated by this observation, we propose two hypotheses. The first, Bayesian Plasticity, states that during learning, synapses do indeed take uncertainty into account. Under this hypothesis, synapses do not just try to find a point estimate of their weights, as is done in almost all learning rules in neuroscience; instead, they learn a probability distribution over their weights. This allows synapses to adjust their learning rates on the fly: when uncertainty is high, learning rates are turned up, and when uncertainty is low, learning rates are turned down. These adjustments allow synapses to learn faster, so there is likely to be considerable evolutionary pressure for such a mechanism. Bayesian Plasticity is a hypothesis about what synapses compute. It does not, however, tell us how synapses should set their weights. For that we need a second hypothesis. Here we propose that weights are sampled from the probability distribution describing the syanpses’s degree of uncertainty. Under this hypothesis, which we refer to as Synaptic Sampling, trial to trial variability gives us a direct readout of uncertaity: the larger the trial to trial variability in a synaptic strength, the larger the uncertainty. Combined, these hypotheses make several strong experimental predictions. One is consistent with re-analysis of existing experimental data; the others, which are feasible in the not so distant future, could falsify the model. We begin our analysis with a derivation of learning rules under the assumption that synapses keep track of their uncertainty (Bayesian Plasticity). That gives us a set of rules for updating not just the mean weight (as all standard learning rules do), but also the uncertainty. We then add to our framework a method for choosing the PSP variability (Synaptic Sampling). Finally, we discuss the experimental implications of our two hypotheses. We begin with a simplified model of synaptic integration. Neurons in vivo receive a constant barrage of spikes, and each incoming spike produces a PSP — a small change in the postsynaptic neuron’s membrane potential. Very approximately, PSPs combine linearly, allowing us to write the membrane potential relative to rest as",6,0.5,,https://www.semanticscholar.org/paper/d9412730fab718fe12645f9557a8d06eba2bfe02,0.6600
Ait14b,Bayesian synaptic plasticity makes predictions about plasticity experiments in vivo,L. Aitchison and P. Latham,2014,2014-10-04,arXiv: Neurons and Cognition,,,"Humans and other animals learn by updating synaptic weights in the brain. Rapid learning allows animals to adapt quickly to changes in their environment, giving them a large selective advantage. As brains have been evolving for several hundred million years, we might expect biological learning rules to be close to optimal, by exploiting all locally available information in order to learn as rapidly as possible. However, no previously proposed learning rules are optimal in this sense. We therefore use Bayes theorem to derive optimal learning rules for supervised, unsupervised and reinforcement learning. As expected, these rules prove to be significantly more effective than the best classical learning rules. Our learning rules make two predictions about the results of plasticity experiments in active networks. First, we predict that learning rates should vary across time, increasing when fewer inputs are active. Second, we predict that learning rates should vary across synapses, being higher for synapses whose presynaptic cells have a lower average firing rate. Finally, our methods are extremely flexible, allowing the derivation of optimal learning rules based solely on the information that is assumed, or known, to be available to the synapse. This flexibility should allow for the derivation of optimal learning rules for progressively more complex and realistic synaptic and neural models --- allowing us to connect theory with complex biological reality.",11,0.9,,https://www.semanticscholar.org/paper/46ab1f9b1ffada9a82bbb5ffe39e26e5ac52cbad,0.6500
Ain67,On the Efficiency of Learning Machines,W. Ainsworth,1967,1967-11-01,IEEE Trans. Syst. Sci. Cybern.,3,111-116,"The efficiency of the learning process is investigated in terms of the efficiency of abstract learning machines. The measure of efficiency defined gives an estimate of the minimum period for a system to absorb a given quantity of information, makes possible a quantitative comparison of different learning systems, and establishes a quantity which designers of adaptive machines should attempt to maximize.",3,0.1,10.1109/TSSC.1967.300091,https://doi.org/10.1109/TSSC.1967.300091,0.6500
Bru20b,Convergence and Consistency of Recursive Least Squares with Variable-Rate Forgetting,"Adam L. Bruce, A. Goel, and D. Bernstein",2020,2020-03-05,Autom.,119,109052,"A recursive least squares algorithm with variable rate forgetting (VRF) is derived by minimizing a quadratic cost function.Under persistent excitation and boundedness of the forgetting factor, the minimizer given by VRF is shown to converge to the true parameters. In addition, under persistent excitation and with noisy measurements, where the noise is uncorrelated with the regressor, conditions are given under which the minimizer given by VRF is a consistent estimator of the true parameters.The results are illustrated by a numerical example involving abruptly changing parameters.",83,13,10.1016/j.automatica.2020.109052,https://doi.org/10.1016/j.automatica.2020.109052,0.6500
Wid76,Stationary and nonstationary learning characteristics of the LMS adaptive filter,"B. Widrow, J. Mccool, M. Larimore, and C. Johnson",1976,1976-08-01,Proceedings of the IEEE,64,1151-1162,,1464,29,10.1007/978-94-010-1223-2_23,https://doi.org/10.1007/978-94-010-1223-2_23,0.6400
Wid84,On the statistical efficiency of the LMS algorithm with nonstationary inputs,B. Widrow and E. Walach,1984,1984-05-22,IEEE Trans. Inf. Theory,30,211-221,"A fundamental relationship exists between the quality of an adaptive solution and the amount of data used in obtaining it. Quality is defined here in terms of ""misadjustment,"" the ratio of the excess mean square error (mse) in an adaptive solution to the minimum possible mse. The higher the misadjustment, the lower the quality is. The quality of the exact least squares solution is compared with the quality of the solutions obtained by the orthogonalized and the conventional least mean square (LMS) algorithms with stationary and nonstationary input data. When adapting with noisy observations, a filter trained with a finite data sample using an exact least squares algorithms will have a misadjustment given by M=\frac{n}{N}=\frac{number of weights}{number of training samples} If the same adaptive filter were trained with a steady flow of data using an ideal ""orthogonalized LMS"" algorithm, the misadjustment would be M=\frac{n}{4\tau_{\mse}}=\frac{number of weights}{number of training samples} Thus, for a given time constant \tau_{\mse} of the learning process, the ideal orthogonalized LMS algorithm will have about as low a misadjustment as can be achieved, since this algorithm performs essentially as an exact least squares algorithm with exponential data weighting. It is well known that when rapid convergence with stationary data is required, exact least squares algorithms can in certain cases outperform the conventional Widrow-Hoff LMS algorithm. It is shown here, however, that for an important class of nonstationary problems, the misadjustment of conventional LMS is the same as that of orthogonalized LMS, which in the stationary case is shown to perform essentially as an exact least squares algorithm.",177,4.2,10.1109/TIT.1984.1056892,https://doi.org/10.1109/TIT.1984.1056892,0.6400
Lai23,Generalized Forgetting Recursive Least Squares: Stability and Robustness Guarantees,Brian Lai and D. Bernstein,2023,2023-08-08,IEEE Transactions on Automatic Control,69,7646-7661,"This work presents generalized forgetting recursive least squares (GF-RLS), a generalization of RLS that encompasses many extensions of RLS as special cases. First, sufficient conditions are presented for the 1) Lyapunov stability, 2) uniform Lyapunov stability, 3) global asymptotic stability, and 4) global uniform exponential stability of parameter estimation error in GF-RLS when estimating fixed parameters without noise. Second, robustness guarantees are derived for the estimation of time-varying parameters in the presence of measurement noise and regressor noise. These robustness guarantees are presented in terms of global uniform ultimate boundedness of the parameter estimation error. A specialization of this result gives a bound to the asymptotic bias of least squares estimators in the errors-in-variables problem. Lastly, a survey is presented to show how GF-RLS can be used to analyze various extensions of RLS from literature.",26,9.3,10.1109/TAC.2024.3394351,https://doi.org/10.1109/TAC.2024.3394351,0.6300
Leu05,Gradient-based variable forgetting factor RLS algorithm in time-varying environments,S. Leung and C. F. So,2005,2005-08-01,IEEE Transactions on Signal Processing,53,3141-3150,,200,9.6,10.1109/TSP.2005.851110,https://doi.org/10.1109/TSP.2005.851110,0.6200
Jeg20,Learning as filtering: Implications for spike-based plasticity,"Jannes Jegminat, S. C. Surace, and Jean-Pascal Pfister",2020,2020-08-07,PLoS Computational Biology,18,,"Most normative models in computational neuroscience describe the task of learning as the optimisation of a cost function with respect to a set of parameters. However, learning as optimisation fails to account for a time-varying environment during the learning process and the resulting point estimate in parameter space does not account for uncertainty. Here, we frame learning as filtering, i.e., a principled method for including time and parameter uncertainty. We derive the filtering-based learning rule for a spiking neuronal network—the Synaptic Filter—and show its computational and biological relevance. For the computational relevance, we show that filtering improves the weight estimation performance compared to a gradient learning rule with optimal learning rate. The dynamics of the mean of the Synaptic Filter is consistent with spike-timing dependent plasticity (STDP) while the dynamics of the variance makes novel predictions regarding spike-timing dependent changes of EPSP variability. Moreover, the Synaptic Filter explains experimentally observed negative correlations between homo- and heterosynaptic plasticity.",7,1.2,10.1371/journal.pcbi.1009721,https://doi.org/10.1371/journal.pcbi.1009721,0.6200
Far16,Surprise-based learning: a novel measure of surprise with applications for learning within changing environments,"Mohammad Javad Faraji, K. Preuschoff, and W. Gerstner",2016,,,,,"Surprise is informative because it drives attention [1] and modifies learning [2]. Correlates of surprise have been observed at different stages of neural processing, and found to be relevant for learning and memory formation [3]. Although surprise is ubiquitous, there is neither a widely accepted theory that quantitatively links surprise to observed behavior, such as the startle response, nor an agreement on how surprise should influence learning speed or other parameters in iterative statistical learning algorithms. Building on and going beyond earlier surprise measures [1, 4–6], we propose a novel information theoretic measure for calculating surprise in a Bayesian framework so as to capture uncertainty of the world as well as imperfections of the subjective model of the world, two important aspects of surprise. The principle of future surprise minimization leads to a learning rule that can be interpreted as a surprise modulated belief update suitable for learning within changing environments. Importantly, we do not need an assumption about how quickly the world changes. We apply our surprise-modulated learning rule to an exploration task in a maze-like environment and to a dynamic decision making task. Our results are consistent with the behavioral finding that surprising events induce humans and animals to learn faster and to adapt more quickly to changing environments [7–9].",1,0.1,,https://www.semanticscholar.org/paper/5a3d73f79ac71020d39ffe1a7497dbd0f38425aa,0.6200
Far16b,Balancing New Against Old Information: The Role of Surprise,"M. Faraji, K. Preuschoff, and W. Gerstner",2016,2016-06-17,ArXiv,abs/1606.05642,,"Surprise is a widely used concept describing a range of phenomena from unexpected events to behavioral responses. We propose a measure of surprise, to arrive at a new framework for surprise-driven learning. There are two components to this framework: (i) a confidence-adjusted surprise measure to capture environmental statistics as well as subjective beliefs, (ii) a surprise-minimization learning rule, or SMiLe-rule, which dynamically adjusts the balance between new and old information without making prior assumptions about the temporal statistics of the environment. We apply our framework to a dynamic decision-making task and a maze exploration task to demonstrate that it is suitable for learning in complex environments, even if the environment undergoes gradual or sudden changes. Our proposed surprise-modulated belief update algorithm provides a framework to study the behavior of humans and animals encountering surprising events.",10,1.0,,https://www.semanticscholar.org/paper/aa1ed3e4c3a4563a9036fb5ed94a52d277d03e8d,0.6200
Bri98,Fisher Scoring and a Mixture of Modes Approach for Approximate Inference and Learning in Nonlinear State Space Models,T. Briegel and Volker Tresp,1998,1998-12-01,Neural Information Processing Systems,,403-409,"We present Monte-Carlo generalized EM equations for learning in nonlinear state space models. The difficulties lie in the Monte-Carlo E-step which consists of sampling from the posterior distribution of the hidden variables given the observations. The new idea presented in this paper is to generate samples from a Gaussian approximation to the true posterior from which it is easy to obtain independent samples. The parameters of the Gaussian approximation are either derived from the extended Kalman filter or the Fisher scoring algorithm. In case the posterior density is multimodal we propose to approximate the posterior by a sum of Gaussians (mixture of modes approach). We show that sampling from the approximate posterior densities obtained by the above algorithms leads to better models than using point estimates for the hidden states. In our experiment, the Fisher scoring algorithm obtained a better approximation of the posterior mode than the EKF. For a multimodal distribution, the mixture of modes approach gave superior results.",31,1.1,,https://www.semanticscholar.org/paper/92887743c432e00058f7842449df7373167fbb39,0.6200
Ath77,The stochastic control of the F-8C aircraft using a multiple model adaptive control (MMAC) method--Part I: Equilibrium flight,M. Athans et al.,1977,1977-10-01,IEEE Transactions on Automatic Control,22,768-780,"The purpose of this paper is to summarize some results obtained for the adaptive control of the F-8C aircraft using the so-called MMAC method. The discussion includes the selection of the performance criteria for both the lateral and the longitudinal dynamics, the design of the Kalman filters for different flight conditions, the ""identification"" aspects of the design using hypothesis testing ideas, and the performance of the closed-loop adaptive system.",320,6.6,10.1109/TAC.1977.1101599,https://doi.org/10.1109/TAC.1977.1101599,0.6100
Wan19,Suboptimal adaptive Kalman filtering based on the proportional control of prior error covariance.,"Jiaolong Wang, Chengxi Zhang, Qingxian Jia, and Minzhe Li",2019,2019-12-19,ISA transactions,,,"For linear time-invariant systems, this paper develops a new kind of adaptive Kalman filter to deal with Kalman filtering problems troubled by unknown/inaccurate process noise covariance. The limitation of Kalman filter is that its performance would deteriorate or even degrade if the accurate noise statistics could not be obtained in advance. To reduce or mitigate the negative influence caused by unknown/mismatched process noise covariance, this work elaborates a novel covariance control scheme in which the prior error covariance is recursively regulated with the proportional form of feedback information: the posterior sequence is first evaluated as online feedback to constitute a closed-loop structure for covariance propagation process, and then a proportional gain is employed to amplify the feedback term and fasten the converging of the estimated covariance parameter; note that, the new approach is relatively more independent of the parameter of process noise covariance and, therefore, the Kalman theory's rigorous dependency on accurate process noise covariance could be relaxed significantly. The mathematical properties and sub-optimality of the new covariance control scheme are discussed in detail as well as some practical considerations. The advantage of this newly developed method in filtering accuracy, adaptability and simplicity are illustrated with an object tracking scenario.",10,1.6,10.1016/j.isatra.2019.12.008,https://doi.org/10.1016/j.isatra.2019.12.008,0.6000
Lai71,Optimal adaptive control of linear systems,"D. Lainiotis, T. Upadhyay, and Jayant G. Deshpande",1971,1971-12-01,IEEE Conference on Decision and Control,10,247-257,"For the quadratic cost, nonlinear, adaptive stochastic control problem with linear discrete plant and measurement models excited by white gaussian noise, and unknown time-invariant model parameters, the optimal stochastic control is obtained and shown to separate (""Nonlinear Separation Theorem"") into a bank of model-conditional deterministic control gains and a corresponding bank of known nonlinear functionals of the model-conditional, causal, mean-square state-vector estimates. This separation may also be viewed as a decomposition of the optimal, nonlinear adaptive control into a bank of model-conditional optimal, non-adaptive linear controls, one for each admissible value of the unknown parameter ? and a nonlinear part, namely, the bank of a-posteriori model probabilities, which incorporate the adaptive nature, of the optimal adaptive control. Results are given for several special cases of the above problem that exhibit drastically reduced computational requirements. These are the cases of (a) uncertainty in the measurement matrix only; and (b) the case of completely known models, but with nongaussian initial state-vector. In both special cases, we have explicit separation between control and estimation. Moreover, in both cases only one deterministic controller is required to be used with the nonlinear, adaptive mean-square state-vector estimate. Several illustrative examples are included to demonstrate the adaptive control algorithm developed in this paper.",11,0.2,10.1109/CDC.1971.270991,https://doi.org/10.1109/CDC.1971.270991,0.6000
Lai71b,Optimal adaptive estimation: Structure and parameter adaption,D. Lainiotis,1971,1971-04-01,IEEE Transactions on Automatic Control,16,160-170,"Optimal structure and parameter adaptive estimators have been obtained for continuous as well as discrete data Gaussian process models with linear dynamics. Specifically, the essentially nonlinear adaptive estimators are shown to be decomposable (partition theorem) into two parts, a linear nonadaptive part consisting of a bank of Kalman-Bucy filters and a nonlinear part that incorporates the adaptive nature of the estimator. The conditional-error-covariance matrix of the estimator is also obtained in a form suitable for on-line performance evaluation. The adaptive estimators are applied to the problem of state estimation with non-Gaussian initial state, to estimation under measurement uncertainty (joint detection-estimation) as well as to system identification. Examples are given of the application of the adaptive estimators to structure and parameter adaptation indicating their applicability to engineering problems.",325,5.9,10.1109/TAC.1971.1099684,https://doi.org/10.1109/TAC.1971.1099684,0.6000
Fra13,Chapter 1 Elements of Information Theory for Networked Control Systems,M. Franceschetti and Paolo Minero,2013,,,,,"Next generation cyber-physical systems [35] will integrate computing, communication, and control technologies, to respond to the increased societal need to build large-scale systems using digital technology and interacting with the physical world. These include energy systems where the generation, transmission, and distribution of energy is made more efficient through the integration of information technologies; transportation systems that integrate intelligent vehicles and intelligent infrastructures; and health care systems where medical devices have high degree of intelligence and interoperability, integrating wireless networking and sensing capabilities. One of the fundamental characteristics of cyber-physical systems is that communication among computing and physical entities occurs over communication channels of limited bandwidth and is subject to interference and noise. This challenges the standard assumption of classical control theory that communication can be performed instantaneously, reliably, and with infinite precision, and leads to the development of a new theory of networked control systems (NCS) [7, 8, 24, 30]. This chapter complements the surveys [2, 50] that focus on the communication constraints imposed by the network on the ability to estimate and control dynamical systems. We describe in a tutorial style the main ideas and techniques that contributed shaping the field, with particular attention to the connections with Shannon’s information theory. A compendium of additional related results can be found in the recent monograph [44], relating results to Kolmogorov’s approach to information theory via the concept of topological entropy [1].",1,0.1,,https://www.semanticscholar.org/paper/30c82cc9a5ace2b811df9f1ebe98ba156d74a15e,0.6000
Bri00,Dynamic Neural Regression Models,T. Briegel and Volker Tresp,2000,,,,,"We consider sequential or online learning in dynamic neural regression models. By using a state space representation for the neural network' s parameter evolution in time we obtain approximations to the unknown posterior by either deriving posterior modes via the Fisher scoring algorithm or by deriving approximate posterior means with the importance sampling method. Furthermore, we replace the commonly used Gaussian noise assumption in the neural regression model by a more flexible noise model based on the Student t-density. Since the t-density can be interpreted as being an infinite mixture of Gaussians, hyperparameters such as the degrees of freedom of the t-density can be learned from the data based on an online EM-type algorithm. We show experimentally that our novel methods outperform state-of-the art neural network online learning algorithms like the extended Kalman filter method for both, situations with standard Gaussian noise terms and situations with measurement outliers.",5,0.2,10.5282/UBM/EPUB.1571,https://doi.org/10.5282/UBM/EPUB.1571,0.6000
Ous00,Adaptive Kalman filter for noise identification,M. Oussalah and J. Schutter,2000,2000-09-01,,,1225-1232,"This paper deals with an on line identification of the values of these entities by a suitable adjusting of the filter gain and incorporating information about the quality of innovation sequence. The result yields a new adaptive Kalman filter. The proposal is mainly based on statistical properties of the innovation sequence of the filter and improves some previous results pointed out by Bellanger and Mehra. Particularly, the autocorrelation function of the innovation sequence is used. Furthermore, information about the quality of the autocorrelation parameter is incorporated through a weighted least squares methodology. The determination of the weights is based on a distance criterion, which involves the ideal probability distribution and the current probability referring to the first and second order statistics of autocorrelation functions. The estimation of the a priori noise statistics Q and R is obtained straightforwardly from the preceding and the optimal gain and the innovation covariance of the filter.",56,2.2,,https://www.semanticscholar.org/paper/61a10975e7e875c0a9b68272485c96c881a6027f,0.5900
Bru20,Recursive Least Squares with Matrix Forgetting,"Adam L. Bruce, A. Goel, and D. Bernstein",2020,2020-07-01,2020 American Control Conference (ACC),,1406-1410,"This paper considers an extension of recursive least squares (RLS), where the cost function is modified to include a matrix forgetting factor. Minimization of the modified cost function provides a framework for combined variable-rate and variable-direction (RLS-VRDF) forgetting. This extension of RLS simultaneously addresses two key issues in standard RLS, namely, the need for variable-rate forgetting due to changing plant parameters as well as the need for variable-direction covariance updating due to the loss of persistency. The performance of RSL-VRDF is illustrated by an example with abrupt parameter changes and loss of persistency.",14,2.4,10.23919/ACC45564.2020.9148005,https://doi.org/10.23919/ACC45564.2020.9148005,0.5800
Hov23,Rhythmic modulation of prediction errors: A top-down gating role for the beta-range in speech processing,"Sevada Hovsepyan, I. Olasagasti, and A. Giraud",2023,2023-11-01,PLOS Computational Biology,19,,"Natural speech perception requires processing the ongoing acoustic input while keeping in mind the preceding one and predicting the next. This complex computational problem could be handled by a dynamic multi-timescale hierarchical inferential process that coordinates the information flow up and down the language network hierarchy. Using a predictive coding computational model (Precoss-β) that identifies online individual syllables from continuous speech, we address the advantage of a rhythmic modulation of up and down information flows, and whether beta oscillations could be optimal for this. In the model, and consistent with experimental data, theta and low-gamma neural frequency scales ensure syllable-tracking and phoneme-level speech encoding, respectively, while the beta rhythm is associated with inferential processes. We show that a rhythmic alternation of bottom-up and top-down processing regimes improves syllable recognition, and that optimal efficacy is reached when the alternation of bottom-up and top-down regimes, via oscillating prediction error precisions, is in the beta range (around 20–30 Hz). These results not only demonstrate the advantage of a rhythmic alternation of up- and down-going information, but also that the low-beta range is optimal given sensory analysis at theta and low-gamma scales. While specific to speech processing, the notion of alternating bottom-up and top-down processes with frequency multiplexing might generalize to other cognitive architectures.",13,5.1,10.1371/journal.pcbi.1011595,https://doi.org/10.1371/journal.pcbi.1011595,0.5800
Fra07,Synchronization of nonlinear systems under information constraints.,"Alexander L. Fradkov, B. Andrievsky, and R. Evans",2007,2007-12-05,Chaos,18 3,"'
          037109
        ","A brief survey of control and synchronization under information constraints (limited information capacity of the coupling channel) is given. Limit possibilities of nonlinear observer-based synchronization systems with first-order coders or full-order coders are considered in more detail. The existing and new theoretical results for multidimensional drive-response Lurie systems (linear part plus nonlinearity depending only on measurable outputs) are presented. It is shown that the upper bound of the limit synchronization error (LSE) is proportional to the upper bound of the transmission error. As a consequence, the upper and lower bounds of LSE are proportional to the maximum coupling signal rate and inversely proportional to the information transmission rate (channel capacity). The analysis is extended to networks having a ""chain,"" ""star,"" or ""star-chain"" topology. Adaptive chaotic synchronization under information constraints is analyzed. The results are illustrated by example: master-slave synchronization of two chaotic Chua systems coupled via a channel with limited capacity.",42,2.3,10.1063/1.2977459,https://doi.org/10.1063/1.2977459,0.5800
Dur24,Outlier-robust Kalman Filtering through Generalised Bayes,Gerardo Duran-Martin et al.,2024,2024-05-09,International Conference on Machine Learning,,12138-12171,"We derive a novel, provably robust, and closed-form Bayesian update rule for online filtering in state-space models in the presence of outliers and misspecified measurement models. Our method combines generalised Bayesian inference with filtering methods such as the extended and ensemble Kalman filter. We use the former to show robustness and the latter to ensure computational efficiency in the case of nonlinear models. Our method matches or outperforms other robust filtering methods (such as those based on variational Bayes) at a much lower computational cost. We show this empirically on a range of filtering problems with outlier measurements, such as object tracking, state estimation in high-dimensional chaotic systems, and online learning of neural networks.",30,15,10.48550/arXiv.2405.05646,https://doi.org/10.48550/arXiv.2405.05646,0.5800
Par91,Fast tracking RLS algorithm using novel variable forgetting factor with unity zone,"D. Park, Byung-Eul Jun, and Jung-Hoon Kim",1991,1991-11-07,Electronics Letters,27,2150-2151,A new fast tracking recursive least squares (RLS) algorithm for time-varying systems is presented. The new algorithm is based on an innovative variable forgetting factor with a unity zone and its extra computational burden is trivial compared with the standard RLS algorithm. Fast tracking and low parametric error variance properties are verified via computer simulations.,103,3.0,10.1049/EL:19911331,https://doi.org/10.1049/EL:19911331,0.5700
Sal88,Modified least squares algorithm incorporating exponential resetting and forgetting,"M. Salgado, G. Goodwin, and R. Middleton",1988,1988-02-01,International Journal of Control,47,477-491,In this paper we present the general analysis of a class of least squares algorithms with emphasis on their dynamic performance particularly in the presence of poor excitation. The analysis is carried out in a deterministic framework and stresses geometrical interpretations. The core of this paper is the proposal and analysis of a new algorithm which incorporates exponential forgetting and resetting to an unprejudiced treatment of data when excitation is poor. The algorithm is particularly suitable for tracking time-varying parameters and is similar in computational complexity to the standard recursive least squares algorithm. The superior performance of the algorithm is verified via simulation studies.,227,5.9,10.1080/00207178808906026,https://doi.org/10.1080/00207178808906026,0.5700
Mat93,A stochastic gradient adaptive filter with gradient adaptive step size,V. J. Mathews and Zhenhua Xie,1993,1993-06-01,IEEE Trans. Signal Process.,41,2075-2087,"The step size of this adaptive filter is changed according to a gradient descent algorithm designed to reduce the squared estimation error during each iteration. An approximate analysis of the performance of the adaptive filter when its inputs are zero mean, white, and Gaussian noise and the set of optimal coefficients are time varying according to a random-walk model is presented. The algorithm has very good convergence speed and low steady-state misadjustment. The tracking performance of these algorithms in nonstationary environments is relatively insensitive to the choice of the parameters of the adaptive filter and is very close to the best possible performance of the least mean square (LMS) algorithm for a large range of values of the step size of the adaptation algorithm. Several simulation examples demonstrating the good properties of the adaptive filters as well as verifying the analytical results are also presented. >",437,13,10.1109/78.218137,https://doi.org/10.1109/78.218137,0.5700
Moh22,Recursive Least Squares with Variable-Rate Forgetting Based on the F-Test,Nima Mohseni and D. Bernstein,2022,2022-06-08,2022 American Control Conference (ACC),,3937-3942,"A variable-rate forgetting factor for recursive least squares is developed for parameter identification of time-varying systems. The variable-rate forgetting factor uses the F-test to compare short- and long-term variances of the one-step prediction errors of recursive least squares (RLS). If the short-term error variance is statistically larger than the long-term error variance, then it is assumed that the underlying parameters have changed and forgetting is required. The level of forgetting is proportional to how far the ratio of the short-term and long-term error variances deviate from the expected ratio given by the F-distribution. RLS with F-test variable-rate forgetting (RLS/FTVRF) is shown to generalize an existing variable-rate forgetting factor that uses a ratio of the root-mean-square (RMS) performance error and noise standard deviation. The approach is applied to a parameter identification task and is compared to a constant-rate forgetting factor and the RMS performance error and noise standard-deviation-based forgetting factor.",29,7.3,10.23919/ACC53348.2022.9867849,https://doi.org/10.23919/ACC53348.2022.9867849,0.5600
Par92b,Recursive forgetting algorithms,"J. Parkum, N. K. Poulsen, and J. Holst",1992,,International Journal of Control,55,109-128,"Fn the first part of this paper, a general forgetting algorithm is formulated and analysed. It contains most existing forgetting schemes as special cases. Conditions are given ensuring that the basic convergence properties will hold. In the second part of the paper, the results are applied to a specific algorithm with selective forgetting. Here, the forgetting is non-uniform in time and space. The theoretical analysis is supported by a simulation example demonstrating the practical performance of this algorithm.",124,3.6,10.1080/00207179208934228,https://doi.org/10.1080/00207179208934228,0.5500
Has16,An improved real-time adaptive Kalman filter with recursive noise covariance updating rules,Iyad Hashlamon and K. Erbatur,2016,2016-02-05,Turkish Journal of Electrical Engineering and Computer Sciences,24,524-540,"Kalman filter (KF) is used extensively for state estimation. Among its requirements are the process and observation noise covariances which are unknown or partially known in real life applications. Biased initializations of the covariances result in performance degradation of KF or divergence. Therefore, an extensive research is carried on to improve its performance however, relying on a moving window, heavy computations, and the availability of the exact model are the fundamental problems in most of the proposed techniques. In this paper, we are using the idea of the recursive estimation of KF to propose two recursive updating rules for the process and observation covariances respectively designed based on the covariance matching principles. Each rule is a tuned scaled version of the previous covariance in addition to a tuned correction term derived based on the most recent available data. The proposed adaptive Kalman filter AKF avoided the aforementioned problems and proved itself to have an improved performance over the conventional KF. The results show that the AKF estimates are more accurate, have less noise and more stable against biased covariance initializations.",43,4.2,10.3906/ELK-1309-60,https://doi.org/10.3906/ELK-1309-60,0.5500
Par24,Maximum likelihood estimation of the extended Kalman filter’s parameters with natural gradient,"C. Parellier, Camille Chapdelaine, A. Barrau, and Silvère Bonnabel",2024,2024-12-16,2024 IEEE 63rd Conference on Decision and Control (CDC),,723-728,"The extended Kalman filter (EKF) relies on noise parameters, notably the covariance matrix of the observation noise. To identify them using real data, the standard approach consists in maximizing the likelihood of the EKF’s estimates. To perform the optimization, we propose in this paper to use Amari’s natural gradient descent, in a way that preserves positive semi-definiteness of the covariance parameter. We derive the corresponding equations, and we bring the method to bear on a real-world experiment, where we identify the covariance matrix of a GNSS for a vehicle localization problem.",2,1.4,10.1109/CDC56724.2024.10886147,https://doi.org/10.1109/CDC56724.2024.10886147,0.5500
Liu24c,On the Gaussian Filtering for Nonlinear Dynamic Systems Using Variational Inference,"Yi Liu, Xi Li, Le Yang, Lyudmila Mihaylova, and Ji Li",2024,2024-07-08,2024 27th International Conference on Information Fusion (FUSION),,1-8,This paper introduces a new variational Gaussian filtering approach for estimating the state of a nonlinear dynamic system. We first assume that the predictive distribution of the state is Gaussian and derive an iterative method for updating the state posterior in the natural parameter space through KullbackLeibler divergence minimization. The obtained update rule is the same as that of the conjugate-computation variational inference technique in Bayesian learning. The derivation here is simpler and more insightful. We then impose a Wishart prior on the inverse of the state prediction covariance to take into account the impact of approximating the state predictive distribution using a Gaussian density on the state posterior estimation. The prediction covariance is identified jointly with the state using variational inference and the established state posterior update rule to achieve the desired Gaussian filtering. Simulation study examines the performance of the proposed filtering framework in target tracking based on bearing and range measurements.,3,1.6,10.23919/FUSION59988.2024.10765592,https://doi.org/10.23919/FUSION59988.2024.10765592,0.5500
Bit91,Tuning the forgetting factor in RLS identification algorithms,S. Bittanti and M. Campi,1991,1991-12-11,[1991] Proceedings of the 30th IEEE Conference on Decision and Control,,1688-1689 vol.2,,9,0.3,10.1109/CDC.1991.261695,https://doi.org/10.1109/CDC.1991.261695,0.5400
Das85,Asymptotically convergent modified recursive least-squares with data-dependent updating and forgetting factor,S. Dasgupta and Yih-Fang Huang,1985,1985-12-01,1985 24th IEEE Conference on Decision and Control,,1067-1071,,233,5.8,10.1109/TIT.1987.1057307,https://doi.org/10.1109/TIT.1987.1057307,0.5400
Kwo92,A variable step size LMS algorithm,R. Kwong and Edward W. Johnston,1992,1992-07-01,IEEE Trans. Signal Process.,40,1633-1642,"A least-mean-square (LMS) adaptive filter with a variable step size is introduced. The step size increases or decreases as the mean-square error increases or decreases, allowing the adaptive filter to track changes in the system as well as produce a small steady state error. The convergence and steady-state behavior of the algorithm are analyzed. The results reduce to well-known results when specialized to the constant-step-size case. Simulation results are presented to support the analysis and to compare the performance of the algorithm with the usual LMS algorithm and another variable-step-size algorithm. They show that its performance compares favorably with these existing algorithms. >",571,17,10.1109/78.143435,https://doi.org/10.1109/78.143435,0.5300
Sha21,Continuous-time least-squares forgetting algorithms for indirect adaptive control,"Vitaly Shaferman, M. Schwegel, T. Glück, and A. Kugi",2021,2021-07-01,Eur. J. Control,62,105-112,"Abstract Many variants of least-squares forgetting algorithms can be found in the literature. They all have advantages and disadvantages with respect to adaptation rate, robustness against noise, parameter tuning and computational effort. In this paper, a general forgetting least-squares algorithm is presented, where a large number of algorithms known from the literature can be derived from this algorithm by just specifying a general weighting matrix. This also serves as the basis for the design of a novel least-squares forgetting algorithm which guarantees predefined upper and lower bounds on the gain matrix. This algorithm combines the benefits of exponential forgetting and resetting with the eigenvalue modulation of selective forgetting at low computational costs.",17,3.5,10.1016/J.EJCON.2021.06.015,https://doi.org/10.1016/J.EJCON.2021.06.015,0.5200
Ma18,Improved Adaptive Kalman Filter with Unknown Process Noise Covariance,Jirong Ma et al.,2018,2018-07-01,2018 21st International Conference on Information Fusion (FUSION),,1-5,"This paper considers the joint recursive estimation of the dynamic state and the time-varying process noise covariance for a linear state space model. The conjugate prior on the process noise covariance, the inverse Wishart distribution, provides a latent variable. A variational Bayesian inference framework is then adopted to iteratively estimate the posterior density functions of the dynamic state, process noise covariance and the introduced latent variable. The performance of the algorithm is demonstrated with simulated data in a target tracking application.",26,3.3,10.23919/ICIF.2018.8455394,https://doi.org/10.23919/ICIF.2018.8455394,0.5200
Ryu19,An optimality principle for locomotor central pattern generators,Hansol X. Ryu and A. Kuo,2019,2019-12-31,Scientific Reports,11,,"Two types of neural circuits contribute to legged locomotion: central pattern generators (CPGs) that produce rhythmic motor commands (even in the absence of feedback, termed “fictive locomotion”), and reflex circuits driven by sensory feedback. Each circuit alone serves a clear purpose, and the two together are understood to cooperate during normal locomotion. The difficulty is in explaining their relative balance objectively within a control model, as there are infinite combinations that could produce the same nominal motor pattern. Here we propose that optimization in the presence of uncertainty can explain how the circuits should best be combined for locomotion. The key is to re-interpret the CPG in the context of state estimator-based control: an internal model of the limbs that predicts their state, using sensory feedback to optimally balance competing effects of environmental and sensory uncertainties. We demonstrate use of optimally predicted state to drive a simple model of bipedal, dynamic walking, which thus yields minimal energetic cost of transport and best stability. The internal model may be implemented with neural circuitry compatible with classic CPG models, except with neural parameters determined by optimal estimation principles. Fictive locomotion also emerges, but as a side effect of estimator dynamics rather than an explicit internal rhythm. Uncertainty could be key to shaping CPG behavior and governing optimal use of feedback.",36,5.6,10.1038/s41598-021-91714-1,https://doi.org/10.1038/s41598-021-91714-1,0.5000
Ofn21,PredProp: Bidirectional Stochastic Optimization with Precision Weighted Predictive Coding,André Ofner and Sebastian Stober,2021,2021-11-16,ArXiv,abs/2111.08792,,"We present PredProp, a method for optimization of weights and states in predictive coding networks (PCNs) based on the precision of propagated errors and neural activity. PredProp jointly addresses inference and learning via stochastic gradient descent and adaptively weights parameter updates by approximate curvature. Due to the relation between propagated error covariance and the Fisher information matrix, PredProp implements approximate Natural Gradient Descent. We demonstrate PredProp's effectiveness in the context of dense decoder networks and simple image benchmark datasets. We found that PredProp performs favorably over Adam, a widely used adaptive learning rate optimizer in the tested configurations. Furthermore, available optimization methods for weight parameters benefit from using PredProp's error precision during inference. Since hierarchical predictive coding layers are optimised individually using local errors, the required precisions factorize over hierarchical layers. Extending beyond classical PCNs with a single set of decoder layers per hierarchical layer, we also generalize PredProp to deep neural networks in each PCN layer by additionally factorizing over the weights in each PCN layer.",3,0.7,,https://www.semanticscholar.org/paper/c6dfde2283a0606709db6a80036b7cf4c96421bf,0.5000
Kim21b,"Information Geometry, Fluctuations, Non-Equilibrium Thermodynamics, and Geodesics in Complex Systems",Eun-jin Kim,2021,2021-10-24,Entropy,23,,"Information theory provides an interdisciplinary method to understand important phenomena in many research fields ranging from astrophysical and laboratory fluids/plasmas to biological systems. In particular, information geometric theory enables us to envision the evolution of non-equilibrium processes in terms of a (dimensionless) distance by quantifying how information unfolds over time as a probability density function (PDF) evolves in time. Here, we discuss some recent developments in information geometric theory focusing on time-dependent dynamic aspects of non-equilibrium processes (e.g., time-varying mean value, time-varying variance, or temperature, etc.) and their thermodynamic and physical/biological implications. We compare different distances between two given PDFs and highlight the importance of a path-dependent distance for a time-dependent PDF. We then discuss the role of the information rate Γ=dLdt and relative entropy in non-equilibrium thermodynamic relations (entropy production rate, heat flux, dissipated work, non-equilibrium free energy, etc.), and various inequalities among them. Here, L is the information length representing the total number of statistically distinguishable states a PDF evolves through over time. We explore the implications of a geodesic solution in information geometry for self-organization and control.",30,6.6,10.3390/e23111393,https://doi.org/10.3390/e23111393,0.4900
Hou14,A Filtering Approach to Stochastic Variational Inference,N. Houlsby and D. Blei,2014,2014-12-08,Neural Information Processing Systems,,2114-2122,"Stochastic variational inference (SVI) uses stochastic optimization to scale up Bayesian computation to massive data. We present an alternative perspective on SVI as approximate parallel coordinate ascent. SVI trades-off bias and variance to step close to the unknown true coordinate optimum given by batch variational Bayes (VB). We define a model to automate this process. The model infers the location of the next VB optimum from a sequence of noisy realizations. As a consequence of this construction, we update the variational parameters using Bayes rule, rather than a hand-crafted optimization schedule. When our model is a Kalman filter this procedure can recover the original SVI algorithm and SVI with adaptive steps. We may also encode additional assumptions in the model, such as heavy-tailed noise. By doing so, our algorithm outperforms the original SVI schedule and a state-of-the-art adaptive SVI algorithm in two diverse domains.",4,0.3,,https://www.semanticscholar.org/paper/35409ac9b33f2cc074257018c47fe9c373acb55f,0.4800
Jon24,Bayesian Online Natural Gradient (BONG),"Matt Jones, Peter G. Chang, and Kevin Murphy",2024,2024-05-30,ArXiv,abs/2405.19681,,"We propose a novel approach to sequential Bayesian inference based on variational Bayes (VB). The key insight is that, in the online setting, we do not need to add the KL term to regularize to the prior (which comes from the posterior at the previous timestep); instead we can optimize just the expected log-likelihood, performing a single step of natural gradient descent starting at the prior predictive. We prove this method recovers exact Bayesian inference if the model is conjugate. We also show how to compute an efficient deterministic approximation to the VB objective, as well as our simplified objective, when the variational distribution is Gaussian or a sub-family, including the case of a diagonal plus low-rank precision matrix. We show empirically that our method outperforms other online VB methods in the non-conjugate setting, such as online learning for neural networks, especially when controlling for computational costs.",14,7.1,10.48550/arXiv.2405.19681,https://doi.org/10.48550/arXiv.2405.19681,0.4700
Cha23,Low-rank extended Kalman filtering for online learning of neural networks from streaming data,"Peter G. Chang, Gerardo Duran-Mart'in, Alexander Y. Shestopaloff, Matt Jones, and Kevin P. Murphy",2023,2023-05-31,ArXiv,abs/2305.19535,,"We propose an efficient online approximate Bayesian inference algorithm for estimating the parameters of a nonlinear function from a potentially non-stationary data stream. The method is based on the extended Kalman filter (EKF), but uses a novel low-rank plus diagonal decomposition of the posterior precision matrix, which gives a cost per step which is linear in the number of model parameters. In contrast to methods based on stochastic variational inference, our method is fully deterministic, and does not require step-size tuning. We show experimentally that this results in much faster (more sample efficient) learning, which results in more rapid adaptation to changing distributions, and faster accumulation of reward when used as part of a contextual bandit algorithm.",27,9.1,10.48550/arXiv.2305.19535,https://doi.org/10.48550/arXiv.2305.19535,0.4600
Ber13b,Adaptive ensemble Kalman filtering of non-linear systems,Tyrus Berry and T. Sauer,2013,2013-07-02,Tellus A: Dynamic Meteorology and Oceanography,65,,"A necessary ingredient of an ensemble Kalman filter (EnKF) is covariance inflation, used to control filter divergence and compensate for model error. There is an on-going search for inflation tunings that can be learned adaptively. Early in the development of Kalman filtering, Mehra (1970, 1972) enabled adaptivity in the context of linear dynamics with white noise model errors by showing how to estimate the model error and observation covariances. We propose an adaptive scheme, based on lifting Mehra's idea to the non-linear case, that recovers the model error and observation noise covariances in simple cases, and in more complicated cases, results in a natural additive inflation that improves state estimation. It can be incorporated into non-linear filters such as the extended Kalman filter (EKF), the EnKF and their localised versions. We test the adaptive EnKF on a 40-dimensional Lorenz96 model and show the significant improvements in state estimation that are possible. We also discuss the extent to which such an adaptive filter can compensate for model error, and demonstrate the use of localisation to reduce ensemble sizes for large problems.",77,6.0,10.3402/tellusa.v65i0.20331,https://doi.org/10.3402/tellusa.v65i0.20331,0.4600
Gut90,Tracking targets using adaptive Kalman filtering,P. Gutman and M. Velger,1990,1990-09-01,IEEE Transactions on Aerospace and Electronic Systems,26,691-699,"A simple algorithm for estimating the unknown process noise variance of an otherwise known linear plant, using a Kalman filter is suggested. The process noise variance estimator is essentially dead beat, using the difference between the expected prediction error variance, computed in the Kalman filter, and the measured prediction error variance. The estimate is used to adapt the Kalman filter. The use of the adaptive filter is demonstrated in a simulated example in which a wildly maneuvering target is tracked. >",74,2.1,10.1109/7.102704,https://doi.org/10.1109/7.102704,0.4500
Cao24,Nonlinear Bayesian Filtering with Natural Gradient Gaussian Approximation,Wenhan Cao et al.,2024,2024-10-21,IEEE transactions on pattern analysis and machine intelligence,PP,,"Practical Bayes filters often assume the state distribution of each time step to be Gaussian for computational tractability, resulting in the so-called Gaussian filters. When facing nonlinear systems, Gaussian filters such as extended Kalman filter (EKF) or unscented Kalman filter (UKF) typically rely on certain linearization techniques, which can introduce large estimation errors. To address this issue, this paper reconstructs the prediction and update steps of Gaussian filtering as solutions to two distinct optimization problems, whose optimal conditions are found to have analytical forms from Stein's lemma. It is observed that the stationary point for the prediction step requires calculating the first two moments of the prior distribution, which is equivalent to that step in existing moment-matching filters. In the update step, instead of linearizing the model to approximate the stationary points, we propose an iterative approach to directly minimize the update step's objective to avoid linearization errors. For the purpose of performing the steepest descent on the Gaussian manifold, we derive its natural gradient that leverages Fisher information matrix to adjust the gradient direction, accounting for the curvature of the parameter space. Combining this update step with moment matching in the prediction step, we introduce a new iterative filter for nonlinear systems called Natural Gradient Gaussian Approximation filter, or NANOfilter for short. We prove that NANO filter locally converges to the optimal Gaussian approximation at each time step. Furthermore, the estimation error is proven exponentially bounded for nearly linear measurement equation and low noise levels through constructing a supermartingale-like property across consecutive time steps. Real-world experiments demonstrate that, compared to popular Gaussian filters such as EKF, UKF, iterated EKF, and posterior linearization filter, NANO filter reduces the average root mean square error by approximately 45% while maintaining a comparable computational burden.",10,6.3,10.48550/arXiv.2410.15832,https://doi.org/10.48550/arXiv.2410.15832,0.4200
Lia21,Learning in Volatile Environments With the Bayes Factor Surprise,"Vasiliki Liakoni, Alireza Modirshanechi, W. Gerstner, and Johanni Brea",2021,2021-01-05,Neural Computation,33,269-340,"Surprise-based learning allows agents to rapidly adapt to nonstationary stochastic environments characterized by sudden changes. We show that exact Bayesian inference in a hierarchical model gives rise to a surprise-modulated trade-off between forgetting old observations and integrating them with the new ones. The modulation depends on a probability ratio, which we call the Bayes Factor Surprise, that tests the prior belief against the current belief. We demonstrate that in several existing approximate algorithms, the Bayes Factor Surprise modulates the rate of adaptation to new observations. We derive three novel surprise-based algorithms, one in the family of particle filters, one in the family of variational learning, and one in the family of message passing, that have constant scaling in observation sequence length and particularly simple update dynamics for any distribution in the exponential family. Empirical results show that these surprise-based algorithms estimate parameters better than alternative approximate approaches and reach levels of performance comparable to computationally more expensive algorithms. The Bayes Factor Surprise is related to but different from the Shannon Surprise. In two hypothetical experiments, we make testable predictions for physiological indicators that dissociate the Bayes Factor Surprise from the Shannon Surprise. The theoretical insight of casting various approaches as surprise-based learning, as well as the proposed online algorithms, may be applied to the analysis of animal and human behavior and to reinforcement learning in nonstationary environments.",31,5.8,10.1162/neco_a_01352,https://doi.org/10.1162/neco_a_01352,0.4000
Pir24,Computational processes of simultaneous learning of stochasticity and volatility in humans,Payam Piray and N. D. Daw,2024,2024-10-21,Nature Communications,15,,"Making adaptive decisions requires predicting outcomes, and this in turn requires adapting to uncertain environments. This study explores computational challenges in distinguishing two types of noise influencing predictions: volatility and stochasticity. Volatility refers to diffusion noise in latent causes, requiring a higher learning rate, while stochasticity introduces moment-to-moment observation noise and reduces learning rate. Dissociating these effects is challenging as both increase the variance of observations. Previous research examined these factors mostly separately, but it remains unclear whether and how humans dissociate them when they are played off against one another. In two large-scale experiments, through a behavioral prediction task and computational modeling, we report evidence of humans dissociating volatility and stochasticity solely based on their observations. We observed contrasting effects of volatility and stochasticity on learning rates, consistent with statistical principles. These results are consistent with a computational model that estimates volatility and stochasticity by balancing their dueling effects. Adaptive learning is difficult in noisy environments, yet people often succeed. Here, the authors show that humans do this by distinguishing between two easily confused types of noise—volatility and stochasticity—which require opposite adjustments to learning.",24,15,10.1038/s41467-024-53459-z,https://doi.org/10.1038/s41467-024-53459-z,0.4000
Fri10,Action and behavior: a free-energy formulation,"Karl J. Friston, J. Daunizeau, J. Kilner, and S. Kiebel",2010,2010-03-01,Biological Cybernetics,102,227-260,"We have previously tried to explain perceptual inference and learning under a free-energy principle that pursues Helmholtz’s agenda to understand the brain in terms of energy minimization. It is fairly easy to show that making inferences about the causes of sensory data can be cast as the minimization of a free-energy bound on the likelihood of sensory inputs, given an internal model of how they were caused. In this article, we consider what would happen if the data themselves were sampled to minimize this bound. It transpires that the ensuing active sampling or inference is mandated by ergodic arguments based on the very existence of adaptive agents. Furthermore, it accounts for many aspects of motor behavior; from retinal stabilization to goal-seeking. In particular, it suggests that motor control can be understood as fulfilling prior expectations about proprioceptive sensations. This formulation can explain why adaptive behavior emerges in biological agents and suggests a simple alternative to optimal control theory. We illustrate these points using simulations of oculomotor control and then apply to same principles to cued and goal-directed movements. In short, the free-energy formulation may provide an alternative perspective on the motor control that places it in an intimate relationship with perception.",734,45,10.1007/s00422-010-0364-z,https://doi.org/10.1007/s00422-010-0364-z,0.3800
Fri12,Active inference and agency: optimal control without cost functions,"Karl J. Friston, Spyridon Samothrakis, and P. Montague",2012,2012-10-01,Biological Cybernetics,106,523-541,"This paper describes a variational free-energy formulation of (partially observable) Markov decision problems in decision making under uncertainty. We show that optimal control can be cast as active inference. In active inference, both action and posterior beliefs about hidden states minimise a free energy bound on the negative log-likelihood of observed states, under a generative model. In this setting, reward or cost functions are absorbed into prior beliefs about state transitions and terminal states. Effectively, this converts optimal control into a pure inference problem, enabling the application of standard Bayesian filtering techniques. We then consider optimal trajectories that rest on posterior beliefs about hidden states in the future. Crucially, this entails modelling control as a hidden state that endows the generative model with a representation of agency. This leads to a distinction between models with and without inference on hidden control states; namely, agency-free and agency-based models, respectively.",223,16,10.1007/s00422-012-0512-8,https://doi.org/10.1007/s00422-012-0512-8,0.3700
Par18,Generalised free energy and active inference,Thomas Parr and Karl J. Friston,2018,2018-04-23,Biological Cybernetics,113,495 - 513,"Active inference is an approach to understanding behaviour that rests upon the idea that the brain uses an internal generative model to predict incoming sensory data. The fit between this model and data may be improved in two ways. The brain could optimise probabilistic beliefs about the variables in the generative model (i.e. perceptual inference). Alternatively, by acting on the world, it could change the sensory data, such that they are more consistent with the model. This implies a common objective function (variational free energy) for action and perception that scores the fit between an internal model and the world. We compare two free energy functionals for active inference in the framework of Markov decision processes. One of these is a functional of beliefs (i.e. probability distributions) about states and policies, but a function of observations, while the second is a functional of beliefs about all three. In the former (expected free energy), prior beliefs about outcomes are not part of the generative model (because they are absorbed into the prior over policies). Conversely, in the second (generalised free energy), priors over outcomes become an explicit component of the generative model. When using the free energy function, which is blind to future observations, we equip the generative model with a prior over policies that ensure preferred (i.e. priors over) outcomes are realised. In other words, if we expect to encounter a particular kind of outcome, this lends plausibility to those policies for which this outcome is a consequence. In addition, this formulation ensures that selected policies minimise uncertainty about future outcomes by minimising the free energy expected in the future. When using the free energy functional—that effectively treats future observations as hidden states—we show that policies are inferred or selected that realise prior preferences by minimising the free energy of future expectations. Interestingly, the form of posterior beliefs about policies (and associated belief updating) turns out to be identical under both formulations, but the quantities used to compute them are not.",235,29,10.1007/s00422-019-00805-w,https://doi.org/10.1007/s00422-019-00805-w,0.3600
Cos20,Active inference on discrete state-spaces: A synthesis,Lancelot Da Costa et al.,2020,2020-01-20,Journal of Mathematical Psychology,99,,"Active inference is a normative principle underwriting perception, action, planning, decision-making and learning in biological or artificial agents. From its inception, its associated process theory has grown to incorporate complex generative models, enabling simulation of a wide range of complex behaviours. Due to successive developments in active inference, it is often difficult to see how its underlying principle relates to process theories and practical implementation. In this paper, we try to bridge this gap by providing a complete mathematical synthesis of active inference on discrete state-space models. This technical summary provides an overview of the theory, derives neuronal dynamics from first principles and relates this dynamics to biological processes. Furthermore, this paper provides a fundamental building block needed to understand active inference for mixed generative models; allowing continuous sensations to inform discrete representations. This paper may be used as follows: to guide research towards outstanding challenges, a practical guide on how to implement active inference to simulate experimental behaviour, or a pointer towards various in-silico neurophysiological responses that may be used to make empirical predictions.",255,40,10.1016/j.jmp.2020.102447,https://doi.org/10.1016/j.jmp.2020.102447,0.3500
Fri13,The anatomy of choice: active inference and agency,Karl J. Friston et al.,2013,2013-09-25,Frontiers in Human Neuroscience,7,,"This paper considers agency in the setting of embodied or active inference. In brief, we associate a sense of agency with prior beliefs about action and ask what sorts of beliefs underlie optimal behavior. In particular, we consider prior beliefs that action minimizes the Kullback–Leibler (KL) divergence between desired states and attainable states in the future. This allows one to formulate bounded rationality as approximate Bayesian inference that optimizes a free energy bound on model evidence. We show that constructs like expected utility, exploration bonuses, softmax choice rules and optimism bias emerge as natural consequences of this formulation. Previous accounts of active inference have focused on predictive coding and Bayesian filtering schemes for minimizing free energy. Here, we consider variational Bayes as an alternative scheme that provides formal constraints on the computational anatomy of inference and action—constraints that are remarkably consistent with neuroanatomy. Furthermore, this scheme contextualizes optimal decision theory and economic (utilitarian) formulations as pure inference problems. For example, expected utility theory emerges as a special case of free energy minimization, where the sensitivity or inverse temperature (of softmax functions and quantal response equilibria) has a unique and Bayes-optimal solution—that minimizes free energy. This sensitivity corresponds to the precision of beliefs about behavior, such that attainable goals are afforded a higher precision or confidence. In turn, this means that optimal behavior entails a representation of confidence about outcomes that are under an agent's control.",329,26,10.3389/fnhum.2013.00598,https://doi.org/10.3389/fnhum.2013.00598,0.3400
Ort08,A Minimum Relative Entropy Principle for Learning and Acting,Pedro A. Ortega and Daniel A. Braun,2008,2008-10-20,ArXiv,abs/0810.3605,,"This paper proposes a method to construct an adaptive agent that is universal with respect to a given class of experts, where each expert is designed specifically for a particular environment. This adaptive control problem is formalized as the problem of minimizing the relative entropy of the adaptive agent from the expert that is most suitable for the unknown environment. If the agent is a passive observer, then the optimal solution is the well-known Bayesian predictor. However, if the agent is active, then its past actions need to be treated as causal interventions on the I/O stream rather than normal probability conditions. Here it is shown that the solution to this new variational problem is given by a stochastic controller called the Bayesian control rule, which implements adaptive behavior as a mixture of experts. Furthermore, it is shown that under mild assumptions, the Bayesian control rule converges to the control law of the most suitable expert.",126,7.2,10.1613/JAIR.3062,https://doi.org/10.1613/JAIR.3062,0.3200
Ort12c,Thermodynamics as a theory of decision-making with information-processing costs,Pedro A. Ortega and Daniel A. Braun,2012,2012-04-29,"Proceedings of the Royal Society A: Mathematical, Physical and Engineering Sciences",469,,"Perfectly rational decision-makers maximize expected utility, but crucially ignore the resource costs incurred when determining optimal actions. Here, we propose a thermodynamically inspired formalization of bounded rational decision-making where information processing is modelled as state changes in thermodynamic systems that can be quantified by differences in free energy. By optimizing a free energy, bounded rational decision-makers trade off expected utility gains and information-processing costs measured by the relative entropy. As a result, the bounded rational decision-making problem can be rephrased in terms of well-known variational principles from statistical physics. In the limit when computational costs are ignored, the maximum expected utility principle is recovered. We discuss links to existing decision-making frameworks and applications to human decision-making experiments that are at odds with expected utility theory. Since most of the mathematical machinery can be borrowed from statistical physics, the main contribution is to re-interpret the formalism of thermodynamic free-energy differences in terms of bounded rational decision-making and to discuss its relationship to human decision-making experiments.",301,21,10.1098/rspa.2012.0683,https://doi.org/10.1098/rspa.2012.0683,0.3000
Tis11,Information Theory of Decisions and Actions,Naftali Tishby and D. Polani,2011,,,,601-636,,314,20,10.1007/978-1-4419-1452-1_19,https://doi.org/10.1007/978-1-4419-1452-1_19,0.2800
Ort15,Information-Theoretic Bounded Rationality,"Pedro A. Ortega, Daniel A. Braun, Justin Dyer, Kee-Eung Kim, and Naftali Tishby",2015,2015-12-21,ArXiv,abs/1512.06789,,"Bounded rationality, that is, decision-making and planning under resource limitations, is widely regarded as an important open problem in artificial intelligence, reinforcement learning, computational neuroscience and economics. This paper offers a consolidated presentation of a theory of bounded rationality based on information-theoretic ideas. We provide a conceptual justification for using the free energy functional as the objective function for characterizing bounded-rational decisions. This functional possesses three crucial properties: it controls the size of the solution space; it has Monte Carlo planners that are exact, yet bypass the need for exhaustive search; and it captures model uncertainty arising from lack of evidence or from interacting with other agents having unknown intentions. We discuss the single-step decision-making case, and show how to extend it to sequential decisions using equivalence transformations. This extension yields a very general class of decision problems that encompass classical decision rules (e.g. EXPECTIMAX and MINIMAX) as limit cases, as well as trust- and risk-sensitive planning.",57,5.5,,https://www.semanticscholar.org/paper/a5a6611134e82077184a2d3b7a336c75402cdaaf,0.2700
Buc17,The free energy principle for action and perception: A mathematical review,"C. Buckley, C. S. Kim, Simon McGregor, and A. Seth",2017,2017-05-24,Journal of Mathematical Psychology,81,55-79,"The ‘free energy principle’ (FEP) has been suggested to provide a unified theory of the brain, integrating data and theory relating to action, perception, and learning. The theory and implementation of the FEP combines insights from Helmholtzian ‘perception as inference’, machine learning theory, and statistical thermodynamics. Here, we provide a detailed mathematical evaluation of a suggested biologically plausible implementation of the FEP that has been widely used to develop the theory. Our objectives are (i) to describe within a single article the mathematical structure of this implementation of the FEP; (ii) provide a simple but complete agent-based model utilising the FEP and (iii) to disclose the assumption structure of this implementation of the FEP to help elucidate its significance for the brain sciences.",352,39,10.1016/J.JMP.2017.09.004,https://doi.org/10.1016/J.JMP.2017.09.004,0.2600
Bog17,A tutorial on the free-energy framework for modelling perception and learning,R. Bogacz,2017,2017-02-01,Journal of Mathematical Psychology,76,198 - 211,"This paper provides an easy to follow tutorial on the free-energy framework for modelling perception developed by Friston, which extends the predictive coding model of Rao and Ballard. These models assume that the sensory cortex infers the most likely values of attributes or features of sensory stimuli from the noisy inputs encoding the stimuli. Remarkably, these models describe how this inference could be implemented in a network of very simple computational elements, suggesting that this inference could be performed by biological networks of neurons. Furthermore, learning about the parameters describing the features and their uncertainty is implemented in these models by simple rules of synaptic plasticity based on Hebbian learning. This tutorial introduces the free-energy framework using very simple examples, and provides step-by-step derivations of the model. It also discusses in more detail how the model could be implemented in biological neural circuits. In particular, it presents an extended version of the model in which the neurons only sum their inputs, and synaptic plasticity only depends on activity of pre-synaptic and post-synaptic neurons.",303,33,10.1016/j.jmp.2015.11.003,https://doi.org/10.1016/j.jmp.2015.11.003,0.2500
