Cite Key,Title,Authors,Year,Publication Date,Journal,Volume,Pages,Abstract,Citation Count,Citations/Year,DOI,URL,Relevance Score
Arc20,Dissipativity Tools for Convergence to Nash Equilibria in Population Games,M. Arcak and N. C. Martins,2020,2020-05-07,IEEE Transactions on Control of Network Systems,8,39-50,"We analyze the stability of a nonlinear dynamical model describing the noncooperative strategic interactions among the agents of a finite collection of populations. Each agent selects one strategy at a time and revises it repeatedly according to a protocol that typically prioritizes strategies whose payoffs are either higher than those of the current strategy or exceed the population average. The model is predicated on well-established research in population and evolutionary games, and has two components. The first is the payoff dynamics model (PDM), which ascribes the payoff to each strategy according to the so-called social state vector whose entries are the proportions of every population adopting the available strategies. The second component is the evolutionary dynamics model (EDM) that accounts for the revision process. In our model, the social state at equilibrium is a best response to the strategies’ payoffs, and can be viewed as a Nash-like solution that has predictive value when it is globally asymptotically stable (GAS). We present a systematic methodology that ascertains GAS by checking separately whether the EDM and PDM satisfy appropriately defined system-theoretic dissipativity properties. Our work generalizes pioneering methods based on notions of contractivity applicable to memoryless PDMs, and more general system-theoretic passivity conditions. As demonstrated with examples, the added flexibility afforded by our approach is particularly useful when the contraction properties of the PDM are unequal across populations.",57,9.4,10.1109/TCNS.2020.3029990,https://doi.org/10.1109/TCNS.2020.3029990,2.3000
Har03,Uncoupled Dynamics Do Not Lead to Nash Equilibrium,S. Hart and A. Mas-Colell,2003,2003-11-01,The American Economic Review,93,1830-1836,"We call a dynamical system uncoupled if the dynamic for each player does not depend on the payoffs of the other players. We show that there are no uncoupled dynamics that are guaranteed to converge to Nash equilibrium, even when the Nash equilibrium is unique.",154,6.8,10.1257/000282803322655581,https://doi.org/10.1257/000282803322655581,2.0000
Fox12b,"Population games, stable games, and passivity",Michael J. Fox and J. Shamma,2012,2012-12-01,2012 IEEE 51st IEEE Conference on Decision and Control (CDC),,7445-7450,"Stable games [1] have the attractive property of admitting global convergence to equilibria under many learning dynamics. We show that stable games can be formulated as passive input-output systems. This observation enables us to identify passivity of a learning dynamic as a sufficient condition for global convergence in stable games. Notably, dynamics satisfying our condition need not exhibit positive correlation between the payoffs and their directions of motion. Our condition is satisfied by the dynamics known to exhibit global convergence in stable games. We give a decision-theoretic interpretation for passive learning dynamics that mirrors the interpretation of stable games as strategic environments exhibiting self-defeating externalities. Lastly, we exploit the flexibility of the passivity condition to study the impact of applying various forecasting heuristics to the payoffs used in the learning process.",120,8.9,10.1109/CDC.2012.6426106,https://doi.org/10.1109/CDC.2012.6426106,1.9000
Pav22,Dissipativity Theory in Game Theory: On the Role of Dissipativity and Passivity in Nash Equilibrium Seeking,Lacra Pavel,2022,2022-06-01,IEEE Control Systems,42,150-164,"I n this article, we show how dissipativity and passivity theory impacts game theory, in particular, learning in multiplayer games. Over the years, a plethora of algorithms/dynamics have been proposed in the game theoretic literature for learning (or seeking) a Nash equilibrium. From the best-response play, proximal dynamics and (projected) gradient-play to fictitious-play, payoff-based play or Q-learning (reinforcement-learning), the list is long. Herein, we consider some these popular game-theoretic algorithms and show how the principle of balancing passivity can explain their operation, as well as the trade-off between game properties and learning dynamics properties. We discuss how passivity and basic properties of interconnected systems lead to simplified proofs of convergence of such algorithms, and furthermore, how by leveraging them, novel algorithms and game dynamics with better properties can be generated.",18,4.5,10.1109/MCS.2022.3157119,https://doi.org/10.1109/MCS.2022.3157119,1.7500
Can10c,Flows and Decompositions of Games: Harmonic and Potential Games,"Ozan Candogan, Ishai Menache, A. Ozdaglar, and P. Parrilo",2010,2010-05-13,Math. Oper. Res.,36,474-503,"In this paper we introduce a novel flow representation for finite games in strategic form. This representation allows us to develop a canonical direct sum decomposition of an arbitrary game into three components, which we refer to as the potential, harmonic, and nonstrategic components. We analyze natural classes of games that are induced by this decomposition, and in particular, focus on games with no harmonic component and games with no potential component. We show that the first class corresponds to the well-known potential games. We refer to the second class of games as harmonic games, and demonstrate that this new class has interesting properties which contrast with properties of potential games. Exploiting the decomposition framework, we obtain explicit expressions for the projections of games onto the subspaces of potential and harmonic games. This enables an extension of the equilibrium properties of potential and harmonic games to “nearby” games.",214,13,10.1287/moor.1110.0500,https://doi.org/10.1287/moor.1110.0500,1.6200
Hof03,Uncoupled Dynamics Do Not Lead to Nash Equilibrium,J. Hofbauer,2003,,,,,"It is notoriously dif cult to formulate sensible adaptive dynamics that guarantee convergence to Nash equilibrium. In fact, short of variants of exhaustive search (deterministic or stochastic), there are no general results; of course, there are many important, interesting and well-studied particular cases. See the books of Jörgen W. Weibull (1995), Fernando VegaRedondo (1996), Larry Samuelson (1997), Drew Fudenberg and David K. Levine (1998), Josef Hofbauer and Karl Sigmund (1998), H. Peyton Young (1998), and the discussion in Section IV below. Here we provide a simple answer to the question: Why is that so? Our answer is that the lack of a general result is an intrinsic consequence of the natural requirement that dynamics of play be “uncoupled” among the players, that is, the adjustment of a player’s strategy does not depend on the payoff functions (or utility functions) of the other players (it may depend on the other players’ strategies, as well as on the payoff function of the player himself). This is a basic informational condition for dynamics of the “adaptive” or “behavioral” type. It is important to emphasize that, unlike the existing literature (see Section IV), we make no “rationality” assumptions: our dynamics are not best-reply dynamics, or better-reply, or payoffimproving, or monotonic, and so on. What we show is that the impossibility result is due only to an “informational” requirement—that the dynamics be uncoupled.",257,11,10.4159/9780674915343-011,https://doi.org/10.4159/9780674915343-011,1.5500
Gok23,Contractivity of Distributed Optimization and Nash Seeking Dynamics,"Anand Gokhale, A. Davydov, and Francesco Bullo",2023,2023-09-11,IEEE Control Systems Letters,7,3896-3901,"In this letter, we study distributed optimization and Nash equilibrium-seeking dynamics from a contraction theoretic perspective. Our first result is a novel bound on the logarithmic norm of saddle matrices. Second, for distributed gradient flows based upon incidence and Laplacian constraints over arbitrary topologies, we establish strong contractivity over an appropriate invariant vector subspace. Third, we give sufficient conditions for strong contractivity in pseudogradient and best response games with complete information, show the equivalence of these conditions, and consider the special case of aggregative games.",0,,10.1109/LCSYS.2023.3341987,https://doi.org/10.1109/LCSYS.2023.3341987,1.5000
Loh98,On Contraction Analysis for Non-linear Systems,Winfried Lohmiller and Jean-Jacques E. Slotine,1998,1998-06-01,Autom.,34,683-696,,1495,53,10.1016/S0005-1098(98)00019-3,https://doi.org/10.1016/S0005-1098(98)00019-3,1.4500
Mer17b,Cycles in adversarial regularized learning,"P. Mertikopoulos, C. Papadimitriou, and G. Piliouras",2017,2017-09-08,ACM-SIAM Symposium on Discrete Algorithms,,2703-2717,"Regularized learning is a fundamental technique in online optimization, machine learning and many other fields of computer science. A natural question that arises in these settings is how regularized learning algorithms behave when faced against each other. We study a natural formulation of this problem by coupling regularized learning dynamics in zero-sum games. We show that the system's behavior is Poincare recurrent, implying that almost every trajectory revisits any (arbitrarily small) neighborhood of its starting point infinitely often. This cycling behavior is robust to the agents' choice of regularization mechanism (each agent could be using a different regularizer), to positive-affine transformations of the agents' utilities, and it also persists in the case of networked competition, i.e., for zero-sum polymatrix games.",354,41,10.1137/1.9781611975031.172,https://doi.org/10.1137/1.9781611975031.172,1.4000
Loh99,Contraction analysis of nonlinear systems,Winfried Lohmiller,1999,,,,,,596,22,,https://www.semanticscholar.org/paper/90b4d5ba4d1e1c7b0f36315b1f06c65266d42384,1.3500
Fac03,Finite-Dimensional Variational Inequalities and Complementarity Problems,F. Facchinei and J. Pang,2003,,,,,,5752,247,10.1007/b97543,https://doi.org/10.1007/b97543,1.3000
Let19,Differentiable Game Mechanics,Alistair Letcher et al.,2019,2019-05-01,J. Mach. Learn. Res.,20,84:1-84:40,"Deep learning is built on the foundational guarantee that gradient descent on an objective function converges to local minima. Unfortunately, this guarantee fails in settings, such as generative adversarial nets, that exhibit multiple interacting losses. The behavior of gradient-based methods in games is not well understood -- and is becoming increasingly important as adversarial and multi-objective architectures proliferate. In this paper, we develop new tools to understand and control the dynamics in n-player differentiable games. 
The key result is to decompose the game Jacobian into two components. The first, symmetric component, is related to potential games, which reduce to gradient descent on an implicit function. The second, antisymmetric component, relates to Hamiltonian games, a new class of games that obey a conservation law akin to conservation laws in classical mechanical systems. The decomposition motivates Symplectic Gradient Adjustment (SGA), a new algorithm for finding stable fixed points in differentiable games. Basic experiments show SGA is competitive with recently proposed algorithms for finding stable fixed points in GANs -- while at the same time being applicable to, and having guarantees in, much more general cases.",90,13,,https://www.semanticscholar.org/paper/d4f24c06a9366de30dea3965d3579c58b45e3fe4,1.2500
Nag95,Projected Dynamical Systems and Variational Inequalities with Applications,A. Nagurney and Ding Zhang,1995,1995-12-31,,,,,644,21,10.1007/978-1-4615-2301-7,https://doi.org/10.1007/978-1-4615-2301-7,1.2200
Che21b,"Online Optimization in Games via Control Theory: Connecting Regret, Passivity and Poincaré Recurrence",Yun Kuen Cheung and G. Piliouras,2021,2021-06-09,International Conference on Machine Learning,,1855-1865,"We present a novel control-theoretic understanding of online optimization and learning in games, via the notion of passivity. Passivity is a fundamental concept in control theory, which abstracts energy conservation and dissipation in physical systems. It has become a standard tool in analysis of general feedback systems, to which game dynamics belong. Our starting point is to show that all continuous-time Follow-the-Regularized-Leader (FTRL) dynamics, which include the well-known Replicator Dynamic, are lossless, i.e. it is passive with no energy dissipation. Interestingly, we prove that passivity implies bounded regret, connecting two fundamental primitives of control theory and online optimization. The observation of energy conservation in FTRL inspires us to present a family of lossless learning dynamics, each of which has an underlying energy function with a simple gradient structure. This family is closed under convex combination; as an immediate corollary, any convex combination of FTRL dynamics is lossless and thus has bounded regret. This allows us to extend the framework of Fox and Shamma [Games, 2013] to prove not just global asymptotic stability results for game dynamics, but Poincar\'e recurrence results as well. Intuitively, when a lossless game (e.g. graphical constant-sum game) is coupled with lossless learning dynamics, their feedback interconnection is also lossless, which results in a pendulum-like energy-preserving recurrent behavior, generalizing the results of Piliouras and Shamma [SODA, 2014] and Mertikopoulos, Papadimitriou and Piliouras [SODA, 2018].",9,1.8,,https://www.semanticscholar.org/paper/7f92dbdc379159098d22a760dc39498c34c2e0f9,1.2000
Hop95,"Learning, Matching and Aggregation",E. Hopkins,1995,,Games and Economic Behavior,26,79-110,"Fictitious play and ""gradient"" learning are examined in the context of a large population where agents are repeatedly randomly matched. We show that the aggregation of this learning behaviour can be qualitatively different from learning at the level of the individual. This aggregate dynamic belongs to the same class of simply defined dynamic as do several formulations of evolutionary dynamics. We obtain sufficient conditions for convergence and divergence which are valid for the whole class of dynamics. These results are therefore robust to most specifications of adaptive behaviour.",51,1.6,10.1006/GAME.1998.0647,https://doi.org/10.1006/GAME.1998.0647,1.1900
Gad17b,A Passivity-Based Approach to Nash Equilibrium Seeking Over Networks,Dian Gadjov and Lacra Pavel,2017,2017-05-06,IEEE Transactions on Automatic Control,64,1077-1092,"In this paper, we consider the problem of distributed Nash equilibrium (NE) seeking over networks, a setting in which players have limited local information on the others’ decisions. We start from a continuous-time gradient-play dynamics that converges to an NE under strict monotonicity of the pseudogradient and assumes perfect information. We consider how to modify it in the case of partial, or networked information between players. We propose an augmented gradient-play dynamics with correction, in which players communicate locally only with their neighbors to compute an estimate of the other players’ actions. We derive the new dynamics based on the reformulation as a multiagent coordination problem over an undirected graph. We exploit incremental passivity properties and show that a synchronizing, distributed Laplacian feedback can be designed using relative estimates of the neighbors. Under a strict monotonicity property of the pseudogradient, we show that the augmented gradient-play dynamics converges to consensus on the NE of the game. We further discuss two cases that highlight the tradeoff between properties of the game and the communication graph.",311,34,10.1109/TAC.2018.2833140,https://doi.org/10.1109/TAC.2018.2833140,1.1800
Gad23c,On the Exact Convergence to Nash Equilibrium in Hypomonotone Regimes Under Full and Partial-Decision Information,Dian Gadjov and Lacra Pavel,2023,2023-08-01,IEEE Transactions on Automatic Control,68,4539-4553,"In this article, we consider distributed Nash equilibrium seeking in monotone and hypomonotone games. We first assume that each player has knowledge of the opponents’ decisions and propose a passivity-based modification of the standard gradient-play dynamics, which we call “Heavy Anchor.” We prove that Heavy Anchor allows a relaxation of strict monotonicity of the pseudogradient, needed for gradient-play dynamics, and can ensure exact asymptotic convergence in merely monotone regimes. We extend these results to the setting where each player has only partial information of the opponents’ decisions. In addition, by introducing an inverse Lipschitz property, we are able to extend the results to hypomonotone games. We modify Heavy Anchor via a distributed Laplacian feedback and show how we can exploit equilibrium-independent passivity properties to achieve convergence to the Nash equilibrium in hypomonotone regimes.",16,5.7,10.1109/TAC.2022.3204543,https://doi.org/10.1109/TAC.2022.3204543,1.1700
Fei10,Stability of primal-dual gradient dynamics and applications to network optimization,Diego Feijer and F. Paganini,2010,2010-12-01,Autom.,46,1974-1981,,369,24,10.1016/j.automatica.2010.08.011,https://doi.org/10.1016/j.automatica.2010.08.011,1.1600
Bur13b,Duality and network theory in passivity-based cooperative control,"Mathias Bürger, Daniel Zelazo, and F. Allgöwer",2013,2013-01-16,Autom.,50,2051-2061,"This paper presents a class of passivity-based cooperative control problems that have an explicit connection to convex network optimization problems. The new notion of maximal equilibrium independent passivity is introduced and it is shown that networks of systems possessing this property asymptotically approach the solutions of a dual pair of network optimization problems, namely an optimal potential and an optimal flow problem. This connection leads to an interpretation of the dynamic variables, such as system inputs and outputs, to variables in a network optimization framework, such as divergences and potentials, and reveals that several duality relations known in convex network optimization theory translate directly to passivity-based cooperative control problems. The presented results establish a strong and explicit connection between passivity-based cooperative control theory on the one side and network optimization theory on the other, and they provide a unifying framework for network analysis and optimal design. The results are illustrated on a nonlinear traffic dynamics model that is shown to be asymptotically clustering.",122,9.1,10.1016/j.automatica.2014.06.002,https://doi.org/10.1016/j.automatica.2014.06.002,1.1400
Arr60,Stability of the Gradient Process in n-Person Games,K. Arrow and L. Hurwicz,1960,1960-06-01,Journal of The Society for Industrial and Applied Mathematics,8,280-294,,55,0.8,10.1137/0108016,https://doi.org/10.1137/0108016,1.1300
Che16c,The Role of Convexity in Saddle-Point Dynamics: Lyapunov Function and Robustness,"A. Cherukuri, Enrique Mallada, S. Low, and J. Cortés",2016,2016-08-30,IEEE Transactions on Automatic Control,63,2449-2464,"This paper studies the projected saddle-point dynamics associated to a convex–concave function, which we term saddle function. The dynamics consists of gradient descent of the saddle function in variables corresponding to convexity and (projected) gradient ascent in variables corresponding to concavity. We examine the role that the local and/or global nature of the convexity–concavity properties of the saddle function plays in guaranteeing convergence and robustness of the dynamics. Under the assumption that the saddle function is twice continuously differentiable, we provide a novel characterization of the omega-limit set of the trajectories of this dynamics in terms of the diagonal blocks of the Hessian. Using this characterization, we establish global asymptotic convergence of the dynamics under local strong convexity–concavity of the saddle function. When strong convexity–concavity holds globally, we establish three results. First, we identify a Lyapunov function (that decreases strictly along the trajectory) for the projected saddle-point dynamics when the saddle function corresponds to the Lagrangian of a general constrained convex optimization problem. Second, for the particular case when the saddle function is the Lagrangian of an equality-constrained optimization problem, we show input-to-state stability (ISS) of the saddle-point dynamics by providing an ISS Lyapunov function. Third, we use the latter result to design an opportunistic state-triggered implementation of the dynamics. Various examples illustrate our results.",120,12,10.1109/TAC.2017.2778689,https://doi.org/10.1109/TAC.2017.2778689,1.1200
Che15d,Saddle-Point Dynamics: Conditions for Asymptotic Stability of Saddle Points,"A. Cherukuri, B. Gharesifard, and J. Cortés",2015,2015-10-07,SIAM J. Control. Optim.,55,486-511,"This paper considers continuously differentiable functions of two vector variables that have (possibly a continuum of) min-max saddle points. We study the asymptotic convergence properties of the associated saddle-point dynamics (gradient-descent in the first variable and gradient-ascent in the second one). We identify a suite of complementary conditions under which the set of saddle points is asymptotically stable under the saddle-point dynamics. Our first set of results is based on the convexity-concavity of the function defining the saddle-point dynamics to establish the convergence guarantees. For functions that do not enjoy this feature, our second set of results relies on properties of the linearization of the dynamics, the function along the proximal normals to the saddle set, and the linearity of the function in one variable. We also provide global versions of the asymptotic convergence results. Various examples illustrate our discussion.",188,18,10.1137/15M1026924,https://doi.org/10.1137/15M1026924,1.1000
Leg24b,A geometric decomposition of finite games: Convergence vs. recurrence under exponential weights,"Davide Legacci, P. Mertikopoulos, and Bary S. R. Pradelski",2024,2024-05-12,ArXiv,abs/2405.07224,,"In view of the complexity of the dynamics of learning in games, we seek to decompose a game into simpler components where the dynamics' long-run behavior is well understood. A natural starting point for this is Helmholtz's theorem, which decomposes a vector field into a potential and an incompressible component. However, the geometry of game dynamics - and, in particular, the dynamics of exponential / multiplicative weights (EW) schemes - is not compatible with the Euclidean underpinnings of Helmholtz's theorem. This leads us to consider a specific Riemannian framework based on the so-called Shahshahani metric, and introduce the class of incompressible games, for which we establish the following results: First, in addition to being volume-preserving, the continuous-time EW dynamics in incompressible games admit a constant of motion and are Poincar\'e recurrent - i.e., almost every trajectory of play comes arbitrarily close to its starting point infinitely often. Second, we establish a deep connection with a well-known decomposition of games into a potential and harmonic component (where the players' objectives are aligned and anti-aligned respectively): a game is incompressible if and only if it is harmonic, implying in turn that the EW dynamics lead to Poincar\'e recurrence in harmonic games.",10,4.9,10.48550/arXiv.2405.07224,https://doi.org/10.48550/arXiv.2405.07224,1.0900
Ngu18c,Contraction and Robustness of Continuous Time Primal-Dual Dynamics,"H. Nguyen, T. Vu, K. Turitsyn, and J. Slotine",2018,2018-03-15,IEEE Control Systems Letters,2,755-760,"The Primal-dual (PD) algorithm is widely used in convex optimization to determine saddle points. While the stability of the PD algorithm can be easily guaranteed, strict contraction is nontrivial to establish in most cases. This letter focuses on continuous, possibly non-autonomous PD dynamics arising in a network context, in distributed optimization, or in systems with multiple time-scales. We show that the PD algorithm is indeed strictly contracting in specific metrics and analyze its robustness establishing stability and performance guarantees for different approximate PD systems. We derive estimates for the performance of multiple time-scale multi-layer optimization systems, and illustrate our results on a PD representation of the Automatic Generation Control of power systems.",42,5.1,10.1109/LCSYS.2018.2847408,https://doi.org/10.1109/LCSYS.2018.2847408,1.0800
Bel22b,Online Feedback Equilibrium Seeking,Giuseppe Belgioioso et al.,2022,2022-10-21,IEEE Transactions on Automatic Control,70,203-218,"This article proposes a unifying design framework for dynamic feedback controllers that track solution trajectories of time-varying generalized equations, such as local minimizers of nonlinear programs or competitive equilibria (e.g., Nash) of noncooperative games. Inspired by the feedback optimization paradigm, the core idea of the proposed approach is to repurpose classic iterative algorithms for solving generalized equations (e.g., Josephy–Newton, forward–backward splitting) as dynamic feedback controllers by integrating online measurements of the continuous-time nonlinear plant. Sufficient conditions for closed-loop stability and robustness of the algorithm-plant cyber-physical interconnection are derived in a sampled-data setting by combining and tailoring results from (monotone) operator, fixed-point, and nonlinear systems theory. Numerical simulations on smart building automation and competitive supply chain management are presented to support the theoretical findings.",37,10,10.1109/TAC.2024.3424345,https://doi.org/10.1109/TAC.2024.3424345,1.0500
Per20c,From Poincaré Recurrence to Convergence in Imperfect Information Games: Finding Equilibrium via Regularization,J. Pérolat et al.,2020,2020-02-19,International Conference on Machine Learning,,8525-8535,"In this paper we investigate the Follow the Regularized Leader dynamics in sequential imperfect information games (IIG). We generalize existing results of Poincare recurrence from normal-form games to zero-sum two-player imperfect information games and other sequential game settings. We then investigate how adapting the reward (by adding a regularization term) of the game can give strong convergence guarantees in monotone games. We continue by showing how this reward adaptation technique can be leveraged to build algorithms that converge exactly to the Nash equilibrium. Finally, we show how these insights can be directly used to build state-of-the-art model-free algorithms for zero-sum two-player Imperfect Information Games (IIG).",102,16,,https://www.semanticscholar.org/paper/af111ed91c177a14d403fce77e1c9c2fb99b0061,1.0500
Cam16b,Linear passive systems and maximal monotone mappings,M. Camlibel and J. Schumacher,2016,2016-06-01,Mathematical Programming,157,397-420,"This paper deals with a class of dynamical systems obtained from interconnecting linear systems with static set-valued relations. We first show that such an interconnection can be described by a differential inclusions with a maximal monotone set-valued mappings when the underlying linear system is passive and the static relation is maximal monotone. Based on the classical results on such differential inclusions, we conclude that such interconnections are well-posed in the sense of existence and uniqueness of solutions. Finally, we investigate conditions which guarantee well-posedness but are weaker than passivity.",52,5.2,10.1007/S10107-015-0945-7,https://doi.org/10.1007/S10107-015-0945-7,1.0400
Gao20,Continuous-Time Convergence Rates in Potential and Monotone Games,Bolin Gao and Lacra Pavel,2020,2020-11-21,SIAM J. Control. Optim.,60,1712-1731,"In this paper, we provide exponential rates of convergence to the Nash equilibrium of continuous-time game dynamics such as mirror descent (MD) and actor-critic (AC) in $N$-player continuous games that are either potential games or monotone games but possibly potential-free. In the first part of this paper, under the assumption the game admits a relatively strongly concave potential, we show that MD and AC converge in $\mathcal{O}(e^{-\beta t})$. In the second part of this paper, using relative concavity, we provide a novel relative characterization of monotone games and show that MD and its discounted version converge with $\mathcal{O}(e^{-\beta t})$ in relatively strongly and relatively hypo-monotone games. Moreover, these rates extend their known convergence conditions and also improve the results in the potential game setup. Simulations are performed which empirically back up our results.",10,1.8,10.1137/20m1381873,https://doi.org/10.1137/20m1381873,1.0300
Mer16,Learning in games with continuous action sets and unknown payoff functions,P. Mertikopoulos and Zhengyuan Zhou,2016,2016-08-25,Mathematical Programming,173,465 - 507,"This paper examines the convergence of no-regret learning in games with continuous action sets. For concreteness, we focus on learning via “dual averaging”, a widely used class of no-regret learning schemes where players take small steps along their individual payoff gradients and then “mirror” the output back to their action sets. In terms of feedback, we assume that players can only estimate their payoff gradients up to a zero-mean error with bounded variance. To study the convergence of the induced sequence of play, we introduce the notion of variational stability, and we show that stable equilibria are locally attracting with high probability whereas globally stable equilibria are globally attracting with probability 1. We also discuss some applications to mixed-strategy learning in finite games, and we provide explicit estimates of the method’s convergence speed.",298,31,10.1007/s10107-018-1254-8,https://doi.org/10.1007/s10107-018-1254-8,1.0100
Bri11,Monotone Operator Methods for Nash Equilibria in Non-potential Games,L. Briceño-Arias and P. Combettes,2011,2011-06-01,arXiv: Optimization and Control,,143-159,"We observe that a significant class of Nash equilibrium problems in non-potential games can be associated with monotone inclusion problems. We propose splitting techniques to solve such problems and establish their convergence. Applications to generalized Nash equilibria, zero-sum games, and cyclic proximation problems are demonstrated.",76,5.1,10.1007/978-1-4614-7621-4_9,https://doi.org/10.1007/978-1-4614-7621-4_9,1.0000
Cam22,Port-Hamiltonian systems and monotonicity,M. Camlibel and A. Schaft,2022,2022-06-18,,,,". The relationships between port-Hamiltonian systems modeling and the notion of monotonicity are explored. The earlier introduced notion of incrementally port-Hamiltonian systems is extended to maximal cyclically monotone relations, together with their generating functions. This gives rise to new classes of incrementally port-Hamiltonian systems, with examples stemming from physical systems modeling as well as from convex optimization. An in-depth treatment is given of the composition of maximal monotone and maximal cyclically monotone relations, where in the latter case the resulting maximal cyclically monotone relation is shown to be computable through the use of generating functions. Furthermore, connections are discussed with incremental versions of passivity, and it is shown how incrementally port-Hamiltonian systems with strictly convex Hamiltonians are (maximal) equilibrium independent passive. Finally, the results on compositionality of monotone relations are employed for a convex optimization approach to the computation of the equilibrium of interconnected incrementally port-Hamiltonian systems.",3,0.8,,https://www.semanticscholar.org/paper/879699862dfa21a562ae535849d553e9a36d5962,0.9900
Pav19,On Incremental Passivity in Network Games,Lacra Pavel,2019,,"Network Games, Control, and Optimization",,,,1,0.1,10.1007/978-3-030-10880-9_11,https://doi.org/10.1007/978-3-030-10880-9_11,0.9800
Bal18d,The Mechanics of n-Player Differentiable Games,David Balduzzi et al.,2018,2018-02-15,International Conference on Machine Learning,,363-372,"The cornerstone underpinning deep learning is the guarantee that gradient descent on an objective converges to local minima. Unfortunately, this guarantee fails in settings, such as generative adversarial nets, where there are multiple interacting losses. The behavior of gradient-based methods in games is not well understood -- and is becoming increasingly important as adversarial and multi-objective architectures proliferate. In this paper, we develop new techniques to understand and control the dynamics in general games. The key result is to decompose the second-order dynamics into two components. The first is related to potential games, which reduce to gradient descent on an implicit function; the second relates to Hamiltonian games, a new class of games that obey a conservation law, akin to conservation laws in classical mechanical systems. The decomposition motivates Symplectic Gradient Adjustment (SGA), a new algorithm for finding stable fixed points in general games. Basic experiments show SGA is competitive with recently proposed algorithms for finding local Nash equilibria in GANs -- whilst at the same time being applicable to -- and having guarantees in -- much more general games.",306,37,,https://www.semanticscholar.org/paper/52f7ae53e58c5098133d041794b4465d36c2fdb6,0.9800
Maz18,On Gradient-Based Learning in Continuous Games,"Eric V. Mazumdar, L. Ratliff, and S. Sastry",2018,2018-04-16,SIAM J. Math. Data Sci.,2,103-131,"We study the limiting behavior of competitive agents employing gradient-based learning algorithms through the lens of dynamical systems theory. Specifically, we introduce a general framework for competitive gradient-based learning that allows us to analyze a wide breadth of learning algorithms including policy gradient reinforcement learning, gradient based bandits, and certain online convex optimization algorithms. We show that for both potential games and general-sum games, when agents employ gradient-based learning algorithms, they will avoid a non-negligible subset of the local Nash equilibria. This is a strongly negative result for gradient-based learning in games. Our framework also sheds light on the issue of convergence to non-Nash strategies in general-sum and zero-sum games which have no relevance to the underlying game, and arise solely due to the choice of algorithm. The existence and frequency of strategies may explain some of the difficulties encountered when using gradient descent in zero-sum games (e.g. to train generative adversarial networks). Finally, we introduce a new class of games, Morse-Smale games, for which the gradient dynamics correspond to gradient-like flows. This class encompasses a large set of commonly encountered games. For Morse-Smale games, we show that competitive gradient-based learning converges to either limit cycles, Nash equilibria, or non-Nash fixed points almost surely. To reinforce our theoretical contributions, we provide empirical results that highlight the frequency of Nash equilibria that are almost surely avoided by policy gradient in linear quadratic games. Indeed, we present empirical results that show that policy gradient almost surely avoids the unique global Nash equilibrium in one out of five randomly sampled linear quadratic games.",161,20,10.1137/18M1231298,https://doi.org/10.1137/18M1231298,0.9600
Hsi21,Adaptive Learning in Continuous Games: Optimal Regret Bounds and Convergence to Nash Equilibrium,"Yu-Guan Hsieh, Kimon Antonakopoulos, and P. Mertikopoulos",2021,2021-04-26,Annual Conference Computational Learning Theory,,2388-2422,"In game-theoretic learning, several agents are simultaneously following their individual interests, so the environment is non-stationary from each player's perspective. In this context, the performance of a learning algorithm is often measured by its regret. However, no-regret algorithms are not created equal in terms of game-theoretic guarantees: depending on how they are tuned, some of them may drive the system to an equilibrium, while others could produce cyclic, chaotic, or otherwise divergent trajectories. To account for this, we propose a range of no-regret policies based on optimistic mirror descent, with the following desirable properties: i) they do not require any prior tuning or knowledge of the game; ii) they all achieve O(\sqrt{T}) regret against arbitrary, adversarial opponents; and iii) they converge to the best response against convergent opponents. Also, if employed by all players, then iv) they guarantee O(1) social regret; while v) the induced sequence of play converges to Nash equilibrium with O(1) individual regret in all variationally stable games (a class of games that includes all monotone and convex-concave zero-sum games).",90,18,,https://www.semanticscholar.org/paper/e6aaac94df717786a467d057cb2157b9d49f0974,0.9600
Cis20,A Contraction Analysis of Primal-Dual Dynamics in Distributed and Time-Varying Implementations,"Pedro Cisneros-Velarde, Saber Jafarpour, and F. Bullo",2020,2020-03-27,IEEE Transactions on Automatic Control,67,3560-3566,"In this article, we provide an overarching analysis of primal-dual dynamics associated with linear equality-constrained optimization problems using contraction analysis. For the well-known standard version of the problem, we establish convergence under convexity and the contracting rate under strong convexity. Then, for a canonical distributed optimization problem, we use partial contractivity to establish global exponential convergence of its primal-dual dynamics. As an application, we propose a new distributed solver for the least-squares problem with the same convergence guarantees. Finally, for time-varying versions of both centralized and distributed primal-dual dynamics, we exploit their contractive nature to establish bounds on their tracking error. To support our analyses, we introduce novel results on contraction theory.",23,3.7,10.1109/tac.2021.3103865,https://doi.org/10.1109/tac.2021.3103865,0.9500
Mil23c,An impossibility theorem in game dynamics,"Jason Milionis, Christos Papadimitriou, Georgios Piliouras, and Kelly Spendlove",2023,2023-10-05,Proceedings of the National Academy of Sciences of the United States of America,120,,"Significance The Nash equilibrium is the fundamental solution concept of game theory, playing a central role in fields beyond economics. Nash’s existence proof is famously nonconstructive, and the dynamics employed in the proof fail to converge to a Nash equilibrium. We show that this failure is a special case of a much more sweeping impossibility result for any game dynamics satisfying a minimal set of desiderata. Thus, the solution concept of Nash equilibria, while universally applicable, is also simultaneously a fundamentally incomplete description of the possible long-term agent behavior.",35,13,10.1073/pnas.2305349120,https://doi.org/10.1073/pnas.2305349120,0.9500
Kan12c,Distributed Computation of Equilibria in Monotone Nash Games via Iterative Regularization Techniques,A. Kannan and U. Shanbhag,2012,2012-10-02,SIAM J. Optim.,22,1177-1205,"We consider the development of single-timescale schemes for the distributed computation of equilibria associated with Nash games in which each player solves a convex program. Equilibria associated with such games are wholly captured by the solution set of a variational inequality. Our focus is on a class of games, termed monotone Nash games, that lead to monotone variational inequalities. Distributed extensions of standard approaches for solving such variational problems are characterized by two challenges: (1) Unless suitable assumptions (such as strong monotonicity) are imposed on the mapping arising in the specification of the variational inequality, iterative methods often require the solution of a sequence of regularized problems, a naturally two-timescale process that is harder to implement in practice. (2) Additionally, algorithm parameters for all players (such as steplengths and regularization parameters) have to be chosen centrally and communicated to all players; importantly, these parameters c...",125,9.2,10.1137/110825352,https://doi.org/10.1137/110825352,0.9400
Awi20,Continuous time approximation of Nash equilibria,"Romeo Awi, Ryan Hynd, and H. Mawi",2020,2020-09-14,arXiv: Analysis of PDEs,,,"We consider the problem of approximating Nash equilibria of $N$ functions $f_1,\dots, f_N$ of $N$ variables. In particular, we deduce conditions under which systems of the form $$ \dot u_j(t)=-\nabla_{x_j}f_j(u(t)) $$ $(j=1,\dots, N)$ are well posed and in which the large time limits of their solutions $u(t)=(u_1(t),\dots, u_N(t))$ are Nash equilibria for $f_1,\dots, f_N$. To this end, we will invoke the theory of maximal monotone operators. We will also identify an application of these ideas in game theory and show how to approximate equilibria in some game theoretic problems in function spaces.",1,0.2,,https://www.semanticscholar.org/paper/df4520729b02d8cef58231e3ed2cff6a2157fe4e,0.9300
Hol17,Stability and Instability in Saddle Point Dynamics—Part I,Thomas Holding and Ioannis Lestas,2017,2017-07-23,IEEE Transactions on Automatic Control,66,2933-2944,"We consider the problem of convergence to a saddle point of a concave–convex function via gradient dynamics. Since first introduced by Arrow, Hurwicz, and Uzawa, such dynamics have been extensively used in diverse areas; there are, however, features that render their analysis nontrivial. These include the lack of convergence guarantees when the concave–convex function considered does not satisfy additional strictness properties and also the nonsmoothness of subgradient dynamics. Our aim in this two-part article is to provide an explicit characterization to the asymptotic behavior of general gradient and subgradient dynamics applied to a general concave–convex function in $C^2$. We show that despite the nonlinearity and nonsmoothness of these dynamics, their $\omega$-limit set is comprised of trajectories that solve only explicit linear ODEs characterized within this article. More precisely, in part I, an exact characterization is provided to the asymptotic behavior of unconstrained gradient dynamics. We also show that when convergence to a saddle point is not guaranteed, then the system behavior can be problematic, with arbitrarily small noise leading to an unbounded second moment for the magnitude of the state vector. In part II, we consider a general class of subgradient dynamics that restrict trajectories in an arbitrary convex domain, and show that when an equilibrium point exists, the limiting trajectories belong to a class of dynamics characterized in part I as linear ODEs. These results are used to formulate corresponding convergence criteria and are demonstrated with examples.",11,1.2,10.1109/tac.2020.3019375,https://doi.org/10.1109/tac.2020.3019375,0.9300
Wen18,Beyond convexity—Contraction and global convergence of gradient descent,Patrick M. Wensing and J. Slotine,2018,2018-06-18,PLoS ONE,15,,"This paper considers the analysis of continuous time gradient-based optimization algorithms through the lens of nonlinear contraction theory. It demonstrates that in the case of a time-invariant objective, most elementary results on gradient descent based on convexity can be replaced by much more general results based on contraction. In particular, gradient descent converges to a unique equilibrium if its dynamics are contracting in any metric, with convexity of the cost corresponding to the special case of contraction in the identity metric. More broadly, contraction analysis provides new insights for the case of geodesically-convex optimization, wherein non-convex problems in Euclidean space can be transformed to convex ones posed over a Riemannian manifold. In this case, natural gradient descent converges to a unique equilibrium if it is contracting in any metric, with geodesic convexity of the cost corresponding to contraction in the natural metric. New results using semi-contraction provide additional insights into the topology of the set of optimizers in the case when multiple optima exist. Furthermore, they show how semi-contraction may be combined with specific additional information to reach broad conclusions about a dynamical system. The contraction perspective also easily extends to time-varying optimization settings and allows one to recursively build large optimization structures out of simpler elements. Extensions to natural primal-dual optimization and game-theoretic contexts further illustrate the potential reach of these new perspectives.",60,7.6,10.1371/journal.pone.0236661,https://doi.org/10.1371/journal.pone.0236661,0.9200
Too23,Higher-Order Uncoupled Dynamics Do Not Lead to Nash Equilibrium - Except When They Do,Sarah A. Toonsi and J. Shamma,2023,2023-04-09,ArXiv,abs/2304.04282,,"The framework of multi-agent learning explores the dynamics of how individual agent strategies evolve in response to the evolving strategies of other agents. Of particular interest is whether or not agent strategies converge to well known solution concepts such as Nash Equilibrium (NE). Most""fixed order""learning dynamics restrict an agent's underlying state to be its own strategy. In""higher order""learning, agent dynamics can include auxiliary states that can capture phenomena such as path dependencies. We introduce higher-order gradient play dynamics that resemble projected gradient ascent with auxiliary states. The dynamics are""payoff based""in that each agent's dynamics depend on its own evolving payoff. While these payoffs depend on the strategies of other agents in a game setting, agent dynamics do not depend explicitly on the nature of the game or the strategies of other agents. In this sense, dynamics are""uncoupled""since an agent's dynamics do not depend explicitly on the utility functions of other agents. We first show that for any specific game with an isolated completely mixed-strategy NE, there exist higher-order gradient play dynamics that lead (locally) to that NE, both for the specific game and nearby games with perturbed utility functions. Conversely, we show that for any higher-order gradient play dynamics, there exists a game with a unique isolated completely mixed-strategy NE for which the dynamics do not lead to NE. These results build on prior work that showed that uncoupled fixed-order learning cannot lead to NE in certain instances, whereas higher-order variants can. Finally, we consider the mixed-strategy equilibrium associated with coordination games. While higher-order gradient play can converge to such equilibria, we show such dynamics must be inherently internally unstable.",8,2.6,10.48550/arXiv.2304.04282,https://doi.org/10.48550/arXiv.2304.04282,0.9200
Yi17c,A distributed primal-dual algorithm for computation of generalized Nash equilibria with shared affine coupling constraints via operator splitting methods,Peng Yi and Lacra Pavel,2017,2017-03-15,Autom.,102,111-121,"Abstract In this paper, we propose a distributed algorithm for computation of a generalized Nash equilibrium (GNE) in noncooperative games over networks. We consider games in which the feasible decision sets of all players are coupled together by a globally shared affine constraint. Adopting the variational GNE as a refined solution, we reformulate the problem as that of finding the zeros of a sum of monotone operators through a primal–dual analysis and an augmentation of variables. Then we introduce a distributed algorithm based on forward–backward operator splitting methods. Each player only needs to know its local objective function, local feasible set, and a local block of the affine constraint, and share information with its neighbours. However, each player also needs to observe the decisions that its objective function directly depends on to evaluate its local gradient. We show convergence of the proposed algorithm for fixed step-sizes under some mild assumptions. Moreover, a distributed algorithm with inertia is also introduced and analysed for distributed variational GNE seeking. Numerical simulations are given for networked Cournot competition with bounded market capacities, to illustrate the algorithm efficiency and performance.",238,26,10.1016/j.automatica.2019.01.008,https://doi.org/10.1016/j.automatica.2019.01.008,0.9100
Mer17,Stochastic Mirror Descent Dynamics and Their Convergence in Monotone Variational Inequalities,P. Mertikopoulos and Mathias Staudigl,2017,2017-10-04,Journal of Optimization Theory and Applications,179,838 - 867,"We examine a class of stochastic mirror descent dynamics in the context of monotone variational inequalities (including Nash equilibrium and saddle-point problems). The dynamics under study are formulated as a stochastic differential equation, driven by a (single-valued) monotone operator and perturbed by a Brownian motion. The system’s controllable parameters are two variable weight sequences, that, respectively, pre- and post-multiply the driver of the process. By carefully tuning these parameters, we obtain global convergence in the ergodic sense, and we estimate the average rate of convergence of the process. We also establish a large deviations principle, showing that individual trajectories exhibit exponential concentration around this average.",27,3.1,10.1007/s10957-018-1346-x,https://doi.org/10.1007/s10957-018-1346-x,0.9000
Scu12,Real and Complex Monotone Communication Games,"G. Scutari, F. Facchinei, J. Pang, and D. Palomar",2012,2012-12-26,IEEE Transactions on Information Theory,60,4197-4231,"Noncooperative game-theoretic tools have been increasingly used to study many important resource allocation problems in communications, networking, smart grids, and portfolio optimization. In this paper, we consider a general class of convex Nash equilibrium problems (NEPs), where each player aims at solving an arbitrary smooth convex optimization problem. Differently from most of current works, we do not assume any specific structure for the players' problems, and we allow the optimization variables of the players to be matrices in the complex domain. Our main contribution is the design of a novel class of distributed (asynchronous) best-response-algorithms suitable for solving the proposed NEPs, even in the presence of multiple solutions. The new methods, whose convergence analysis is based on variational inequality (VI) techniques, can select, among all the equilibria of a game, those that optimize a given performance criterion, at the cost of limited signaling among the players. This is a major departure from existing best-response algorithms, whose convergence conditions imply the uniqueness of the NE. Some of our results hinge on the use of VI problems directly in the complex domain; the study of these new kind of VIs also represents a noteworthy innovative contribution. We then apply the developed methods to solve some new generalizations of Single Input Single Output (SISO) and Multiple Input Multiple Output (MIMO) games in cognitive radio systems, showing a considerable performance improvement over classical pure noncooperative schemes.",222,17,10.1109/TIT.2014.2317791,https://doi.org/10.1109/TIT.2014.2317791,0.9000
Ger07,Global Nash convergence of Foster and Young's regret testing,F. Germano and G. Lugosi,2007,2007-07-01,Games Econ. Behav.,60,135-154,"We construct an uncoupled randomized strategy of repeated play such that, if every player follows such a strategy, then the joint mixed strategy profiles converge, almost surely, to a Nash equilibrium of the one-shot game. The procedure requires very little in terms of players' information about the game. In fact, players' actions are based only on their own past payoffs and, in a variant of the strategy, players need not even know that their payoffs are determined through other players' actions. The procedure works for general finite games and is based on appropriate modifications of a simple stochastic learning rule introduced by Foster and Young.",95,5.0,10.1016/j.geb.2006.06.001,https://doi.org/10.1016/j.geb.2006.06.001,0.8900
Pov23,Fixed-Time Nash Equilibrium Seeking in Time-Varying Networks,"J. Poveda, M. Krstić, and T. Başar",2023,2023-04-01,IEEE Transactions on Automatic Control,68,1954-1969,"In this article, we introduce first-order and zeroth-order Nash equilibrium seeking dynamics with fixed-time and practical fixed-time convergence certificates for noncooperative games having finitely many players. The first-order algorithms achieve exact convergence to the Nash equilibrium of the game in a finite time that can be additionally upper bounded by a constant that is independent of the initial conditions of the actions of the players. Moreover, these fixed-time bounds can be prescribed a priori by the system designer under an appropriate tuning of the parameters of the algorithms. When players have access only to measurements of their cost functions, we consider a class of distributed multitime scale zeroth-order model-free adaptive dynamics that achieve semiglobal practical fixed-time stability, qualitatively preserving the fixed-time bounds of the first-order dynamics as the time scale separation increases. Moreover, by leveraging the property of fixed-time input-to-state stability, further results are obtained for mixed games where some of the players implement different seeking dynamics. Fast and slow switching communication graphs are also incorporated using tools from hybrid systems. We consider potential games as well as general nonpotential strongly monotone games. Numerical examples illustrate our results.",74,24,10.1109/TAC.2022.3168527,https://doi.org/10.1109/TAC.2022.3168527,0.8800
Bar74,"Dual effect, certainty equivalence, and separation in stochastic control",Y. Bar-Shalom and E. Tse,1974,1974-10-01,IEEE Transactions on Automatic Control,19,494-500,"In this paper the various policies in fixed end-time stochastic control are discussed first. The emphasis is on the difference between the feedback and closed-loop policies. It is shown how the closed-loop policy has the important property that it can be actively adaptive, while the feedback policy can only be passively adaptive. The feature of being actively adaptive is possible when the control has a dual effect, i.e., in addition to its effect on the state it affects the state uncertainty. The intimate connection between the neutrality (lack of dual effect) and certainty equivalence properties for a class of problems is proved. This new result is then used to widen the class of problems for which it was previously known that the certainty equivalence property holds.",396,7.7,10.1109/TAC.1974.1100635,https://doi.org/10.1109/TAC.1974.1100635,0.8800
Flo20,No-regret learning and mixed Nash equilibria: They do not mix,"Lampros Flokas, Emmanouil-Vasileios Vlatakis-Gkaragkounis, Thanasis Lianeas, P. Mertikopoulos, and G. Piliouras",2020,2020-10-19,ArXiv,abs/2010.09514,,"Understanding the behavior of no-regret dynamics in general $N$-player games is a fundamental question in online learning and game theory. A folk result in the field states that, in finite games, the empirical frequency of play under no-regret learning converges to the game's set of coarse correlated equilibria. By contrast, our understanding of how the day-to-day behavior of the dynamics correlates to the game's Nash equilibria is much more limited, and only partial results are known for certain classes of games (such as zero-sum or congestion games). In this paper, we study the dynamics of ""follow-the-regularized-leader"" (FTRL), arguably the most well-studied class of no-regret dynamics, and we establish a sweeping negative result showing that the notion of mixed Nash equilibrium is antithetical to no-regret learning. Specifically, we show that any Nash equilibrium which is not strict (in that every player has a unique best response) cannot be stable and attracting under the dynamics of FTRL. This result has significant implications for predicting the outcome of a learning process as it shows unequivocally that only strict (and hence, pure) Nash equilibria can emerge as stable limit points thereof.",96,17,,https://www.semanticscholar.org/paper/f058b9ad5b8cf14988b25590f849518cd033c570,0.8700
Too25,Higher-Order Uncoupled Learning Dynamics and Nash Equilibrium,Sarah A. Toonsi and Jeff S. Shamma,2025,2025-06-12,ArXiv,abs/2506.10874,,"We study learnability of mixed-strategy Nash Equilibrium (NE) in general finite games using higher-order replicator dynamics as well as classes of higher-order uncoupled heterogeneous dynamics. In higher-order uncoupled learning dynamics, players have no access to utilities of opponents (uncoupled) but are allowed to use auxiliary states to further process information (higher-order). We establish a link between uncoupled learning and feedback stabilization with decentralized control. Using this association, we show that for any finite game with an isolated completely mixed-strategy NE, there exist higher-order uncoupled learning dynamics that lead (locally) to that NE. We further establish the lack of universality of learning dynamics by linking learning to the control theoretic concept of simultaneous stabilization. We construct two games such that any higher-order dynamics that learn the completely mixed-strategy NE of one of these games can never learn the completely mixed-strategy NE of the other. Next, motivated by imposing natural restrictions on allowable learning dynamics, we introduce the Asymptotic Best Response (ABR) property. Dynamics with the ABR property asymptotically learn a best response in environments that are asymptotically stationary. We show that the ABR property relates to an internal stability condition on higher-order learning dynamics. We provide conditions under which NE are compatible with the ABR property. Finally, we address learnability of mixed-strategy NE in the bandit setting using a bandit version of higher-order replicator dynamics.",1,1.1,10.48550/arXiv.2506.10874,https://doi.org/10.48550/arXiv.2506.10874,0.8500
Azi20,A Tight and Unified Analysis of Gradient-Based Methods for a Whole Spectrum of Differentiable Games,"Waïss Azizian, Ioannis Mitliagkas, Simon Lacoste-Julien, and G. Gidel",2020,,International Conference on Artificial Intelligence and Statistics,,2863-2873,"We consider diﬀerentiable games where the goal is to ﬁnd a Nash equilibrium. The machine learning community has recently started using variants of the gradient method ( GD ). Prime examples are extragradient ( EG ), the optimistic gradient method ( OG ) and consensus optimization ( CO ), which enjoy linear convergence in cases like bilinear games, where the standard GD fails. The full bene-ﬁts of theses relatively new methods are not known as there is no uniﬁed analysis for both strongly monotone and bilinear games. We provide new analyses of the EG ’s local and global convergence properties and use is to get a tighter global convergence rate for OG and CO . Our analysis covers the whole range of settings between bilinear and strongly monotone games. It reveals that these methods converges via diﬀerent mechanisms at these extremes; in between, it exploits the most favorable mechanism for the given problem. We then prove that EG achieves the optimal rate for a wide class of algorithms with any number of extrapolations. Our tight analysis of EG ’s convergence rate in games shows that, unlike in convex minimization, EG may be much faster than GD .",65,10,,https://www.semanticscholar.org/paper/a326495c69c6f0e3c6d0aff50d1799d0bf2b309a,0.8400
Hel17,Learning with Bandit Feedback in Potential Games,"A. Héliou, Johanne Cohen, and P. Mertikopoulos",2017,2017-12-04,Neural Information Processing Systems,,6369-6378,"This paper examines the equilibrium convergence properties of no-regret learning with exponential weights in potential games. To establish convergence with minimal information requirements on the players' side, we focus on two frameworks: the semi-bandit case (where players have access to a noisy estimate of their payoff vectors, including strategies they did not play), and the bandit case (where players are only able to observe their in-game, realized payoffs). In the semi-bandit case, we show that the induced sequence of play converges almost surely to a Nash equilibrium at a quasi-exponential rate. In the bandit case, the same result holds for approximate Nash equilibria if we introduce a constant exploration factor that guarantees that action choice probabilities never become arbitrarily small. In particular, if the algorithm is run with a suitably decreasing exploration factor, the sequence of play converges to a bona fide Nash equilibrium with probability 1.",117,14,,https://www.semanticscholar.org/paper/8855dd5bed21819e125156ba33d99da7e9a26623,0.8300
Kle11b,Beyond the Nash Equilibrium Barrier,"Robert D. Kleinberg, Katrina Ligett, G. Piliouras, and É. Tardos",2011,,International Conference on Supercomputing,,125-140,"Nash equilibrium analysis has become the de facto standard for judging the solution quality achieved in systems composed of selfish users. This mindset is so pervasive in computer science that even the few papers devoted to directly analyzing outcomes of dynamic processes in repeated games (e.g., best-response or no-regret learning dynamics) have focused on showing that the performance of these dynamics is comparable to that of Nash equilibria. By assuming that equilibria are representative of the outcomes of selfish behavior, do we ever reach qualitatively wrong conclusions about those outcomes? In this paper, we argue that there exist games whose equilibria represent unnatural outcomes that are hard to coordinate on, and that the solution quality achieved by selfish users in such games is more accurately reflected in the disequilibrium represented by dynamics such as those produced by natural families of on-line learning algorithms. We substantiate this viewpoint by studying a game with a unique Nash equilibrium, but where natural learning dynamics exhibit non-convergent cycling behavior rather than converging to this equilibrium. We show that the outcome of this learning process is optimal and has much better social welfare than the unique Nash equilibrium, dramatically illustrating that natural learning processes have the potential to significantly outperform equilibrium-based analysis.",80,5.2,,https://www.semanticscholar.org/paper/b504e6b99d2c65ed4d030618a83e0f68fcf59adb,0.8200
Leg24,No-regret learning in harmonic games: Extrapolation in the face of conflicting interests,"Davide Legacci, P. Mertikopoulos, Christos Papadimitriou, G. Piliouras, and Bary S. R. Pradelski",2024,2024-12-28,ArXiv,abs/2412.20203,,"The long-run behavior of multi-agent learning - and, in particular, no-regret learning - is relatively well-understood in potential games, where players have aligned interests. By contrast, in harmonic games - the strategic counterpart of potential games, where players have conflicting interests - very little is known outside the narrow subclass of 2-player zero-sum games with a fully-mixed equilibrium. Our paper seeks to partially fill this gap by focusing on the full class of (generalized) harmonic games and examining the convergence properties of follow-the-regularized-leader (FTRL), the most widely studied class of no-regret learning schemes. As a first result, we show that the continuous-time dynamics of FTRL are Poincar\'e recurrent, that is, they return arbitrarily close to their starting point infinitely often, and hence fail to converge. In discrete time, the standard,""vanilla""implementation of FTRL may lead to even worse outcomes, eventually trapping the players in a perpetual cycle of best-responses. However, if FTRL is augmented with a suitable extrapolation step - which includes as special cases the optimistic and mirror-prox variants of FTRL - we show that learning converges to a Nash equilibrium from any initial condition, and all players are guaranteed at most O(1) regret. These results provide an in-depth understanding of no-regret learning in harmonic games, nesting prior work on 2-player zero-sum games, and showing at a high level that harmonic games are the canonical complement of potential games, not only from a strategic, but also from a dynamic viewpoint.",6,4.3,10.48550/arXiv.2412.20203,https://doi.org/10.48550/arXiv.2412.20203,0.8200
Yi17d,Distributed Generalized Nash Equilibria Computation of Monotone Games via Double-Layer Preconditioned Proximal-Point Algorithms,Peng Yi and Lacra Pavel,2017,2017-05-03,IEEE Transactions on Control of Network Systems,6,299-311,"In this paper, we investigate distributed generalized Nash equilibrium (GNE) computation of monotone games with affine coupling constraints. Each player can only utilize its local objective function, local feasible set, and a local block of the coupling constraint, and can only communicate with its neighbors. We assume the game has monotone pseudo-subdifferential without Lipschitz continuity restrictions. We design novel center-free distributed GNE seeking algorithms for equality and inequality affine coupling constraints, respectively. A proximal alternating direction method of multipliers is proposed for the equality case, while for the inequality case, a parallel splitting type algorithm is proposed. In both algorithms, the GNE seeking task is decomposed into a sequential Nash equilibrium (NE) computation of regularized subgames and distributed update of multipliers and auxiliary variables, based on local data and local communication. Our two double-layer GNE algorithms need not specify the inner loop NE seeking algorithm, and moreover, only require that the strongly monotone subgames are inexactly solved. We prove their convergence by showing that the two algorithms can be seen as specific instances of preconditioned proximal point algorithms for finding zeros of monotone operators. Applications and numerical simulations are given for illustration.",81,9.0,10.1109/TCNS.2018.2813928,https://doi.org/10.1109/TCNS.2018.2813928,0.8200
Tse73,Wide-sense adaptive dual control for nonlinear stochastic systems,"E. Tse, Y. Bar-Shalom, and L. Meier",1973,1973-04-01,IEEE Transactions on Automatic Control,18,98-108,"A new approach is presented for the problem of stochastic control of nonlinear systems. It is well known that, except for the linear-quadratic problem, the optimal stochastic controller cannot be obtained in practice. In general it is the curse of dimensionality that makes the strict application of the principle of optimality infeasible. The two subproblems of stochastic control, estimation and control proper, are, except for the linear-quadratic case, intercoupled. As pointed out by Feldbaum, in addition to its effects on the state of the system, the control also affects the estimation performance. In this paper, the control problem is formulated such that this dual property of the control appears explicitly. The resulting control sequence exhibits the closed-loop property, i.e., it takes into account the past observations and also the future observation program. Thus, in addition to being adaptive, this control also plans its future learning according to the control objective. Some preliminary simulation results illustrate these properties of the control.",170,3.2,10.1109/TAC.1973.1100238,https://doi.org/10.1109/TAC.1973.1100238,0.8200
Can13,Near-Potential Games: Geometry and Dynamics,"Ozan Candogan, A. Ozdaglar, and P. Parrilo",2013,2013-05-01,ACM Trans. Economics and Comput.,1,11:1-11:32,,46,3.5,10.1145/2465769.2465776,https://doi.org/10.1145/2465769.2465776,0.8100
Bai19,Multi-Agent Learning in Network Zero-Sum Games is a Hamiltonian System,James P. Bailey and G. Piliouras,2019,2019-03-05,Adaptive Agents and Multi-Agent Systems,,233-241,"Zero-sum games are natural, if informal, analogues of closed physical systems where no energy/utility can enter or exit. This analogy can be extended even further if we consider zero-sum network (polymatrix) games where multiple agents interact in a closed economy. Typically, (network) zero-sum games are studied from the perspective of Nash equilibria. Nevertheless, this comes in contrast with the way we typically think about closed physical systems, e.g., Earth-moon systems which move perpetually along recurrent trajectories of constant energy. We establish a formal and robust connection between multi-agent systems and Hamiltonian dynamics -- the same dynamics that describe conservative systems in physics. Specifically, we show that no matter the size, or network structure of such closed economies, even if agents use different online learning dynamics from the standard class of Follow-the-Regularized-Leader, they yield Hamiltonian dynamics. This approach generalizes the known connection to Hamiltonians for the special case of replicator dynamics in two agent zero-sum games developed by Hofbauer. Moreover, our results extend beyond zero-sum settings and provide a type of a Rosetta stone (see e.g. Table 1) that helps to translate results and techniques between online optimization, convex analysis, games theory, and physics.",46,6.4,10.65109/enzt1484,https://doi.org/10.65109/enzt1484,0.8000
Hof09b,Stable games and their dynamics,J. Hofbauer and William H. Sandholm,2009,2009-07-01,J. Econ. Theory,144,1665-1693,,257,15,10.1016/j.jet.2009.01.007,https://doi.org/10.1016/j.jet.2009.01.007,0.8000
Har00,A simple adaptive procedure leading to correlated equilibrium,S. Hart and A. Mas-Colell,2000,2000-09-01,Econometrica,68,1127-1150,"We propose a new and simple adaptive procedure for playing a game: ‘‘regret-matching.’’ In this procedure, players may depart from their current play with probabilities that are proportional to measures of regret for not having used other strategies in the past. It is shown that our adaptive procedure guarantees that, with probability one, the empirical distributions of play converge to the set of correlated equilibria of the game.",1354,53,10.1111/1468-0262.00153,https://doi.org/10.1111/1468-0262.00153,0.8000
Mon96,REGULAR ARTICLEPotential Games,Dov Monderer and L. Shapley,1996,1996-05-01,Games and Economic Behavior,14,,"We define and discuss several notions of potential functions for games in strategic form. We characterize games that have a potential function, and we present a variety of applications.Journal of Economic LiteratureClassification Numbers:C72, C73.",2282,76,10.1006/game.1996.0044,https://doi.org/10.1006/game.1996.0044,0.7900
Blu94,From optimization and variational inequalities to equilibrium problems,E. Blum and W. Oettli,1994,,,63,123-145,,2741,85,,https://www.semanticscholar.org/paper/2943f194efb591a1231ecea27e1af8a4b4c50827,0.7900
Ho72,Team decision theory and information structures in optimal control problems--Part II,Y. Ho and K. Chu,1972,1972-02-01,IEEE Transactions on Automatic Control,17,15-22,"General dynamic team decision problems with linear information structures and quadratic payoff functions are studied. The primitive random variables are jointly Gaussian. No constraints on the information structures are imposed except causality. Equivalence relations in information and in control functions among different systems are developed. These equivalence relations aid in the solving of many general problems by relating their solutions to those of the systems with ""perfect memory."" The latter can be obtained by the method derived in Part I. A condition is found which enables each decision maker to infer the information available to his precedents, while at the same time the controls which will affect the information assessed can be proven optimal. When this condition fails, upper and lower bounds of the payoff function can still be obtained systematically, and suboptimal controls can be obtained.",563,10,10.1109/TAC.1972.1099850,https://doi.org/10.1109/TAC.1972.1099850,0.7800
Ana22d,On Last-Iterate Convergence Beyond Zero-Sum Games,"Ioannis Anagnostides, Ioannis Panageas, Gabriele Farina, and T. Sandholm",2022,2022-03-22,ArXiv,abs/2203.12056,,"Most existing results about \emph{last-iterate convergence} of learning dynamics are limited to two-player zero-sum games, and only apply under rigid assumptions about what dynamics the players follow. In this paper we provide new results and techniques that apply to broader families of games and learning dynamics. First, we use a regret-based analysis to show that in a class of games that includes constant-sum polymatrix and strategically zero-sum games, dynamics such as \emph{optimistic mirror descent (OMD)} have \emph{bounded second-order path lengths}, a property which holds even when players employ different algorithms and prediction mechanisms. This enables us to obtain $O(1/\sqrt{T})$ rates and optimal $O(1)$ regret bounds. Our analysis also reveals a surprising property: OMD either reaches arbitrarily close to a Nash equilibrium, or it outperforms the \emph{robust price of anarchy} in efficiency. Moreover, for potential games we establish convergence to an $\epsilon$-equilibrium after $O(1/\epsilon^2)$ iterations for mirror descent under a broad class of regularizers, as well as optimal $O(1)$ regret bounds for OMD variants. Our framework also extends to near-potential games, and unifies known analyses for distributed learning in Fisher's market model. Finally, we analyze the convergence, efficiency, and robustness of \emph{optimistic gradient descent (OGD)} in general-sum continuous games.",52,12,10.48550/arXiv.2203.12056,https://doi.org/10.48550/arXiv.2203.12056,0.7800
Gad19,Single-Timescale Distributed GNE Seeking for Aggregative Games Over Networks via Forward–Backward Operator Splitting,Dian Gadjov and Lacra Pavel,2019,2019-07-31,IEEE Transactions on Automatic Control,66,3259-3266,"We consider aggregative games with affine coupling constraints, where agents have partial information on the aggregate value and can only communicate with neighboring agents. We propose a single-layer distributed algorithm that reaches a variational generalized Nash equilibrium, under constant step sizes. The algorithm works on a single timescale, i.e., it does not require multiple communication rounds between agents before updating their action. The convergence proof leverages an invariance property of the aggregate estimates and relies on a forward–backward splitting for two preconditioned operators and their restricted (strong) monotonicity properties on the consensus subspace.",77,11,10.1109/TAC.2020.3015354,https://doi.org/10.1109/TAC.2020.3015354,0.7700
Bel18c,Semi-Decentralized Generalized Nash Equilibrium Seeking in Monotone Aggregative Games,Giuseppe Belgioioso and Sergio Grammatico,2018,2018-03-28,IEEE Transactions on Automatic Control,68,140-155,"We address the generalized Nash equilibrium seeking problem for a population of agents playing aggregative games with affine coupling constraints. We focus on semi-decentralized communication architectures, where there is a central coordinator able to gather and broadcast signals of aggregative nature to the agents. By exploiting the framework of monotone operator theory and operator splitting, we first critically review the most relevant available algorithms and then design two novel schemes: 1) a single-layer, fixed-step algorithm with convergence guarantee for general (noncocoercive, nonstrictly) monotone aggregative games and 2) a single-layer proximal-type algorithm for a class of monotone aggregative games with linearly coupled cost functions. We also design novel accelerated variants of the algorithms via (alternating) inertial and over-relaxation steps. Finally, we show via numerical simulations that the proposed algorithms outperform those in the literature in terms of convergence speed.",60,7.4,10.1109/TAC.2021.3135360,https://doi.org/10.1109/TAC.2021.3135360,0.7600
Nay12,Decentralized Stochastic Control with Partial History Sharing: A Common Information Approach,"A. Nayyar, Aditya Mahajan, and D. Teneketzis",2012,2012-09-07,IEEE Transactions on Automatic Control,58,1644-1658,"A general model of decentralized stochastic control called partial history sharing information structure is presented. In this model, at each step the controllers share part of their observation and control history with each other. This general model subsumes several existing models of information sharing as special cases. Based on the information commonly known to all the controllers, the decentralized problem is reformulated as an equivalent centralized problem from the perspective of a coordinator. The coordinator knows the common information and selects prescriptions that map each controller's local information to its control actions. The optimal control problem at the coordinator is shown to be a partially observable Markov decision process (POMDP) which is solved using techniques from Markov decision theory. This approach provides 1) structural results for optimal strategies and 2) a dynamic program for obtaining optimal strategies for all controllers in the original decentralized problem. Thus, this approach unifies the various ad-hoc approaches taken in the literature. In addition, the structural results on optimal control strategies obtained by the proposed approach cannot be obtained by the existing generic approach (the person-by-person approach) for obtaining structural results in decentralized problems; and the dynamic program obtained by the proposed approach is simpler than that obtained by the existing generic approach (the designer's approach) for obtaining dynamic programs in decentralized problems.",305,22,10.1109/TAC.2013.2239000,https://doi.org/10.1109/TAC.2013.2239000,0.7600
Gol20c,Tight last-iterate convergence rates for no-regret learning in multi-player games,"Noah Golowich, S. Pattathil, and C. Daskalakis",2020,2020-10-26,ArXiv,abs/2010.13724,,"We study the question of obtaining last-iterate convergence rates for no-regret learning algorithms in multi-player games. We show that the optimistic gradient (OG) algorithm with a constant step-size, which is no-regret, achieves a last-iterate rate of $O(1/\sqrt{T})$ with respect to the gap function in smooth monotone games. This result addresses a question of Mertikopoulos & Zhou (2018), who asked whether extra-gradient approaches (such as OG) can be applied to achieve improved guarantees in the multi-agent learning setting. The proof of our upper bound uses a new technique centered around an adaptive choice of potential function at each iteration. We also show that the $O(1/\sqrt{T})$ rate is tight for all $p$-SCLI algorithms, which includes OG as a special case. As a byproduct of our lower bound analysis we additionally present a proof of a conjecture of Arjevani et al. (2015) which is more direct than previous approaches.",95,17,,https://www.semanticscholar.org/paper/f8aa1d8683f1a96e33f89156ef0f263965b55580,0.7500
Nag20b,From Chaos to Order: Symmetry and Conservation Laws in Game Dynamics,"Sai Ganesh Nagarajan, David Balduzzi, and G. Piliouras",2020,2020-07-12,International Conference on Machine Learning,,7186-7196,"Games are an increasingly useful tool for training and testing learning algorithms. Recent examples include GANs, AlphaZero and the AlphaStar league. However, multi-agent learning can be extremely difﬁcult to predict and control. Learning dynamics even in simple games can yield chaotic behavior. In this paper, we present basic mechanism design tools for constructing games with predictable and controllable dynamics. We show that arbitrarily large and complex network games, encoding both cooperation (team play) and competition (zero-sum interaction), exhibit conservation laws when agents use the standard regret-minimizing dynamics known as Follow-the-Regularized-Leader. These laws persist when different agents use different dynamics and encode long-range correlations between agents’ behavior, even though the agents may not interact directly. Moreover, we provide sufﬁcient conditions under which the dynamics have multiple, linearly independent, conservation laws. Increasing the number of conservation laws results in more predictable dynamics, eventually making chaotic behavior formally impossible in some cases.",20,3.4,,https://www.semanticscholar.org/paper/935f1e21e7ec35698c39c7a0347134a09ee54a67,0.7400
Cai22d,Finite-Time Last-Iterate Convergence for Learning in Multi-Player Games,"Yang Cai, Argyris Oikonomou, and Weiqiang Zheng",2022,,Advances in Neural Information Processing Systems 35,,,"We study the question of last-iterate convergence rate of the extragradient algorithm by [Kor76] and the optimistic gradient algorithm by [Pop80] in multi-player games. We show that both algorithms with constant step-size have last-iterate convergence rate of O ( 1 √ T ) to a Nash equilibrium in terms of the gap function in smooth monotone games, where each player’s action set is an arbitrary convex set . Previous results only study the unconstrained setting, where each player’s action set is the entire Euclidean space. Our results address an open question raised in several recent works [HIMM19, GPD20, GPDO20], which ask for last-iterate convergence rate of either the extragradient or the optimistic gradient algorithm in the constrained setting. Our convergence rates for both algorithms are tight and match the lower bounds by [GPD20, GPDO20]. At the core of our results lies a new notion – the tangent residual , which we use to measure the proximity to a Nash equilibrium. We use the tangent residual (or a modification of the tangent residual) as the the potential function in our analysis of the extragradient algorithm (or the optimistic gradient algorithm).",53,12,10.52202/068431-2457,https://doi.org/10.52202/068431-2457,0.7400
Kul13,An Optimizer's Approach to Stochastic Control Problems With Nonclassical Information Structures,Ankur A. Kulkarni and T. Coleman,2013,2013-09-15,IEEE Transactions on Automatic Control,60,937-949,"We present a general optimization-based framework for stochastic control problems with nonclassical information structures. We cast these problems equivalently as optimization problems on joint distributions. The resulting problems are necessarily nonconvex. Our approach to solving them is through convex relaxation . We solve the instance solved by Bansal and Başar (“Stochastic teams with nonclassical information revisited: When is an affine law optimal?”, IEEE Trans. Automatic Control, 1987) with a particular application of this approach that uses the data processing inequality for constructing the convex relaxation. Using certain f-divergences, we obtain a new, larger set of inverse optimal cost functions for such problems. Insights are obtained on the relation between the structure of cost functions and of convex relaxations for inverse optimal control.",34,2.7,10.1109/CDC.2012.6426030,https://doi.org/10.1109/CDC.2012.6426030,0.7200
Lin20c,Finite-Time Last-Iterate Convergence for Multi-Agent Learning in Games,"Tianyi Lin, Zhengyuan Zhou, P. Mertikopoulos, and Michael I. Jordan",2020,2020-02-23,ArXiv,abs/2002.09806,,"In this paper, we consider multi-agent learning via online gradient descent in a class of games called $\lambda$-cocoercive games, a fairly broad class of games that admits many Nash equilibria and that properly includes unconstrained strongly monotone games. We characterize the finite-time last-iterate convergence rate for joint OGD learning on $\lambda$-cocoercive games; further, building on this result, we develop a fully adaptive OGD learning algorithm that does not require any knowledge of problem parameter (e.g. cocoercive constant $\lambda$) and show, via a novel double-stopping time technique, that this adaptive algorithm achieves same finite-time last-iterate convergence rate as non-adaptive counterpart. Subsequently, we extend OGD learning to the noisy gradient feedback case and establish last-iterate convergence results--first qualitative almost sure convergence, then quantitative finite-time convergence rates-- all under non-decreasing step-sizes. To our knowledge, we provide the first set of results that fill in several gaps of the existing multi-agent online learning literature, where three aspects--finite-time convergence rates, non-decreasing step-sizes, and fully adaptive algorithms have been unexplored before.",58,9.3,,https://www.semanticscholar.org/paper/fcea805df05f99a64c09e9cb2603d5392bd74b43,0.7200
Che20j,"Chaos, Extremism and Optimism: Volume Analysis of Learning in Games",Yun Kuen Cheung and G. Piliouras,2020,2020-05-01,ArXiv,abs/2005.13996,,"We present volume analyses of Multiplicative Weights Updates (MWU) and Optimistic Multiplicative Weights Updates (OMWU) in zero-sum as well as coordination games. Such analyses provide new insights into these game dynamical systems, which seem hard to achieve via the classical techniques within Computer Science and Machine Learning. 
The first step is to examine these dynamics not in their original space (simplex of actions) but in a dual space (aggregate payoff space of actions). The second step is to explore how the volume of a set of initial conditions evolves over time when it is pushed forward according to the algorithm. This is reminiscent of approaches in Evolutionary Game Theory where replicator dynamics, the continuous-time analogue of MWU, is known to always preserve volume in all games. Interestingly, when we examine discrete-time dynamics, both the choice of the game and the choice of the algorithm play a critical role. So whereas MWU expands volume in zero-sum games and is thus Lyapunov chaotic, we show that OMWU contracts volume, providing an alternative understanding for its known convergent behavior. However, we also prove a no-free-lunch type of theorem, in the sense that when examining coordination games the roles are reversed: OMWU expands volume exponentially fast, whereas MWU contracts. 
Using these tools, we prove two novel, rather negative properties of MWU in zero-sum games: (1) Extremism: even in games with unique fully mixed Nash equilibrium, the system recurrently gets stuck near pure-strategy profiles, despite them being clearly unstable from game theoretic perspective. (2) Unavoidability: given any set of good points (with your own interpretation of ""good""), the system cannot avoid bad points indefinitely.",38,6.3,,https://www.semanticscholar.org/paper/547b8bc2a113ba634ccaf3abfcf371730bc03986,0.7100
Bel18b,Projected-gradient algorithms for Generalized Equilibrium seeking in Aggregative Games arepreconditioned Forward-Backward methods,Giuseppe Belgioioso and Sergio Grammatico,2018,2018-03-28,2018 European Control Conference (ECC),,2188-2193,"We show that projected-gradient methods for the distributed computation of generalized Nash equilibria in ag- gregative games are preconditioned forward-backward splitting methods appliedto the KKT operator of the game. Specifically, we adopt the preconditioned forward-backward design, recently conceived by Yi and Pavel in the manuscript ’’A distributed primal-dual algorithm for computation of generalized Nash equilibria via operator splitting methods’’ for generalized Nash equilibrium seeking in aggregative games. Consequently, we notice that two projected-gradient methods recently proposed in the literature are preconditioned forward-backward meth- ods. More generally, we provide a unifying operator-theoretic ground to design projected-gradient methods for generalized equilibrium seeking in aggregative games.",65,8.0,10.23919/ECC.2018.8550342,https://doi.org/10.23919/ECC.2018.8550342,0.7100
Der23,"Dual Effect, Certainty Equivalence, and Separation Revisited: A Counterexample and a Relaxed Characterization for Optimality",M. Derpich and S. Yüksel,2023,2023-02-01,IEEE Transactions on Automatic Control,68,1259-1266,"In this article, we study the optimality of control policies admitting certainty equivalence or separation (of estimation and control) in discrete-time stochastic control, with the following two main contributions. We first revisit the influential theorem given in the seminal 1974 paper by Bar-Shalom and Tse, which studies the equivalence between certainty equivalence (CE) and no-dual-effect (NDE) properties in discrete-time stochastic control problems involving a linear dynamic system with a possibly nonlinear measurement function. We show that there is a subtle error in Bar-Shalom and Tse’s proof of the claim that CE implies NDE. Moreover, we prove that the claim does not hold by providing a counterexample. As our second and primary contribution, we introduce an alternative and a more relaxed notion of dual freeness and establish that this new notion is sufficient to guarantee the separation of estimation and control and CE in the same control problem considered by Bar-Shalom and Tse.",4,1.2,10.1109/TAC.2022.3151189,https://doi.org/10.1109/TAC.2022.3151189,0.7000
Tho24b,The shutdown problem: an AI engineering puzzle for decision theorists,Elliott Thornley,2024,2024-03-07,Philosophical Studies,182,1653 - 1680,"I explain and motivate the shutdown problem: the problem of designing artificial agents that (1) shut down when a shutdown button is pressed, (2) don’t try to prevent or cause the pressing of the shutdown button, and (3) otherwise pursue goals competently. I prove three theorems that make the difficulty precise. These theorems suggest that agents satisfying some innocuous-seeming conditions will often try to prevent or cause the pressing of the shutdown button, even in cases where it’s costly to do so. I end by noting that these theorems can guide our search for solutions to the problem.",22,10.0,10.1007/s11098-024-02153-3,https://doi.org/10.1007/s11098-024-02153-3,0.7000
Gha12,Distributed convergence to Nash equilibria in two-network zero-sum games,B. Gharesifard and J. Cortés,2012,2012-04-04,Autom.,49,1683-1692,"This paper considers a class of strategic scenarios in which two networks of agents have opposing objectives with regard to the optimization of a common objective function. In the resulting zero-sum game, individual agents collaborate with neighbors in their respective network and have only partial knowledge of the state of the agents in the other network. For the case when the interaction topology of each network is undirected, we synthesize a distributed saddle-point strategy and establish its convergence to the Nash equilibrium for the class of strictly concave-convex and locally Lipschitz objective functions. We also show that this dynamics does not converge in general if the topologies are directed. This justifies the introduction, in the directed case, of a generalization of this distributed dynamics which we show converges to the Nash equilibrium for the class of strictly concave-convex differentiable functions with globally Lipschitz gradients. The technical approach combines tools from algebraic graph theory, nonsmooth analysis, set-valued dynamical systems, and game theory.",174,12,10.1016/j.automatica.2013.02.062,https://doi.org/10.1016/j.automatica.2013.02.062,0.6900
Jai18b,Regularization and Feedback Passivation in Cooperative Control of Passivity-Short Systems: A Network Optimization Perspective,"Anoop Jain, Miel Sharf, and Daniel Zelazo",2018,2018-06-15,IEEE Control Systems Letters,2,731-736,"In this letter, we establish a connection between cooperative control of passivity-short systems, and the regularization of a pair of dual network optimization problems. We build upon existing works that established, under a passivity requirement, an equivalence between the steady-state behavior of diffusively coupled network system and the solutions to a pair of convex-dual optimization problems. We show that when the agents are passivity-short, the resulting optimization problems are no-longer convex. By introducing a regularization term to the problem, we then establish that this corresponds to a feedback passivation of each system via an appropriately chosen linear output-feedback gain. We also obtain conditions on the regularization term such that the resultant closed system possess the so-called maximally equilibrium-independent passivity property and exhibits a solution to their network-level interactions. Finally, we illustrate theoretical results with two case studies.",13,1.6,10.1109/LCSYS.2018.2847738,https://doi.org/10.1109/LCSYS.2018.2847738,0.6900
Bia19,Continuous-time fully distributed generalized Nash equilibrium seeking for multi-integrator agents,M. Bianchi and Sergio Grammatico,2019,2019-11-26,Autom.,129,109660,"We consider a group of (multi)-integrator agents playing games on a network, in a partial-decision information scenario. We design fully distributed continuous-time controllers, based on consensus and primal-dual gradient dynamics, to drive the agents to a generalized Nash equilibrium. Our first solution adopts fixed gains, whose choice requires the knowledge of some global parameters of the game. Therefore, to adapt the procedure to setups where the agents do not have any global information, we introduce a controller that can be tuned in a completely decentralized fashion, thanks to the use of integral adaptive weights. We further introduce algorithms, both with constant and dynamic gains, specifically devised for generalized aggregative games. For all the proposed control schemes, we show convergence to a variational equilibrium, under Lipschitz continuity and strong monotonicity of the game mapping, by leveraging monotonicity properties and stability theory for projected dynamical systems.",135,21,10.1016/j.automatica.2021.109660,https://doi.org/10.1016/j.automatica.2021.109660,0.6900
Spe26b,Safety is Non-Compositional: A Formal Framework for Capability-Based AI Systems,C. Spera,2026,2026-03-16,,,,"This paper contains the first formal proof that safety is non-compositional in the presence of conjunctive capability dependencies: two agents each individually inca- pable of reaching any forbidden capability can, when combined, collectively reach a forbidden goal through an emergent conjunctive dependency.",3,6.0,,https://www.semanticscholar.org/paper/a16775d8a2ad2f20e8c60c696e9c58c9f965bbe2,0.6800
Rom19b,Dynamic NE Seeking for Multi-Integrator Networked Agents With Disturbance Rejection,Andrew R. Romano and Lacra Pavel,2019,2019-03-06,IEEE Transactions on Control of Network Systems,7,129-139,"In this paper, we consider game problems played by (multi)-integrator agents, subject to external disturbances. We propose Nash equilibrium seeking dynamics based on gradient-play, augmented with a dynamic internal-model based component, which is a reduced-order observer of the disturbance. We consider single-, double-, and extensions to multi-integrator agents, in a partial-information setting, where agents have only partial knowledge on the others’ decisions over a network. The lack of global information is offset by each agent maintaining an estimate of the others’ states, based on local communication with its neighbors. Each agent has an additional dynamic component that drives its estimates to the consensus subspace. In all cases, we show convergence to the Nash equilibrium irrespective of disturbances. Our proofs leverage input-to-state stability under strong monotonicity of the pseudo-gradient and Lipschitz continuity of the extended pseudo-gradient.",141,20,10.1109/TCNS.2019.2920590,https://doi.org/10.1109/TCNS.2019.2920590,0.6800
Mut20,On the Impossibility of Convergence of Mixed Strategies with No Regret Learning,"Vidya Muthukumar, Soham R. Phade, and Anant Sahai",2020,2020-12-03,ArXiv,abs/2012.02125,,"We study convergence properties of the mixed strategies that result from a general class of optimal no regret learning strategies in a repeated game setting where the stage game is any 2 by 2 competitive game (i.e. game for which all the Nash equilibria (NE) of the game are completely mixed). We consider the class of strategies whose information set at each step is the empirical average of the opponent's realized play (and the step number), that we call mean based strategies. We first show that there does not exist any optimal no regret, mean based strategy for player 1 that would result in the convergence of her mixed strategies (in probability) against an opponent that plays his Nash equilibrium mixed strategy at each step. Next, we show that this last iterate divergence necessarily occurs if player 2 uses any adaptive strategy with a minimal randomness property. This property is satisfied, for example, by any fixed sequence of mixed strategies for player 2 that converges to NE. We conjecture that this property holds when both players use optimal no regret learning strategies against each other, leading to the divergence of the mixed strategies with a positive probability. Finally, we show that variants of mean based strategies using recency bias, which have yielded last iterate convergence in deterministic min max optimization, continue to lead to this last iterate divergence. This demonstrates a crucial difference in outcomes between using the opponent's mixtures and realizations to make strategy updates.",4,0.7,,https://www.semanticscholar.org/paper/99024ccd57b633b40e2ff4f709d5e333d9d22c2b,0.6600
Sha19g,Geometric Method for Passivation and Cooperative Control of Equilibrium-Independent Passive-Short Systems,"Miel Sharf, Anoop Jain, and Daniel Zelazo",2019,2019-01-19,IEEE Transactions on Automatic Control,66,5877-5892,"Equilibrium-independent passive-short (EIPS) systems are a class of systems that satisfy a passivity-like dissipation inequality with respect to any forced equilibria with nonpositive passivity indices. This article presents a geometric approach for finding a passivizing transformation for such systems, relying on their steady-state input–output relation and the notion of projective quadratic inequalities (PQIs). We show that PQIs arise naturally from passivity-shortage characteristics of an EIPS system, and the set of their solutions can be explicitly expressed. We leverage this connection to build an input–output mapping that transforms the steady-state input–output relation to a monotone relation, and show that the same mapping passivizes the EIPS system. We show that the proposed transformation can be implemented through a combination of feedback, feedthrough, post- and premultiplication gains. Furthermore, we consider an application of the presented passivation scheme for the analysis of networks comprised of EIPS systems. Numerous examples are provided to illustrate the theoretical findings.",14,1.9,10.1109/TAC.2020.3043390,https://doi.org/10.1109/TAC.2020.3043390,0.6600
Bia20d,Fast generalized Nash equilibrium seeking under partial-decision information,"M. Bianchi, Giuseppe Belgioioso, and Sergio Grammatico",2020,2020-03-20,ArXiv,abs/2003.09335,,"We address the generalized Nash equilibrium seeking problem in a partial-decision information scenario, where each agent can only exchange information with some neighbors, although its cost function possibly depends on the strategies of all agents. The few existing methods build on projected pseudo-gradient dynamics, and require either double-layer iterations or conservative conditions on the step sizes. To overcome both these flaws and improve efficiency, we design the first fully-distributed single-layer algorithms based on proximal best-response. Our schemes are fixed-step and allow for inexact updates, which is crucial for reducing the computational complexity. Under standard assumptions on the game primitives, we establish convergence to a variational equilibrium (with linear rate for games without coupling constraints) by recasting our algorithms as proximal-point methods, opportunely preconditioned to distribute the computation among the agents. Since our analysis hinges on a restricted monotonicity property, we also provide new general results that significantly extend the domain of applicability of proximal-point methods. Besides, the operator-theoretic approach favors the implementation of provably correct acceleration schemes that can further improve the convergence speed. Finally, the potential of our algorithms is demonstrated numerically, revealing much faster convergence with respect to projected pseudo-gradient methods and validating our theoretical findings.",76,12,10.1016/j.automatica.2021.110080,https://doi.org/10.1016/j.automatica.2021.110080,0.6500
Che15e,Asymptotic convergence of constrained primal-dual dynamics,"A. Cherukuri, Enrique Mallada, and J. Cortés",2015,2015-10-07,Syst. Control. Lett.,87,10-15,"This paper studies the asymptotic convergence properties of the primal-dual dynamics designed for solving constrained concave optimization problems using classical notions from stability analysis. We motivate the need for this study by providing an example that rules out the possibility of employing the invariance principle for hybrid automata to study asymptotic convergence. We understand the solutions of the primal-dual dynamics in the Caratheodory sense and characterize their existence, uniqueness, and continuity with respect to the initial condition. We use the invariance principle for discontinuous Caratheodory systems to establish that the primal-dual optimizers are globally asymptotically stable under the primal-dual dynamics and that each solution of the dynamics converges to an optimizer.",206,19,10.1016/j.sysconle.2015.10.006,https://doi.org/10.1016/j.sysconle.2015.10.006,0.6500
Big26b,On the Complexity of Learning Nash Equilibria,"Oliver Biggar, Christos Papadimitriou, and Georgios Piliouras",2026,2026-02-17,,,,"We know that the Nash equilibria of a game cannot be computed efficiently unless $P = PPAD$. But can they be learned? Are there dynamics that (1) can be computed efficiently by the players at each strategy profile and (2) are guaranteed to converge to the Nash equilibria? This is a question as ancient as the Nash equilibrium itself, and antedates by many decades current complexity considerations about it. It was recently proved in MPPS23 that no such dynamics can exist in general; however, the game used in that proof is degenerate, and a strong assumption of uniform convergence to a continuum of Nash equilibria is employed. We point out that both assumptions are necessary for that proof, because Nash-convergent dynamics do exist, which converge to all Nash equilibria in non-degenerate games; in fact we describe two very different families of such dynamics. However, we show that both of these families are intractable to compute locally, unless complexity classes collapse. We formulate a complexity theoretic Impossibility Conjecture: if a locally tractable Nash-convergent dynamic exists then $P=PPAD$. This is a novel kind of conjecture, combining topology and complexity, because the dynamic is only required to be tractable locally -- it could take exponentially many steps to converge, so long as the work done at each step is polynomial. Next, we show that any locally tractable dynamic which possesses a locally tractable Lyapunov function cannot exist unless $PPAD = CLS$. Finally, for the most general impossibility conjecture, we provide a complexity-theoretic explanation why it may be difficult to settle: we introduce a Proving Game to demonstrate that black-box reductions cannot distinguish between convergent and non-convergent dynamics in polynomial time.",0,,,https://www.semanticscholar.org/paper/3dc876adba539425863999c93c5775ccfe6a79ad,0.6500
Eve09,On the convergence of regret minimization dynamics in concave games,"Eyal Even-Dar, Y. Mansour, and Uri Nadav",2009,2009-05-31,Symposium on the Theory of Computing,,523-532,,103,6.1,10.1145/1536414.1536486,https://doi.org/10.1145/1536414.1536486,0.6500
Pan11,Nonconvex Games with Side Constraints,J. Pang and G. Scutari,2011,2011-10-01,SIAM J. Optim.,21,1491-1522,"This paper develops an optimization-based theory for the existence and uniqueness of equilibria of a noncooperative game wherein the selfish players' optimization problems are nonconvex and there are side constraints and an associated price clearance to be satisfied by the equilibria. A new concept of equilibrium for such a nonconvex game, which we term a “quasi-Nash equilibrium” (QNE), is introduced as a solution of the variational inequality (VI) obtained by aggregating the first-order optimality conditions of the players' problems while retaining the convex constraints (if any) in the defining set of the VI. Under a second-order sufficiency condition from nonlinear programming, a QNE becomes a local Nash equilibrium of the game. Uniqueness of a QNE is established using a degree-theoretic proof. Under a key boundedness property of the Karush-Kuhn-Tucker multipliers of the nonconvex constraints and the positive definiteness of the Hessians of the players' Lagrangian functions, we establish the single-valuedness of the players' best-response maps, from which the existence of a Nash equilibrium (NE) of the nonconvex game follows. We also present a distributed algorithm for computing an NE of such a game and provide a matrix-theoretic condition for the convergence of the algorithm. An application is presented that pertains to a special multi-leader-follower game wherein the nonconvexity is due to the followers' equilibrium conditions in the leaders' optimization problems. Another application to a cognitive radio paradigm in a signal processing game is described in detail in [G. Scutari and J.S. Pang, IEEE Trans. Inform. Theory, submitted; J.S. Pang and G. Scutari, Joint IEEE Trans. Signal Process, submitted].",90,6.1,10.1137/100811787,https://doi.org/10.1137/100811787,0.6500
Moy78,Stability criteria for large-scale systems,P. Moylan and D. Hill,1978,1978-04-01,IEEE Transactions on Automatic Control,23,143-149,"Recent research into large-scale system stability has proceeded via two apparently unrelated approaches. For Lyapunov stability, it is assumed that the system can be broken down into a number of subsystems, and that for each subsystem one can find a Lyapunov function (or something akin to a Lyapunov function). The alternative approach is an input-output approach; stability criteria are derived by assuming that each subsystem has finite gain. The input-output method has also been applied to interconnections of passive and of conic subsystems. This paper attempts to unify many of the previous results, by studying linear interconnections of so-called ""dissipative"" subsystems. A single matrix condition is given which ensures both input-output stability and Lyapunov stability. The result is then specialized to cover interconnections of some special types of dissipative systems, namely finite gain systems, passive systems, and conic systems.",395,8.2,10.1109/TAC.1978.1101721,https://doi.org/10.1109/TAC.1978.1101721,0.6400
Ana22b,Optimistic Mirror Descent Either Converges to Nash or to Strong Coarse Correlated Equilibria in Bimatrix Games,"Ioannis Anagnostides, Gabriele Farina, Ioannis Panageas, and T. Sandholm",2022,2022-03-22,ArXiv,abs/2203.12074,,"We show that, for any sufficiently small fixed $\epsilon>0$, when both players in a general-sum two-player (bimatrix) game employ optimistic mirror descent (OMD) with smooth regularization, learning rate $\eta = O(\epsilon^2)$ and $T = \Omega(\text{poly}(1/\epsilon))$ repetitions, either the dynamics reach an $\epsilon$-approximate Nash equilibrium (NE), or the average correlated distribution of play is an $\Omega(\text{poly}(\epsilon))$-strong coarse correlated equilibrium (CCE): any possible unilateral deviation does not only leave the player worse, but will decrease its utility by $\Omega(\text{poly}(\epsilon))$. As an immediate consequence, when the iterates of OMD are bounded away from being Nash equilibria in a bimatrix game, we guarantee convergence to an exact CCE after only $O(1)$ iterations. Our results reveal that uncoupled no-regret learning algorithms can converge to CCE in general-sum games remarkably faster than to NE in, for example, zero-sum games. To establish this, we show that when OMD does not reach arbitrarily close to a NE, the (cumulative) regret of both players is not only negative, but decays linearly with time. Given that regret is the canonical measure of performance in online learning, our results suggest that cycling behavior of no-regret learning algorithms in games can be justified in terms of efficiency.",11,2.6,10.48550/arXiv.2203.12074,https://doi.org/10.48550/arXiv.2203.12074,0.6400
Ben22b,Optimal Selection and Tracking Of Generalized Nash Equilibria in Monotone Games,"Emilio Benenati, W. Ananduta, and Sergio Grammatico",2022,2022-03-15,IEEE Transactions on Automatic Control,68,7644-7659,"A fundamental open problem in monotone game theory is the computation of a specific generalized Nash equilibrium (GNE) among all the available ones, e.g., the optimal equilibrium with respect to a system-level objective. The existing GNE seeking algorithms have in fact convergence guarantees toward an arbitrary, possibly inefficient, equilibrium. In this article, we solve this open problem by leveraging results from fixed-point selection theory and in turn derive distributed algorithms for the computation of an optimal GNE in monotone games. We then extend the technical results to the time-varying setting and propose an algorithm that tracks the sequence of optimal equilibria up to an asymptotic error, whose bound depends on the local computational capabilities of the agents.",17,4.1,10.1109/TAC.2023.3288372,https://doi.org/10.1109/TAC.2023.3288372,0.6400
Gol20b,Last Iterate is Slower than Averaged Iterate in Smooth Convex-Concave Saddle Point Problems,"Noah Golowich, S. Pattathil, C. Daskalakis, and A. Ozdaglar",2020,2020-01-31,ArXiv,abs/2002.00057,,"In this paper we study the smooth convex-concave saddle point problem. Specifically, we analyze the last iterate convergence properties of the Extragradient (EG) algorithm. It is well known that the ergodic (averaged) iterates of EG converge at a rate of $O(1/T)$ (Nemirovski, 2004). In this paper, we show that the last iterate of EG converges at a rate of $O(1/\sqrt{T})$. To the best of our knowledge, this is the first paper to provide a convergence rate guarantee for the last iterate of EG for the smooth convex-concave saddle point problem. Moreover, we show that this rate is tight by proving a lower bound of $\Omega(1/\sqrt{T})$ for the last iterate. This lower bound therefore shows a quadratic separation of the convergence rates of ergodic and last iterates in smooth convex-concave saddle point problems.",114,18,,https://www.semanticscholar.org/paper/16754adf25bac04161ba9db653935609bf058623,0.6200
And23,Evolutionary Games on Infinite Strategy Sets: Convergence to Nash Equilibria via Dissipativity,"B. Anderson, Jingqi Li, S. Sojoudi, and Murat Arcak",2023,2023-12-13,IEEE Transactions on Automatic Control,71,411-426,"In this article, we consider evolutionary dynamics for population games in which players have a continuum of strategies at their disposal. Models in this setting amount to infinite-dimensional differential equations evolving on the manifold of probability measures. We generalize dissipativity theory for evolutionary games from finite to infinite strategy sets that are compact metric spaces, and derive sufficient conditions for the stability of Nash equilibria under the infinite-dimensional dynamics. The resulting analysis is applicable to a broad class of evolutionary games and is modular in the sense that the pertinent conditions on the dynamics and the game’s payoff structure can be verified independently. By specializing our theory to the class of monotone games, we recover as special cases existing stability results for the Brown–von Neumann–Nash and impartial pairwise comparison dynamics. Throughout our analyses, we identify and elaborate on new technical conditions that are key in extending dissipativity theory from finite to infinite strategy sets, such as compactness of the set of Nash equilibria. We illustrate our theory using a variety of case studies, including a novel continuous variant of the war of attrition game.",2,0.8,10.1109/TAC.2025.3591602,https://doi.org/10.1109/TAC.2025.3591602,0.6200
Gao21b,Second-Order Mirror Descent: Convergence in Games Beyond Averaging and Discounting,Bolin Gao and Lacra Pavel,2021,2021-11-18,IEEE Transactions on Automatic Control,69,2143-2157,"In this article, we propose a second-order extension of the continuous-time game-theoretic mirror descent (MD) dynamics, referred to as MD2, which provably converges to mere (but not necessarily strict) variationally stable states (VSS) without using common auxiliary techniques, such as time-averaging or discounting. We show that MD2 enjoys no-regret as well as an exponential rate of convergence toward strong VSS upon a slight modification. MD2 can also be used to derive many novel continuous-time primal-space dynamics. We then use stochastic approximation techniques to provide a convergence guarantee of discrete-time MD2 with noisy observations toward interior mere VSS. Selected simulations are provided to illustrate our results.",12,2.7,10.1109/TAC.2023.3291953,https://doi.org/10.1109/TAC.2023.3291953,0.6200
Jia13b,Distributed Computation of Equilibria in Misspecified Convex Stochastic Nash Games,"Hao Jiang, U. Shanbhag, and Sean P. Meyn",2013,2013-08-25,IEEE Transactions on Automatic Control,63,360-371,"The distributed computation of Nash equilibria is assuming growing relevance in engineering where such problems emerge in the context of distributed control. Accordingly, we present schemes for computing equilibria of two classes of static stochastic convex games complicated by a parametric misspecification, a natural concern in the control of large-scale networked engineered system. In both schemes, players learn the equilibrium strategy while resolving the misspecification: 1) Monotone stochastic Nash games: We present a set of coupled stochastic approximation schemes distributed across agents in which the first scheme updates each agent's strategy via a projected (stochastic) gradient step, whereas the second scheme updates every agent's belief regarding its misspecified parameter using an independently specified learning problem. We proceed to show that the produced sequences converge in an almost sure sense to the true equilibrium strategy and the true parameter, respectively. Surprisingly, convergence in the equilibrium strategy achieves the optimal rate of convergence in a mean-squared sense with a quantifiable degradation in the rate constant; 2) Stochastic Nash–Cournot games with unobservable aggregate output: We refine 1) to a Cournot setting where we assume that the tuple of strategies is unobservable while payoff functions and strategy sets are public knowledge through a common knowledge assumption. By utilizing observations of noise-corrupted prices, iterative fixed-point schemes are developed, allowing for simultaneously learning the equilibrium strategies and the misspecified parameter in an almost sure sense.",29,2.3,10.1109/TAC.2017.2742061,https://doi.org/10.1109/TAC.2017.2742061,0.6200
Cor16,Distributed Coordination for Nonsmooth Convex Optimization via Saddle-Point Dynamics,J. Cortés and Simon K. Niederländer,2016,2016-06-29,Journal of Nonlinear Science,29,1247 - 1272,"This paper considers continuous-time coordination algorithms for networks of agents that seek to collectively solve a general class of nonsmooth convex optimization problems with an inherent distributed structure. Our algorithm design builds on the characterization of the solutions of the nonsmooth convex program as saddle points of an augmented Lagrangian. We show that the associated saddle-point dynamics are asymptotically correct but, in general, not distributed because of the presence of a global penalty parameter. This motivates the design of a discontinuous saddle-point-like algorithm that enjoys the same convergence properties and is fully amenable to distributed implementation. Our convergence proofs rely on the identification of a novel global Lyapunov function for saddle-point dynamics. This novelty also allows us to identify mild convexity and regularity conditions on the objective function that guarantee the exponential convergence rate of the proposed algorithms for convex optimization problems subject to equality constraints. Various examples illustrate our discussion.",81,8.2,10.1007/s00332-018-9516-4,https://doi.org/10.1007/s00332-018-9516-4,0.6200
Per18f,A Feedback Control Algorithm to Steer Networks to a Cournot–Nash Equilibrium,C. De Persis and N. Monshizadeh,2018,2018-03-09,IEEE Transactions on Control of Network Systems,6,1486-1497,"In this paper, we propose distributed feedback control that steers a dynamical network to a prescribed equilibrium corresponding to the so-called Cournot–Nash equilibrium. The network dynamics considered here are a class of passive nonlinear second-order systems, where production and demands act as external inputs to the systems. While productions are assumed to be controllable at each node, the demand is determined as a function of local prices according to the utility of the consumers. Using reduced information on the demand, the proposed controller guarantees the convergence of the closed-loop system to the optimal equilibrium point dictated by the Cournot–Nash competition.",25,3.0,10.1109/TCNS.2019.2897907,https://doi.org/10.1109/TCNS.2019.2897907,0.6200
Pap18,From Nash Equilibria to Chain Recurrent Sets: An Algorithmic Solution Concept for Game Theory,C. Papadimitriou and G. Piliouras,2018,2018-10-01,Entropy,20,,"In 1950, Nash proposed a natural equilibrium solution concept for games hence called Nash equilibrium, and proved that all finite games have at least one. The proof is through a simple yet ingenious application of Brouwer’s (or, in another version Kakutani’s) fixed point theorem, the most sophisticated result in his era’s topology—in fact, recent algorithmic work has established that Nash equilibria are computationally equivalent to fixed points. In this paper, we propose a new class of universal non-equilibrium solution concepts arising from an important theorem in the topology of dynamical systems that was unavailable to Nash. This approach starts with both a game and a learning dynamics, defined over mixed strategies. The Nash equilibria are fixpoints of the dynamics, but the system behavior is captured by an object far more general than the Nash equilibrium that is known in dynamical systems theory as chain recurrent set. Informally, once we focus on this solution concept—this notion of “the outcome of the game”—every game behaves like a potential game with the dynamics converging to these states. In other words, unlike Nash equilibria, this solution concept is algorithmic in the sense that it has a constructive proof of existence. We characterize this solution for simple benchmark games under replicator dynamics, arguably the best known evolutionary dynamics in game theory. For (weighted) potential games, the new concept coincides with the fixpoints/equilibria of the dynamics. However, in (variants of) zero-sum games with fully mixed (i.e., interior) Nash equilibria, it covers the whole state space, as the dynamics satisfy specific information theoretic constants of motion. We discuss numerous novel computational, as well as structural, combinatorial questions raised by this chain recurrence conception of games.",36,4.7,10.3390/e20100782,https://doi.org/10.3390/e20100782,0.6200
Wei20,Linear Last-iterate Convergence in Constrained Saddle-point Optimization,"Chen-Yu Wei, Chung-Wei Lee, Mengxiao Zhang, and Haipeng Luo",2020,2020-06-16,arXiv: Learning,,,"Optimistic Gradient Descent Ascent (OGDA) and Optimistic Multiplicative Weights Update (OMWU) for saddle-point optimization have received growing attention due to their favorable last-iterate convergence. However, their behaviors for simple bilinear games over the probability simplex are still not fully understood -- previous analysis lacks explicit convergence rates, only applies to an exponentially small learning rate, or requires additional assumptions such as the uniqueness of the optimal solution. 
In this work, we significantly expand the understanding of last-iterate convergence for OGDA and OMWU in the constrained setting. Specifically, for OMWU in bilinear games over the simplex, we show that when the equilibrium is unique, linear last-iterate convergence is achievable with a constant learning rate, which improves the result of (Daskalakis & Panageas, 2019) under the same assumption. We then significantly extend the results to more general objectives and feasible sets for the projected OGDA algorithm, by introducing a sufficient condition under which OGDA exhibits concrete last-iterate convergence rates with a constant learning rate. We show that bilinear games over any polytope satisfy this condition and OGDA converges exponentially fast even without the unique equilibrium assumption. Our condition also holds for strongly-convex-strongly-concave functions, recovering the result of (Hsieh et al., 2019). Finally, we provide experimental results to further support our theory.",146,25,,https://www.semanticscholar.org/paper/954931aa9a4b17e60d534f017ef600f7a87d31e2,0.6000
San01,Potential Games with Continuous Player Sets,William H. Sandholm,2001,2001-03-01,J. Econ. Theory,97,81-108,"Abstract We study potential games with continuous player sets, a class of games characterized by an externality symmetry condition. Examples of these games include random matching games with common payoffs and congestion games. We offer a simple description of equilibria which are locally stable under a broad class of evolutionary dynamics, and prove that behavior converges to Nash equilibrium from all initial conditions. We consider a subclass of potential games in which evolution leads to efficient play. Finally, we show that the games studied here are the limits of convergent sequences of the finite player potential games studied by Monderer and Shapley [22]. Journal of Economic Literature Classification Numbers: C72, C73, D62, R41.",486,19,10.1006/jeth.2000.2696,https://doi.org/10.1006/jeth.2000.2696,0.6000
Li24d,Passivity-Based Gradient-Play Dynamics for Distributed Generalized Nash Equilibrium Seeking,Weijian Li and Lacra Pavel,2024,2024-08-22,IEEE Transactions on Automatic Control,71,1600-1615,"We consider seeking generalized Nash equilibria (GNE) for noncooperative games with coupled nonlinear constraints over networks. We first revisit a well-known gradient-play dynamics from a passivity-based perspective and address that the strict monotonicity of the pseudogradient is a critical assumption to ensure the exact convergence of the dynamics. Then, we propose two novel passivity-based gradient-play dynamics by introducing parallel feedforward compensators (PFCs) and output feedback compensators (OFCs). We show that the proposed dynamics can reach exact GNEs in merely monotone regimes if the PFCs are strictly passive or if the OFCs are output strictly passive. Following that, resorting to passivity, we develop a unifying framework to generalize the gradient-play dynamics, and moreover, design a class of explicit dynamics with convergence guarantees. In addition, we explore the relation between the proposed dynamics and some existing methods, and extend our results to partial-decision information settings.",1,0.6,10.1109/TAC.2025.3614508,https://doi.org/10.1109/TAC.2025.3614508,0.6000
Gao19c,Continuous-Time Discounted Mirror Descent Dynamics in Monotone Concave Games,Bolin Gao and Lacra Pavel,2019,2019-12-07,IEEE Transactions on Automatic Control,66,5451-5458,"We consider concave continuous-kernel games characterized by monotonicity properties and propose discounted mirror descent type dynamics. We introduce two classes of dynamics whereby the associated mirror map is constructed based on a strongly convex or a Legendre regularizer. Depending on the properties of the regularizer, we show that these new dynamics can converge asymptotically in concave games with merely monotone (negative) pseudogradient. Furthermore, we show that when the regularizer enjoys strong convexity, the resulting dynamics can converge even in games with hypomonotone (negative) pseudogradient, which corresponds to a shortage of monotonicity.",27,4.2,10.1109/TAC.2020.3045094,https://doi.org/10.1109/TAC.2020.3045094,0.6000
Krt80,Suboptimality of decentralized stochastic control and estimation,R. Krtolica and D. Siljak,1980,1980-02-01,IEEE Transactions on Automatic Control,25,76-83,"A stochastic version of suboptimal decentralized control is formulated to study the effects of interactions on performance of systems which are composed of locally optimal subsystems. Turning this approach the other way, we also investigate suboptimality of the decentralized control which arises from the globally optimal control of the overall interconnected system due to the loss of feedback control connections among the subsystems. Various characterizations of suboptimality are given in terms of interconnection and feedback gain matrices. By duality, we derive the suboptimality conditions for decentralized estimation. The separate solutions of control and estimation problems are used to provide a suboptimal decentralized design for incomplete state information. Additional conditions are obtained for robustness and reliability of the interconnected systems synthesized by a suboptimal decentralized control.",63,1.4,10.1109/TAC.1980.1102217,https://doi.org/10.1109/TAC.1980.1102217,0.6000
Sha19h,Network Feedback Passivation of Passivity-Short Multi-Agent Systems,Miel Sharf and Daniel Zelazo,2019,2019-02-24,IEEE Control Systems Letters,3,607-612,"In this letter, we propose a network-optimization framework for the analysis of multi-agent systems with passive-short agents. We consider the known connection between diffusively coupled maximally equilibrium-independent passive systems, and network optimization, culminating in a pair of dual convex network optimization problems, whose minimizers are exactly the steady-states of the closed-loop system. We propose a network-based regularization term to the network optimization problem and show that it results in a network-based feedback using only relative outputs. We prove that if the average of the passivity indices is positive, then we convexify the problem, passivize the agents, and that steady-states of the augmented system correspond to the minimizers of the regularized network optimization problem. We also suggest a hybrid approach, in which only a subset of agents sense their own output, and show that if the set is nonempty, then we can always achieve the same correspondence as above, regardless of the passivity indices. We demonstrate our results on a traffic model with non-passive agents and limited GNSS reception.",16,2.2,10.1109/LCSYS.2019.2914128,https://doi.org/10.1109/LCSYS.2019.2914128,0.6000
Ana21c,Near-optimal no-regret learning for correlated equilibria in multi-player general-sum games,Ioannis Anagnostides et al.,2021,2021-11-11,Proceedings of the 54th Annual ACM SIGACT Symposium on Theory of Computing,,,"Recently, Daskalakis, Fishelson, and Golowich (DFG) (NeurIPS ‘21) showed that if all agents in a multi-player general-sum normal-form game employ Optimistic Multiplicative Weights Update (OMWU), the external regret of every player is O(polylog(T)) after T repetitions of the game. In this paper we extend their result from external regret to internal and swap regret, thereby establishing uncoupled learning dynamics that converge to an approximate correlated equilibrium at the rate of O( T−1 ). This substantially improves over the prior best rate of convergence of O(T−3/4) due to Chen and Peng (NeurIPS ‘20), and it is optimal up to polylogarithmic factors. To obtain these results, we develop new techniques for establishing higher-order smoothness for learning dynamics involving fixed point operations. Specifically, we first establish that the no-internal-regret learning dynamics of Stoltz and Lugosi (Mach Learn ‘05) are equivalently simulated by no-external-regret dynamics on a combinatorial space. This allows us to trade the computation of the stationary distribution on a polynomial-sized Markov chain for a (much more well-behaved) linear transformation on an exponential-sized set, enabling us to leverage similar techniques as DGF to near-optimally bound the internal regret. Moreover, we establish an O(polylog(T)) no-swap-regret bound for the classic algorithm of Blum and Mansour (BM) (JMLR ‘07). We do so by introducing a technique based on the Cauchy Integral Formula that circumvents the more limited combinatorial arguments of DFG. In addition to shedding clarity on the near-optimal regret guarantees of BM, our arguments provide insights into the various ways in which the techniques by DFG can be extended and leveraged in the analysis of more involved learning algorithms.",66,15,10.1145/3519935.3520031,https://doi.org/10.1145/3519935.3520031,0.6000
Tee96,"On graphs, conic relations, and input-output stability of nonlinear feedback systems",A. Teel,1996,1996-05-01,IEEE Trans. Autom. Control.,41,702-709,"This paper presents necessary and sufficient conditions for the stability of general interconnected dynamical systems. The results are expressed in terms of the graphs of the interconnection's subsystems. Conditions for robustness of stability for an interconnection with additive disturbances are also provided. Finally, the paper gives sufficient conditions for stability using conic sector conditions that generalize earlier conditions and that incorporate a recent nonlinear small gain idea.",32,1.1,10.1109/9.489206,https://doi.org/10.1109/9.489206,0.5900
Das18b,Last-Iterate Convergence: Zero-Sum Games and Constrained Min-Max Optimization,C. Daskalakis and Ioannis Panageas,2018,2018-07-01,Information Technology Convergence and Services,,27:1-27:18,"Motivated by applications in Game Theory, Optimization, and Generative Adversarial Networks, recent work of Daskalakis et al~\cite{DISZ17} and follow-up work of Liang and Stokes~\cite{LiangS18} have established that a variant of the widely used Gradient Descent/Ascent procedure, called ""Optimistic Gradient Descent/Ascent (OGDA)"", exhibits last-iterate convergence to saddle points in {\em unconstrained} convex-concave min-max optimization problems. We show that the same holds true in the more general problem of {\em constrained} min-max optimization under a variant of the no-regret Multiplicative-Weights-Update method called ""Optimistic Multiplicative-Weights Update (OMWU)"". This answers an open question of Syrgkanis et al~\cite{SALS15}. 
The proof of our result requires fundamentally different techniques from those that exist in no-regret learning literature and the aforementioned papers. We show that OMWU monotonically improves the Kullback-Leibler divergence of the current iterate to the (appropriately normalized) min-max solution until it enters a neighborhood of the solution. Inside that neighborhood we show that OMWU becomes a contracting map converging to the exact solution. We believe that our techniques will be useful in the analysis of the last iterate of other learning algorithms.",207,26,10.4230/LIPIcs.ITCS.2019.27,https://doi.org/10.4230/LIPIcs.ITCS.2019.27,0.5800
Bia20c,Fully Distributed Nash Equilibrium Seeking Over Time-Varying Communication Networks With Linear Convergence Rate,M. Bianchi and Sergio Grammatico,2020,2020-03-22,IEEE Control Systems Letters,5,499-504,"We design a distributed algorithm for learning Nash equilibria over time-varying communication networks in a partial-decision information scenario, where each agent can access its own cost function and local feasible set, but can only observe the actions of some neighbors. Our algorithm is based on projected pseudo-gradient dynamics, augmented with consensual terms. Under strong monotonicity and Lipschitz continuity of the game mapping, we provide a simple proof of linear convergence, based on a contractivity property of the iterates. Compared to similar solutions proposed in literature, we also allow for time-varying communication and derive tighter bounds on the step sizes that ensure convergence. In fact, in our numerical simulations, our algorithm outperforms the existing gradient-based methods, when the step sizes are set to their theoretical upper bounds. Finally, to relax the assumptions on the network structure, we propose a different pseudo-gradient algorithm, which is guaranteed to converge on time-varying balanced directed graphs.",75,12,10.1109/LCSYS.2020.3002734,https://doi.org/10.1109/LCSYS.2020.3002734,0.5800
Tan24e,A Necessary and Sufficient Condition Beyond Monotonicity for Convergence of the Gradient Play in Continuous Games,Shaolin Tan and Jinhu Lü,2024,2024-03-01,"IEEE Transactions on Systems, Man, and Cybernetics: Systems",54,1805-1815,"In this article, we aim to answer the following question: What kind of games can guarantee convergence of the (full-information or partial-information, continuous-time or discrete-time) gradient play? To the best of our knowledge, current works on Nash equilibrium seeking are mainly established on the monotonicity condition. We introduce a concept called stability condition to continuous games, which includes the monotonicity condition as a special case. We prove that the stability condition is necessary and sufficient for convergence of gradient play. In detail, we show that, if the step size is fixed and within a given bound, the full-information and partial-information gradient play is guaranteed to converge to the Nash equilibrium in strongly stable games. If the step size is diminishing, then convergence of the gradient play can be obtained for strictly stable games. We present a game that is stable but not monotone to illustrate our theoretical developments.",5,2.3,10.1109/TSMC.2023.3329809,https://doi.org/10.1109/TSMC.2023.3329809,0.5800
Cha19f,Convergence Analysis of Gradient-Based Learning in Continuous Games,"Benjamin J. Chasnov, L. Ratliff, Eric V. Mazumdar, and Samuel A. Burden",2019,,Conference on Uncertainty in Artificial Intelligence,,935-944,"Considering a class of gradient-based multi-agent learning algorithms in non-cooperative settings, we provide convergence guarantees to a neighborhood of a stable Nash equilibrium. In particular, we consider continuous games where agents learn in 1) deterministic settings with oracle access to their individual gradient and 2) stochastic settings with an unbiased estimator of their individual gradient. We also study the effects of non-uniform learning rates, which cause a distortion of the vector ﬁeld that can alter the equilibrium to which the agents converge and the learning path. We support the analysis with numerical examples that provide insight into how games may be synthesized to achieve desirable equilibria.",28,3.8,,https://www.semanticscholar.org/paper/4a96b2b33786301d59670fa647f99e3dd807abb8,0.5800
Pal17c,"Multiplicative Weights Update with Constant Step-Size in Congestion Games: Convergence, Limit Cycles and Chaos","Gerasimos Palaiopanos, Ioannis Panageas, and G. Piliouras",2017,2017-03-01,ArXiv,abs/1703.01138,,"The Multiplicative Weights Update (MWU) method is a ubiquitous meta-algorithm that works as follows: A distribution is maintained on a certain set, and at each step the probability assigned to action $\gamma$ is multiplied by $(1 -\epsilon C(\gamma))>0$ where $C(\gamma)$ is the ``cost"" of action $\gamma$ and then rescaled to ensure that the new values form a distribution. We analyze MWU in congestion games where agents use \textit{arbitrary admissible constants} as learning rates $\epsilon$ and prove convergence to \textit{exact Nash equilibria}. Interestingly, this convergence result does not carry over to the nearly homologous MWU variant where at each step the probability assigned to action $\gamma$ is multiplied by $(1 -\epsilon)^{C(\gamma)}$ even for the simplest case of two-agent, two-strategy load balancing games, where such dynamics can provably lead to limit cycles or even chaotic behavior.",142,15,,https://www.semanticscholar.org/paper/b4bbecd26e90e05543f826616b367d1ecad8f906,0.5800
Sha05b,"Dynamic fictitious play, dynamic gradient play, and distributed convergence to Nash equilibria",J. Shamma and Gürdal Arslan,2005,2005-03-01,IEEE Transactions on Automatic Control,50,312-327,"We consider a continuous-time form of repeated matrix games in which player strategies evolve in reaction to opponent actions. Players observe each other's actions, but do not have access to other player utilities. Strategy evolution may be of the best response sort, as in fictitious play, or a gradient update. Such mechanisms are known to not necessarily converge. We introduce a form of ""dynamic"" fictitious and gradient play strategy update mechanisms. These mechanisms use derivative action in processing opponent actions and, in some cases, can lead to behavior converging to Nash equilibria in previously nonconvergent situations. We analyze convergence in the case of exact and approximate derivative measurements of the dynamic update mechanisms. In the ideal case of exact derivative measurements, we show that convergence to Nash equilibrium can always be achieved. In the case of approximate derivative measurements, we derive a characterization of local convergence that shows how the dynamic update mechanisms can converge if the traditional static counterparts do not. We primarily discuss two player games, but also outline extensions to multiplayer games. We illustrate these methods with convergent simulations of the well known Shapley and Jordan counterexamples.",392,18,10.1109/TAC.2005.843878,https://doi.org/10.1109/TAC.2005.843878,0.5700
Lia19e,Distributed Nash equilibrium seeking for aggregative games via a small-gain approach,"Shu Liang, Peng Yi, Yiguang Hong, and Kai-xiang Peng",2019,2019-11-15,arXiv: Optimization and Control,,,"Distributed Nash equilibrium seeking of aggregative games is investigated and a continuous-time algorithm is proposed. The algorithm is designed by virtue of projected gradient play dynamics and distributed average tracking dynamics, and is applicable to games with constrained strategy sets and weight-balanced communication graphs. We analyze the complex interaction of these dynamics with the help of input-to-state stability (ISS). By scaling algorithm parameters to render a small-gain condition, we obtain an exponential convergence of the proposed algorithm to the Nash equilibrium. In addition, a numerical example is provided to illustrate the effectiveness of our methods.",10,1.5,,https://www.semanticscholar.org/paper/05f64c49ea575884f4c82f908e20318a89fa9c95,0.5700
Par19d,From Population Games to Payoff Dynamics Models: A Passivity-Based Approac,"Shinkyu Park, N. C. Martins, and J. Shamma",2019,2019-12-01,2019 IEEE 58th Conference on Decision and Control (CDC),,6584-6601,"This tutorial article describes a dynamical systems framework rooted in evolutionary game principles to characterize non-cooperative strategic interactions among large populations of bounded rationality agents. It also overviews recent results that use passivity notions to characterize the stability of Nash-like equilibria. In our framework, each agent belongs to a population that prescribes to its members a strategy set and a strategy revision protocol. A so-called social state registers the proportions of agents in every population adopting each strategy and a pre-selected dynamic payoff mechanism, specified by a payoff dynamics model (PDM), determines the payoff as a causal map of the social state. According to the framework, each agent must take up a strategy at a time, which it can repeatedly revise over time based on its current strategy, and information about the payoff and social state available to it. The PDM class considered in our framework can model precisely or approximately prevalent dynamic behaviors such as inertia and delays that are inherent to learning and network effects, which cannot be captured using conventional memoryless payoff mechanisms (often referred to as population games).We organize the article in two main parts. The first introduces basic concepts prevailing in existing approaches in which a population game determines the payoff, while the second considers rather general PDM classes, of which every population game is a particular case. The latter expounds a passivity-based methodology to characterize convergence of the social state to Nash-like equilibria.",51,7.9,10.1109/CDC40024.2019.9029756,https://doi.org/10.1109/CDC40024.2019.9029756,0.5600
Per20b,Continuous-Time Integral Dynamics for a Class of Aggregative Games With Coupling Constraints,C. De Persis and Sergio Grammatico,2020,2020-05-01,IEEE Transactions on Automatic Control,65,2171-2176,We consider continuous-time equilibrium seeking in a class of aggregative games with strongly convex cost functions and affine coupling constraints. We propose simple semidecentralized integral dynamics and prove their global asymptotic convergence to a variational generalized aggregative or Nash equilibrium. The proof is based on Lyapunov arguments and invariance techniques for differential inclusions.,58,9.6,10.1109/TAC.2019.2939639,https://doi.org/10.1109/TAC.2019.2939639,0.5500
Jag15,Dynamics at the Boundary of Game Theory and Distributed Computing,"A. D. Jaggard, Neil Lutz, Michael Schapira, and Rebecca N. Wright",2015,2015-09-09,ACM Transactions on Economics and Computation (TEAC),5,1 - 20,"We use ideas from distributed computing and game theory to study dynamic and decentralized environments in which computational nodes, or decision makers, interact strategically and with limited information. In such environments, which arise in many real-world settings, the participants act as both economic and computational entities. We exhibit a general non-convergence result for a broad class of dynamics in asynchronous settings. We consider implications of our result across a wide variety of interesting and timely applications: game dynamics, circuit design, social networks, Internet routing, and congestion control. We also study the computational and communication complexity of testing the convergence of asynchronous dynamics. Our work opens a new avenue for research at the intersection of distributed computing and game theory.",7,0.7,10.1145/3107182,https://doi.org/10.1145/3107182,0.5500
Goo65b,Note on Existence and Uniqueness of Equilibrium Points for Concave N-Person Games,J. Goodman,1965,1965-07-01,Econometrica,48,251-251,"IN [1] J. B. ROSEN GIVES a sufficient condition for the uniqueness of the equilibrium point of a game. The same condition is also sufficient for the stability of the equilibrium point given a reasonable model of player adjustment behavior. The purpose of this note is to show restrictions on the class of games which imply his condition and which may sometimes be of use. In the remainder of the note Rosen's notation and assumptions are used, and it is assumed that the reader is familiar with his paper.",2021,33,10.2307/1911749,https://doi.org/10.2307/1911749,0.5500
Bar10b,Best response dynamics for continuous games,"E. Barron, R. Goebel, and R. Jensen",2010,2010-03-01,,138,1069-1083,"We extend the convergence result of Hofbauer and Sorin for the best response differential inclusions coming from a nonconcave, nonconvex continuous payoff function U(x,y). A counterexample shows that convergence to a Nash equilibrium may not be true if we attempt to generalize the result to a three-person nonzero sum game.",32,2.0,10.1090/S0002-9939-09-10170-3,https://doi.org/10.1090/S0002-9939-09-10170-3,0.5500
Bro20b,"Dynamical Systems Coupled with Monotone Set-Valued Operators: Formalisms, Applications, Well-Posedness, and Stability",B. Brogliato and A. Tanwani,2020,2020-02-11,SIAM Rev.,62,3-129,This survey article addresses the class of continuous-time systems where a system modeled by ordinary differential equations is coupled with a static or time-varying set-valued operator in the feed...,141,22,10.1137/18m1234795,https://doi.org/10.1137/18m1234795,0.5300
Tan22d,Analyzing Feedback Interconnections of Maximal Monotone Systems Using Dissipativity Approach,A. Tanwani and B. Brogliato,2022,,IFAC-PapersOnLine,,,": We consider interconnections of two dynamical systems in feedback conﬁguration. The dynamics of the individual systems are modeled by a diﬀerential inclusion, and the corresponding set-valued mapping is (anti-) maximal monotone with respect to the state of the system for each ﬁxed value of the external signal that deﬁnes the interconnection. We provide conditions on these mappings under which the dynamics of the resulting interconnected system are (anti-) maximal monotone. An interpretation of our main result is provided: ﬁrstly, by considering dynamical systems deﬁned by the gradient of a saddle function, and secondly, by considering an interconnection of incrementally passive systems. In the same spirit, when we associate more structure to the individual systems by considering linear complementarity systems, we allow for more ﬂexibility in describing the interconnections and derive more speciﬁc suﬃcient conditions in terms of system matrices that result in the overall system being described by (anti-) maximal monotone operator.",2,0.5,10.1016/j.ifacol.2022.11.045,https://doi.org/10.1016/j.ifacol.2022.11.045,0.5200
San03,"Excess payoff dynamics, potential dynamics, and stable games",William H. Sandholm,2003,2003-04-03,,,,"We consider a model of evolution in games in which agents occasionally receive opportunities to switch strategies, choosing between them using a probabilistic rule. Both the rate at which revision opportunities arrive and the probabilities with which each strategy is chosen are functions of current normalized payoffs. W e call the aggregate dynamics induced by this model excess payoff dynamics. We prove that these dynamics satisfy existence, uniqueness, and continuity of solutions, respect a basic payoff monotonicity property, and have rest points at and only at the Nash equilibria of the underlying game. We show that the dynamics globally converge to Nash equilibrium in potential games. Finally, we introduce a new class of games called stable games, which include games with an interior ESS, zero sum games, and concave potential games as special cases. We show that while excess payoff dynamics can exhibit periodic behavior in stable games, a subset of these dynamics called potential dynamics always converge to equilibrium. We use this convergence result to prove that every stable game admits a unique component of Nash equilibria.",11,0.5,,https://www.semanticscholar.org/paper/6a557bb4e588bfdc3c078733d99e97f5d52f6822,0.5200
Par19c,Payoff Dynamic Models and Evolutionary Dynamic Models: Feedback and Convergence to Equilibria,"Shinkyu Park, N. C. Martins, and J. Shamma",2019,2019-03-05,,,,"We consider that at every instant each member of a population, which we refer to as an agent, selects one strategy out of a finite set. The agents are nondescript, and their strategy choices are described by the so-called population state vector, whose entries are the portions of the population selecting each strategy. Likewise, each entry constituting the so-called payoff vector is the reward attributed to a strategy. We consider that a general finite-dimensional nonlinear dynamical system, denoted as payoff dynamical model (PDM), describes a mechanism that determines the payoff as a causal map of the population state. A bounded-rationality protocol, inspired primarily on evolutionary biology principles, governs how each agent revises its strategy repeatedly based on complete or partial knowledge of the population state and payoff. The population is protocol-homogeneous but is otherwise strategy-heterogeneous considering that the agents are allowed to select distinct strategies concurrently. A stochastic mechanism determines the instants when agents revise their strategies, but we consider that the population is large enough that, with high probability, the population state can be approximated with arbitrary accuracy uniformly over any finite horizon by a so-called (deterministic) mean population state. We propose an approach that takes advantage of passivity principles to obtain sufficient conditions determining, for a given protocol and PDM, when the mean population state is guaranteed to converge to a meaningful set of equilibria, which could be either an appropriately defined extension of Nash's for the PDM or a perturbed version of it. By generalizing and unifying previous work, our framework also provides a foundation for future work.",26,3.6,,https://www.semanticscholar.org/paper/e1b1cc2b5e660bd6db6f66dc76c00ec33d533035,0.5200
Che05c,On Maximal Classes of Utility Functions for Efficient one-to-one Negotiation,"Y. Chevaleyre, U. Endriss, and N. Maudet",2005,2005-07-30,International Joint Conference on Artificial Intelligence,,941-946,"We investigate the properties of an abstract negotiation framework where agents autonomously negotiate over allocations of discrete resources. In this framework, reaching an optimal allocation potentially requires very complex multilateral deals. Therefore, we are interested in identifying classes of utility functions such that any negotiation conducted by means of deals involving only a single resource at at time is bound to converge to an optimal allocation whenever all agents model their preferences using these functions. We show that the class of modular utility functions is not only sufficient but also maximal in this sense.",24,1.2,,https://www.semanticscholar.org/paper/b6a2afedae2946511d7ee1ee07eefb0f35e813c8,0.5200
All23,Anytime solvers for variational inequalities: The (recursive) safe monotone flows,Ahmed Allibhoy and Jorge Cort'es,2023,2023-11-16,Autom.,177,112287,"This paper synthesizes anytime algorithms, in the form of continuous-time dynamical systems, to solve monotone variational inequalities. We introduce three algorithms that solve this problem: the projected monotone flow, the safe monotone flow, and the recursive safe monotone flow. The first two systems admit dual interpretations: either as projected dynamical systems or as dynamical systems controlled with a feedback controller specified by a quadratic program derived using techniques from safety-critical control. The third flow bypasses the need to solve quadratic programs along the trajectories by incorporating a dynamics whose equilibria precisely correspond to such solutions, and interconnecting the dynamical systems on different time scales. We perform a thorough analysis of the dynamical properties of all three systems. For the safe monotone flow, we show that equilibria correspond exactly with critical points of the original problem, and the constraint set is forward invariant and asymptotically stable. The additional assumption of convexity and monotonicity allows us to derive global stability guarantees, as well as establish the system is contracting when the constraint set is polyhedral. For the recursive safe monotone flow, we use tools from singular perturbation theory for contracting systems to show KKT points are locally exponentially stable and globally attracting, and obtain practical safety guarantees. We illustrate the performance of the flows on a two-player game example and also demonstrate the versatility for interconnection and regulation of dynamical processes of the safe monotone flow in an example of a receding horizon linear quadratic dynamic game.",4,1.6,10.1016/j.automatica.2025.112287,https://doi.org/10.1016/j.automatica.2025.112287,0.5000
Bal18,The modularity of action and perception revisited using control theory and active inference,Manuel Baltieri and C. Buckley,2018,2018-06-07,IEEE Symposium on Artificial Life,,121-128,"The assumption that action and perception can be investigated independently is entrenched in theories, models and experimental approaches across the brain and mind sciences. In cognitive science, this has been a central point of contention between computationalist and 4Es (enactive, embodied, extended and embedded) theories of cognition, with the former embracing the ""classical sandwich"", modular, architecture of the mind and the latter actively denying this separation can be made. In this work we suggest that the modular independence of action and perception strongly resonates with the separation principle of control theory and furthermore that this principle provides formal criteria within which to evaluate the implications of the modularity of action and perception. We will also see that real-time feedback with the environment, often considered necessary for the definition of 4Es ideas, is not however a sufficient condition to avoid the ""classical sandwich"". Finally, we argue that an emerging framework in the cognitive and brain sciences, active inference, extends ideas derived from control theory to the study of biological systems while disposing of the separation principle, describing non-modular models of behaviour strongly aligned with 4Es theories of cognition.",19,2.4,10.1162/isal_a_00031,https://doi.org/10.1162/isal_a_00031,0.5000
Mab16,Passivity analysis of higher order evolutionary dynamics and population games,Mohamed A. Mabrok and J. Shamma,2016,2016-09-16,2016 IEEE 55th Conference on Decision and Control (CDC),,6129-6134,"Evolutionary dynamics describe how the population composition changes in response to the fitness levels, resulting in a closed-loop feedback system. Recent work established a connection between passivity theory and certain classes of population games, namely so-called “stable games”. In particular, it was shown that a combination of stable games and (an analogue of) passive evolutionary dynamics results in stable convergence to Nash equilibrium. This paper considers the converse question of necessary conditions for evolutionary dynamics to exhibit stable behaviors for all generalized stable games. Using methods from robust control analysis, we show that if an evolutionary dynamic does not satisfy a passivity property, then it is possible to construct a generalized stable game that results in instability. The results are illustrated on selected evolutionary dynamics with particular attention to replicator dynamics, which are also shown to be lossless, a special class of passive systems.",18,1.9,10.1109/CDC.2016.7799211,https://doi.org/10.1109/CDC.2016.7799211,0.5000
Mab18,Passivity Analysis of Replicator Dynamics and Its Variations,M. Mabrok,2018,2018-12-18,IEEE Transactions on Automatic Control,66,3879-3884,"In this article, we focus on studying the passivity properties of different versions of replicator dynamics (RD). The RD represents a deterministic monotone nonlinear dynamic, which allows incorporation of the distribution of population types through a fitness function. We use tools for control theory, in particular, the passivity theory, to study the stability of the RD when it is in action with evolutionary games. The passivity theory allows us to identify the class of evolutionary games in which stability with RD is guaranteed. We show that several variations of the first order RD satisfy the standard loseless passivity property. In contrary, the second-order RD does not satisfy the standard passivity property; however, it satisfies a similar dissipativity property known as negative imaginary property.",17,2.3,10.1109/tac.2020.3027644,https://doi.org/10.1109/tac.2020.3027644,0.5000
Per18c,Continuous-time integral dynamics for monotone aggregative games with coupling constraints,C. D. Persis and Sergio Grammatico,2018,2018-05-08,ArXiv,abs/1805.03270,,We consider continuous-time equilibrium seeking in monotone aggregative games with coupling constraints. We propose semi-decentralized integral dynamics and prove their global convergence to a variational generalized aggregative or Nash equilibrium. The proof is based on Lyapunov arguments and invariance techniques for differential inclusions.,6,0.7,,https://www.semanticscholar.org/paper/197e8498229d3aa4191f8bfb3302f16c21a71ac0,0.5000
Che10d,"Simple negotiation schemes for agents with simple preferences: sufficiency, necessity and maximality","Y. Chevaleyre, U. Endriss, and N. Maudet",2010,2010-03-01,Autonomous Agents and Multi-Agent Systems,20,234-259,"We investigate the properties of an abstract negotiation framework where agents autonomously negotiate over allocations of indivisible resources. In this framework, reaching an allocation that is optimal may require very complex multilateral deals. Therefore, we are interested in identifying classes of valuation functions such that any negotiation conducted by means of deals involving only a single resource at a time is bound to converge to an optimal allocation whenever all agents model their preferences using these functions. In the case of negotiation with monetary side payments amongst self-interested but myopic agents, the class of modular valuation functions turns out to be such a class. That is, modularity is a sufficient condition for convergence in this framework. We also show that modularity is not a necessary condition. Indeed, there can be no condition on individual valuation functions that would be both necessary and sufficient in this sense. Evaluating conditions formulated with respect to the whole profile of valuation functions used by the agents in the system would be possible in theory, but turns out to be computationally intractable in practice. Our main result shows that the class of modular functions is maximal in the sense that no strictly larger class of valuation functions would still guarantee an optimal outcome of negotiation, even when we permit more general bilateral deals. We also establish similar results in the context of negotiation without side payments.",48,3.0,10.1007/s10458-009-9088-7,https://doi.org/10.1007/s10458-009-9088-7,0.5000
Cai23,Last-Iterate Convergence Properties of Regret-Matching Algorithms in Games,Yang Cai et al.,2023,2023-11-01,ArXiv,abs/2311.00676,,"We study last-iterate convergence properties of algorithms for solving two-player zero-sum games based on Regret Matching$^+$ (RM$^+$). Despite their widespread use for solving real games, virtually nothing is known about their last-iterate convergence. A major obstacle to analyzing RM-type dynamics is that their regret operators lack Lipschitzness and (pseudo)monotonicity. We start by showing numerically that several variants used in practice, such as RM$^+$, predictive RM$^+$ and alternating RM$^+$, all lack last-iterate convergence guarantees even on a simple $3\times 3$ matrix game. We then prove that recent variants of these algorithms based on a smoothing technique, extragradient RM$^{+}$ and smooth Predictive RM$^+$, enjoy asymptotic last-iterate convergence (without a rate), $1/\sqrt{t}$ best-iterate convergence, and when combined with restarting, linear-rate last-iterate convergence. Our analysis builds on a new characterization of the geometric structure of the limit points of our algorithms, marking a significant departure from most of the literature on last-iterate convergence. We believe that our analysis may be of independent interest and offers a fresh perspective for studying last-iterate convergence in algorithms based on non-monotone operators.",8,3.1,10.48550/arXiv.2311.00676,https://doi.org/10.48550/arXiv.2311.00676,0.5000
Lec06,Almost-Sure Convergence ofa Class ofNonautonomous Fictitious Play,N. Léchevin and A. Rabbath,2006,,,,,"A nonautonomous version ofcontinuous-time fictitious playisconsidered toachieve global asymptotic sta- bility ofauniqueNashequilibrium ofagame.Theproposed approach toproveglobal asymptotic stability consists ofcom- bining successively intimeacontinuous-time static fictitious playcharacterized by a time-varying rateofconvergence withacontinuous-time proportional derivative fictitious play, whichhasbeenrecently proposed. Convergence tothebasin ofattraction oftheempirical frequency oftheproportional derivative fictitious play, ifitexists, isobtained bymeans ofcontraction tools, reminiscent ofthesmall-gain theorem, provided a setofinequalities involving theparameter of thecontinuous-time dynamics issatisfied. Furthermore, a discrete-time fictitious playisderived fromitscontinuous- timecounterpart. Convergence withprobability onetothe unique Nashequilibrium isshown. Theapproach isillustrated withamodified version oftheShapley gameforwhichthe proposed schemeisshowntobeconvergent totheunique equilibrium withtheadditional flexibility ofselecting therate ofconvergence.",0,,,https://www.semanticscholar.org/paper/b7ce0a1b1dc4c3b20d935952a5f5123f37a61be1,0.5000
Mar09,Payoff-Based Dynamics for Multiplayer Weakly Acyclic Games,"Jason R. Marden, H. Young, Gürdal Arslan, and J. Shamma",2009,2009-02-01,SIAM J. Control. Optim.,48,373-396,"We consider repeated multiplayer games in which players repeatedly and simultaneously choose strategies from a finite set of available strategies according to some strategy adjustment process. We focus on the specific class of weakly acyclic games, which is particularly relevant for multiagent cooperative control problems. A strategy adjustment process determines how players select their strategies at any stage as a function of the information gathered over previous stages. Of particular interest are “payoff-based” processes in which, at any stage, players know only their own actions and (noise corrupted) payoffs from previous stages. In particular, players do not know the actions taken by other players and do not know the structural form of payoff functions. We introduce three different payoff-based processes for increasingly general scenarios and prove that, after a sufficiently large number of stages, player actions constitute a Nash equilibrium at any stage with arbitrarily high probability. We also show how to modify player utility functions through tolls and incentives in so-called congestion games, a special class of weakly acyclic games, to guarantee that a centralized objective can be realized as a Nash equilibrium. We illustrate the methods with a simulation of distributed routing over a network.",246,14,10.1137/070680199,https://doi.org/10.1137/070680199,0.5000
Pov22,Fixed-Time Seeking and Tracking of Time-Varying Nash Equilibria in Noncooperative Games,"J. Poveda, M. Krstić, and T. Başar",2022,2022-06-08,2022 American Control Conference (ACC),,794-799,"We study the solution of time-varying Nash equilibrium seeking and tracking problems in non-cooperative games via nonsmooth, model-based and model-free algorithms. Specifically, for potential and non-potential games, we derive tracking bounds for the actions of the players with respect to the Nash Equilibrium Trajectory (NET) of the game using the property of fixed-time input-to-state stability. We show that, in the model-based case, traditional pseudo-gradient flows achieve only exponential tracking with a residual error that is proportional to the time-variation of the NET. In contrast, exact and fixed-time tracking can be achieved by using nonsmooth dynamics with discontinuous vector fields. For continuous but non-Lipschitz dynamics, we show that the residual tracking error can be dramatically decreased whenever the learning gains of the dynamics exceed a particular threshold. In the model-free case, we derive similar semi-global practical input-to-state stability bounds using multi-time scale tools for nonsmooth systems.",4,1.0,10.23919/ACC53348.2022.9867782,https://doi.org/10.23919/ACC53348.2022.9867782,0.5000
Rom18,Dynamic Gradient Play for NE Seeking with Disturbance Rejection,Andrew R. Romano and Lacra Pavel,2018,2018-12-01,2018 IEEE Conference on Decision and Control (CDC),,346-351,"In this paper, we propose a control theoretic framework for game problems subject to external disturbances. We consider two cases: the classical setting with full information on the others' decisions, and the partial-decision information setting. The proposed agent dynamics has two components: a gradient-play component and a dynamic internal-model one, which is a reduced-order observer of the disturbance. In the case of partial-information, there is an additional component that drives agents to reach the consensus subspace, where all decision estimates are the same. In both cases, we prove that agents' dynamics converge to the Nash equilibrium, irrespective of the disturbance. Our proofs rely on input-to-state stability properties, under strong monotonicity of the pseudo-gradient and Lipschitz continuity of the extended pseudo-gradient.",9,1.2,10.1109/CDC.2018.8619504,https://doi.org/10.1109/CDC.2018.8619504,0.5000
Tat19,Learning Nash Equilibria in Monotone Games,T. Tatarenko and M. Kamgarpour,2019,2019-04-03,2019 IEEE 58th Conference on Decision and Control (CDC),,3104-3109,"We consider multi-agent decision making where each agent’s cost function depends on all agents’ strategies. We propose a distributed algorithm to learn a Nash equilibrium, whereby each agent uses only obtained values of her cost function at each joint played action, lacking any information of the functional form of her cost or other agents’ costs or strategy sets. In contrast to past work where convergent algorithms required strong monotonicity, we prove algorithm convergence under mere monotonicity assumption. This significantly widens algorithm’s applicability, such as to games with linear coupling constraints.",47,6.6,10.1109/CDC40024.2019.9029659,https://doi.org/10.1109/CDC40024.2019.9029659,0.5000
Pan06,Lyapunov Stability of Complementarity and Extended Systems,J. Pang and Jinglai Shen,2006,2006-12-01,SIAM J. Optim.,17,1056-1101,"A linear complementarity system (LCS) is a piecewise linear dynamical system consisting of a linear time-invariant ordinary differential equation (ODE) parameterized by an algebraic variable that is required to be a solution to a finite-dimensional linear complementarity problem (LCP), whose constant vector is a linear function of the differential variable. Continuing the authors’ recent investigation of the LCS from the combined point of view of system theory and mathematical programming, this paper addresses the important system-theoretic properties of exponential and asymptotic stability for an LCS with a C$^1$ state trajectory. The novelty of our approach lies in our employment of a quadratic Lyapunov function that involves the auxiliary algebraic variable of the LCS; when expressed in the state variable alone, the Lyapunov function is piecewise quadratic, and thus nonsmooth. The nonsmoothness feature invalidates standard stability analysis that is based on smooth Lyapunov functions. In addition to providing sufficient conditions for exponential stability, we establish a generalization of the well-known LaSalle invariance theorem for the asymptotic stability of a smooth dynamical system to the LCS, which is intrinsically a nonsmooth system. Sufficient matrix-theoretic copositivity conditions are introduced to facilitate the verification of the stability properties. Properly specialized, the latter conditions are satisfied by a passive-like LCS and certain hybrid linear systems having common quadratic Lyapunov functions. We provide numerical examples to illustrate the stability results. We also develop an extended local exponential stability theory for nonlinear complementarity systems and differential variational inequalities, based on a new converse theorem for ODEs with B-differentiable right-hand sides. The latter theorem asserts that the existence of a “B-differentiable Lyapunov function” is a necessary and sufficient condition for the exponential stability of an equilibrium of such a differential system.",93,4.8,10.1137/050629185,https://doi.org/10.1137/050629185,0.5000
Fla02,"Equilibrium, Evolutionary stability and Gradient Dynamics",S. Flåm,2002,2002-12-01,IGTR,4,357-370,"Considered here are equilibria, notably those that solve noncooperative games. Focus is on connections between evolutionary stability, concavity and monotonicity. It is shown that evolutionary stable points are local attractors under gradient dynamics. Such dynamics, while reflecting search for individual improvement, can incorporate myopia, imperfect knowledge and bounded rationality/competence.",65,2.8,10.1142/S0219198902000756,https://doi.org/10.1142/S0219198902000756,0.5000
