Cite Key,Title,Authors,Year,Publication Date,Journal,Volume,Pages,Abstract,Citation Count,Citations/Year,DOI,URL,Relevance Score
Kuh97,Comparison of tracking algorithms for single layer threshold networks in the presence of random drift,A. Kuh,1997,1997-03-01,IEEE Trans. Signal Process.,45,640-649,"This paper analyzes the behavior of a variety of tracking algorithms for single-layer threshold networks in the presence of random drift. We use a system identification model to model a target network where weights slowly change and a tracking network. Tracking algorithms are divided into conservative and nonconservative algorithms. For a random drift rate of /spl gamma/, we find upper bounds for the generalization error of conservative algorithms that are /spl Oscr/(/spl gamma//sup 2/3/) and for nonconservative algorithms that are /spl Oscr/(/spl gamma/). Bounds are found for the perceptron tracker and the least mean square (LMS) tracker. Simulations show the validity of these bounds and show that the bounds are tight when /spl gamma/ is small and the number of inputs n is large. These results show that the perceptron tracker and the LMS tracker can work well in slowly changing nonstationary environments.",10,0.3,10.1109/78.558480,https://doi.org/10.1109/78.558480,2.4000
Kho16,The Value of Timing Information in Event-Triggered Control,"M. J. Khojasteh, Pavankumar Tallapragada, J. Cortés, and M. Franceschetti",2016,2016-09-30,IEEE Transactions on Automatic Control,65,925-940,"We study event-triggered control for stabilization of unstable linear plants over rate-limited communication channels subject to unknown bounded delay. On one hand, the timing of event triggering carries implicit information about the state of the plant. On the other hand, the delay in the communication channel causes information loss, as it makes the state information available at the controller out of date. Combining these two effects, we show a phase transition behavior in the transmission rate required for stabilization using a given event-triggering strategy. For small values of the delay, the timing information carried by the triggering events is substantial, and the system can be stabilized with any positive rate. When the delay exceeds a critical threshold, the timing information alone is not enough to achieve stabilization, and the required rate grows. When the delay equals the inverse of the entropy rate of the plant, the implicit information carried by the triggering events perfectly compensates the loss of information due to the communication delay, and we recover the rate requirement prescribed by the data-rate theorem. We also provide an explicit construction yielding a sufficient rate for stabilization, as well as results for vector systems. Our results do not rely on any a priori probabilistic model for the delay or the initial conditions.",42,4.4,10.1109/TAC.2019.2919107,https://doi.org/10.1109/TAC.2019.2919107,2.1000
Sah06,The Necessity and Sufficiency of Anytime Capacity for Stabilization of a Linear System Over a Noisy Communication Link—Part I: Scalar Systems,Anant Sahai and S. Mitter,2006,2006-01-04,IEEE Transactions on Information Theory,52,3369-3395,"In this paper, we review how Shannon's classical notion of capacity is not enough to characterize a noisy communication channel if the channel is intended to be used as part of a feedback loop to stabilize an unstable scalar linear system. While classical capacity is not enough, another sense of capacity (parametrized by reliability) called ""anytime capacity"" is necessary for the stabilization of an unstable process. The required rate is given by the log of the unstable system gain and the required reliability comes from the sense of stability desired. A consequence of this necessity result is a sequential generalization of the Schalkwijk-Kailath scheme for communication over the additive white Gaussian noise (AWGN) channel with feedback. In cases of sufficiently rich information patterns between the encoder and decoder, adequate anytime capacity is also shown to be sufficient for there to exist a stabilizing controller. These sufficiency results are then generalized to cases with noisy observations, delayed control actions, and without any explicit feedback between the observer and the controller. Both necessary and sufficient conditions are extended to continuous time systems as well. We close with comments discussing a hierarchy of difficulty for communication problems and how these results establish where stabilization problems sit in that hierarchy",432,21,10.1109/TIT.2006.878169,https://doi.org/10.1109/TIT.2006.878169,1.9000
Tat04b,Control under communication constraints,S. Tatikonda and S. Mitter,2004,2004-07-12,IEEE Transactions on Automatic Control,49,1056-1068,,1745,80,10.1109/TAC.2004.831187,https://doi.org/10.1109/TAC.2004.831187,1.8000
Shi99b,Solution of a delayed Information Linear Pursuit-Evasion Game with Bounded Controls,J. Shinar and V. Glizer,1999,1999-09-01,IGTR,1,197-217,"A class of linear pursuit-evasion games with first-order acceleration dynamics and bounded controls is considered, where the evader has perfect information and the pursuer has delayed information on the lateral acceleration of the evader. The other state variables are perfectly known to the pursuer. This game can be transformed to a perfect information delayed control game with a single state variable, the centre of the uncertainty domain created by the information delay. The delayed dynamics of the game is transformed to a linear first-order partial differential equation coupled with an integral-differential equation, both without delay. These equations are approximated by a set of K + 1 ordinary differential equations of first order, creating an auxiliary game. The necessary conditions of optimality derived for the auxiliary game lead to the solution of the delayed control game by a limit process as K → + ∞. The solution has the same structure as the other, already solved, perfect information linear pursuit-evasion games with bounded controls and indicates that the value of the delayed information pursuit-evasion game is never zero. Asymptotic expressions of the value of the game for small and large values of the information delay are derived.",38,1.4,10.1142/S0219198999000153,https://doi.org/10.1142/S0219198999000153,1.7000
Gli01,Optimal Evasion from a Pursuer with Delayed Information,V. Glizer and J. Shinar,2001,2001-10-01,Journal of Optimization Theory and Applications,111,7-38,,26,1.1,10.1023/A:1017515129544,https://doi.org/10.1023/A:1017515129544,1.4500
Kal12,On the ‘Boyd-Kuramoto Model’: Emergence in a Mathematical Model for Adversary C2 Systems,A. Kalloniatis,2012,,,,,"At the 13 ICCRTS I proposed that a well-known mathematical m odel for synchronisation on networks – the Kuramoto Model – serves as a useful paradigm for Command and Control (C2). This model places nonlinearly coupled phase oscilla tors at a network’s nodes. Increasing the coupling constant sees the oscillators manifest glo bal phase synchrony. Mapping the phase to Boyd’s Observe-Orient-Decide-Act loop (or any itera ive decision making process) established the relationship to C2. I generalised this to two a dversaries, where ‘fighting nodes’ in a Blue network seek to ‘Act’ before adversaries in a Red n twork, consistent with Boyd’s model. Here, I numerically solve this ‘Boyd-Kuramoto’ model, subje cting a Blue hierarchy against a Red random network with oscillator frequencies drawn fr om a uniform random distribution. I represent the Intelligence-Surveillance-Reconnaissa nce capability of the Blue force such that a Blue node is aware of the state of a Red node’s pha e across the decision-cycle while Red only has knowledge of Blue node’s state when it ‘Acts’. The model is sufficiently rich to capture surprising, but in retrospect understandable, behav iour – it displays ‘emergence’– while remaining solvable with minimal computational effor t. The model allows for exploration of the degrees of freedom of a ‘rigid’ Blue force against an ‘agile’ Red adversary.",3,0.2,,https://www.semanticscholar.org/paper/67f45123bca98c17e67cc0607a5886e41c2f2a91,1.3500
Bre05,"The Dynamic OODA Loop : Amalgamating Boyd ’ s OODA Loop and the Cybernetic Approach to Command and Control ASSESSMENT , TOOLS AND METRICS",B. Brehmer,2005,,,,,"This paper presents the Dynamic OODA loop, or DOODA loop for short, a generic model of Command and Control (C2) stemming from Boyd’s OODA loop and cybernetic models of C2. The DOODA loop is formulated in terms of functions that must be accomplished for effective C2, and these functions are then studied in terms of (partially overlapping) processes. The DOODA loop preserves the prescriptive richness of the cybernetic approach in that it represents all the sources of delay in the C2 process envisioned by that approach, and thus escapes the limited focus on speed of decision making characteristic of discussions of C2 based on the OODA loop. The DOODA loop organises research on C2 and provides direction for studies aimed at finding ways of improving C2 effectiveness in that it specifies the functions that need to be accomplished for effective C2.",133,6.2,,https://www.semanticscholar.org/paper/7e9d23a6911d636666338358505613bb5eba43b8,1.2500
Zup20,Adversarial decision strategies in multiple network phased oscillators: The Blue-Green-Red Kuramoto-Sakaguchi model,"M. Zuparic, M. Angelova, Ye Zhu, and A. Kalloniatis",2020,2020-11-19,Commun. Nonlinear Sci. Numer. Simul.,95,105642,"We consider a model of three interacting sets of decision-making agents, labeled Blue, Green and Red, represented as coupled phased oscillators subject to frustrated synchronisation dynamics. The agents are coupled on three networks of differing topologies, with interactions modulated by different cross-population frustrations, internal and cross-network couplings. The intent of the dynamic model is to examine the degree to which two of the groups of decision-makers, Blue and Red, are able to realise a strategy of being ahead of each others' decision-making cycle while internally seeking synchronisation of this process -- all in the context of further interactions with the third population, Green. To enable this analysis, we perform a significant dimensional reduction approximation and stability analysis. We compare this to a numerical solution for a range of internal and cross-network coupling parameters to investigate various synchronisation regimes and critical thresholds. The comparison reveals good agreement for appropriate parameter ranges. Performing parameter sweeps, we reveal that Blue's pursuit of a strategy of staying too-far ahead of Red's decision cycles triggers a second-order effect of the Green population being ahead of Blue's cycles. This behaviour has implications for the dynamics of multiple interacting social groups with both cooperative and competitive processes.",9,1.6,10.1016/j.cnsns.2020.105642,https://doi.org/10.1016/j.cnsns.2020.105642,1.2500
Mor72,Pursuit Games of Stationary Linear Systems with Time-Delay,K. Mori and E. Shimemura,1972,1972-12-30,Journal of the Society of Instrument and Control Engineers,8,667-675,"A pursuit game of a stationary linear system with time-delay is considered here. The state of this system is infinite dimensional but the target set is finite dimensional. The mathematical model of the system is formulated here as a coupling of a lumped parameter subsystem and a distributed parameter subsystem, and the target set is defined as a subset in the state space of the lumped parameter subsystem. In this pursuit game three different types of information patterns are defined. They are, respectively, (i) the open loop information pattern for the pursuer, (ii) the closed loop information pattern for the pursuer and (iii) the open loop information pattern for the evader. In (i) and (ii), one of the sufficient conditions for completion of the game and the pursuer's closed loop control are obtained. This pursuer's closed loop control u is constructed by the state x (t) of the lumped parameter subsystem, his opponent's control v (t) and the histories of x, u and v. It is shown that, in (iii), the evader can choose his feedback control for the game not to be completed in some finite time.",0,,10.9746/SICETR1965.8.667,https://doi.org/10.9746/SICETR1965.8.667,1.2500
Kha22,Attacks on Perception-Based Control Systems: Modeling and Fundamental Limits,"Amir Khazraei, H. Pfister, and Miroslav Pajic",2022,2022-06-14,IEEE Transactions on Automatic Control,69,7726-7741,"We study the performance of perception-based control systems in the presence of attacks and provide methods for modeling and analysis of their resiliency to stealthy attacks on both physical and perception-based sensing. Specifically, we consider a general setup with a nonlinear affine physical plant controlled with a perception-based controller that maps both the physical [e.g., inertial measurement units (IMUs)] and perceptual (e.g., camera) sensing to the control input; the system is also equipped with a statistical or learning-based anomaly detector (AD). We model the attacks in the most general form and introduce the notions of attack effectiveness and stealthiness independent of the used AD. In such a setting, we consider attacks with different levels of runtime knowledge about the plant. We find sufficient conditions for the existence of stealthy effective attacks that force the plant into an unsafe region without being detected by any AD. We show that as the open-loop unstable plant dynamics diverges faster and the closed-loop system converges faster to an equilibrium point, the system is more vulnerable to effective stealthy attacks. Also, depending on runtime information available to the attacker, the probability of the attack remaining stealthy can be arbitrarily close to one if the attacker's estimate of the plant's state is arbitrarily close to the true state; when an accurate estimate of the plant state is not available, the stealthiness level depends on the control performance in attack-free operation.",11,2.8,10.1109/TAC.2024.3401022,https://doi.org/10.1109/TAC.2024.3401022,1.2000
Hal68,Differential Games with Delay,A. Halanay,1968,1968-11-01,Siam Journal on Control,6,579-593,,15,0.3,10.1137/0306036,https://doi.org/10.1137/0306036,1.1800
Yu20c,Competitive Control with Delayed Imperfect Information,"Chenkai Yu, Guanya Shi, Soon-Jo Chung, Yisong Yue, and A. Wierman",2020,2020-10-22,2022 American Control Conference (ACC),,2604-2610,"This paper studies the impact of imperfect information in online control with adversarial disturbances. In particular, we consider both delayed state feedback and inexact predictions of future disturbances. We introduce a greedy, myopic policy that yields a constant competitive ratio against the offline optimal policy. We also analyze the fundamental limits of online control with limited information by showing that our competitive ratio bounds for the greedy, myopic policy in the adversarial setting match (up to lower-order terms) lower bounds in the stochastic setting.",26,4.7,10.23919/ACC53348.2022.9867421,https://doi.org/10.23919/ACC53348.2022.9867421,1.1700
Kho18g,Learning-Based Attacks in Cyber-Physical Systems,"M. J. Khojasteh, Anatoly Khina, M. Franceschetti, and T. Javidi",2018,2018-09-17,IEEE Transactions on Control of Network Systems,8,437-449,"We introduce the problem of learning-based attacks in a simple abstraction of cyber-physical systems— the case of a discrete-time, linear, time-invariant plant that may be subject to an attack that overrides sensor readings and controller actions. The attacker attempts to learn the dynamics of the plant and subsequently overrides the controller's actuation signal to destroy the plant without being detected. The attacker can feed fictitious sensor readings to the controller using its estimate of the plant dynamics and mimic the legitimate plant operation. The controller, in contrast, is constantly on the lookout for an attack; once the controller detects an attack, it immediately shuts the plant off. In the case of scalar plants, we derive an upper bound on the attacker's deception probability for any measurable control policy when the attacker uses an arbitrary learning algorithm to estimate the system dynamics. We then derive lower bounds for the attacker's deception probability for both scalar and vector plants by assuming an authentication test that inspects the empirical variance of the system disturbance. We also show how the controller can improve the security of the system by superimposing a carefully crafted privacy-enhancing signal on top of the “nominal control policy.” Finally, for nonlinear scalar dynamics that belong to the reproducing kernel Hilbert space, we investigate the performance of attacks based on nonlinear Gaussian process learning algorithms.",28,3.6,10.1109/TCNS.2020.3028035,https://doi.org/10.1109/TCNS.2020.3028035,1.1500
Kal20b,Modelling distributed decision-making in Command and Control using stochastic network synchronisation,"A. Kalloniatis, T. McLennan-Smith, and Dale O. Roberts",2020,2020-07-16,Eur. J. Oper. Res.,284,588-603,"Abstract We advance a mathematical representation of Command and Control as distributed decision makers using the Kuramoto model of networked phase oscillators. The phase represents a continuous Perception-Action cycle of agents at each network node; the network the formal and informal communications of human agents and information artefacts; coupling the strength of relationship between agents; native frequencies the individual decision speeds of agents when isolated; and stochasticity temporal noisiness in intrinsic agent behaviour. Skewed heavy-tailed noise captures that agents may randomly ‘jump’ forward (rather than backwards) in their decision state under time stress; there is considerable evidence from organisational science that experienced decision-makers behave in this way in critical situations. We present a use-case for the model using data for military headquarters staff tasked to drive a twenty-four hour ‘battle-rhythm’. This serves to illustrate how such a mathematical model may be used realistically. We draw on a previous case-study where headquarters’ networks were mapped for routine business and crisis scenarios to provide advice to a military sponsor. We tune the model using the first data set to match observations that staff performed synchronously under such conditions. Testing the impact of the crisis scenario using the corresponding network and heavy-tailed stochasticity, we find increased probability of decision incoherence due to the high information demand of some agents in this case. This demonstrates the utility of the model to identify risks in headquarters design, and potential means of identifying points to change. We compare to qualitative organisational theories to initially validate the model.",22,3.8,10.1016/j.ejor.2019.12.033,https://doi.org/10.1016/j.ejor.2019.12.033,1.1500
Moo80,A Dynamic Model for C3 Information Incorporating the Effects of Counter C3,P. Moose,1980,1980-12-01,,,,"Abstract : A dynamical model is proposed for C3 information that explicitly incorporates effects of counter-C3 activities. The model assumes an inevitable growth of uncertainty inherent in military situations that is only counteracted by continuously importing new information into the system. Counter-C3 activities are modeled as additional growth terms in uncertainty that depend on the instantaneous knowledge of both sides. It is shown for this model the relative shift of system equilibrium is directly proportional to the ratio of the counter-C3 coupling coefficient to the system's natural uncertainty (entropy) growth rate. Furthermore, it is shown that small perturbations from the stable equilibrium are restored to equilibrium by the system forces, i.e. the system is ultra-stable. However, a perturbation of entropy of one side, induces a delayed perturbation of entropy on the other side with opposite sign. Thus, if X becomes fortuitously more knowledgeable by chance, Y will in turn, some time later, become more uncertain, and vice versa.",0,,10.21236/ada522364,https://doi.org/10.21236/ada522364,1.1000
Hub16,Inducing and Mitigating a Self-Reinforcing Degradation in Decision-making Teams,"P. Hubbard, A. Kott, and Michael Martin",2016,2016-07-27,ArXiv,abs/1607.08139,,"The models in this paper demonstrate how self-reinforcing error due to positive feedback can lead to overload and saturation of decision-making elements, and ultimately the cascading collapse of an organization due to the propagation of overload and erroneous decisions throughout the organization. We begin the paper with an analysis of the stability of the decision-making aspects of command organizations from a system-theoretic perspective. A simple dynamic model shows how an organization can enter into a self-reinforcing cycle of increasing decision workload until the demand for decisions exceeds the decision-making capacity of the organization. We then extend the model to more complex networked organizations and show that they also experience a form of self-reinforcing degradation. In particular, we find that the degradation in decision quality has a tendency to propagate through the hierarchical structure, i.e. overload at one location affects other locations by overloading the higher-level components which then in turn overload their subordinates. Our computational experiments suggest several strategies for mitigating this type of malfunction: dumping excessive load, empowering lower echelons, minimizing the need for coordination, using command-by-negation, insulating weak performers, and applying on-line diagnostics. We describe a method to allocate decision responsibility and arrange information flow dynamically within a team of decision-makers for command and control.",0,,,https://www.semanticscholar.org/paper/ad6317ed5cc4c16a21f40ac91352cec62dadb583,1.1000
Chy70,A pursuit-evasion game of linear systems with delay,D. Chyung,1970,1970-06-01,IEEE Transactions on Automatic Control,15,387-389,"A simple pursuit-evasion game of linear systems with time delays is studied, and necessary conditions for an optimal control pair are obtained.",4,0.1,10.1109/TAC.1970.1099474,https://doi.org/10.1109/TAC.1970.1099474,1.1000
Boe82,Modeling the Interacting Decisionmaker with Bounded Rationality,K. Boettcher and A. Levis,1982,1982-05-01,"IEEE Transactions on Systems, Man, and Cybernetics",12,334-344,"An analytic characterization of the process of executing a well-defined decisionmaking task by a human decisionmaker is presented. A basic two-stage model of this process is introduced in which external situations are first assessed and then responses are selected. An information theoretic framework is used in which internal activity is described not only in terms of transmission or throughput, but also in terms of coordination, internal decisionmaking, and blockage. A constraint on the total rate of internal processing is suggested as a model of bounded rationality for this case. Optimizing and satisficing strategies are derived and their properties analyzed in terms of performance and workload. Finally, direct and indirect controls are discussed as models of the decisionmaker's interaction with the organization.",55,1.2,10.1109/TSMC.1982.4308823,https://doi.org/10.1109/TSMC.1982.4308823,1.0800
Che70,Differential Games with Information Delay,F. L. Chernous’ko,1970,1970-04-01,,14,952,,3,0.1,,https://www.semanticscholar.org/paper/73bbe462a9e067e10cba403d3b122a85ace9f202,1.0700
Cil71,Differential Games with Information Time Lag: A Comparison of Strategies,M. Ciletti,1971,1971-11-01,,,,"Abstract : The report is a continuation of earlier studies in the development of the theory of differential games with information time lag (DGWITL). Pertinent aspects of the theory of differential games with information time lag are summarized. The generalized Hamilton-Jacobi equation for the linear regulator game is shown to have a sigma-parametric solution in the data-reference plane. The main effort in this report has been to provide examples which demonstrate both the applicability of the theory of DGWITL and the importance of information delay considerations in control law synthesis. Examples illustrate the performance degradation that can accompany a failure to compensate for information delay in differential games. At the same time, the quantitative effects displayed in the examples serve to motivate questions relevant to engineering tradeoffs between control law design and system design.",0,,,https://www.semanticscholar.org/paper/c61f6ad0be4bb9cee99b75eed2ae7f1aab0888b8,1.0500
Dem18b,A Game-Theoretic Analysis of the Adversarial Boyd-Kuramoto Model,"Antonin Demazy, A. Kalloniatis, and Tansu Alpcan",2018,2018-10-29,Decision and Game Theory for Security,,248-264,,4,0.5,10.1007/978-3-030-01554-1_14,https://doi.org/10.1007/978-3-030-01554-1_14,1.0500
Hoc97b,Compensatory control in the regulation of human performance under stress and high workload; a cognitive-energetical framework.,G. R. J. Hockey,1997,1997-03-21,Biological psychology,45 1-3,"'
          73-93
        ",,1704,58,10.1016/S0301-0511(96)05223-4,https://doi.org/10.1016/S0301-0511(96)05223-4,1.0500
Mo10,False Data Injection Attacks in Control Systems,Yilin Mo and B. Sinopoli,2010,,,,,"This paper analyzes the effects of false data injection attacks on Control System. We assume that the system, equipped with a Kalman ﬁlter and LQG controller, is used to monitor and control a discrete linear time invariant Gaussian system. We further assume that the system is equipped with a failure detector. An attacker wishes to destabilize the system by compromising a subset of sensors and sending corrupted readings to the state estimator. In order to inject fake sensor measurements without being detected the attacker needs to carefully design its inputs to fool the failure detector, since abnormal sensor measurements usually trigger an alarm from the failure detector. We will provide a necessary and sufﬁcient condition under which the attacker could destabilize the system while successfully bypassing the failure detector. A design method for the de-fender to improve the resilience of the CPS against such kind of false data injection attacks is also provided.",378,23,,https://www.semanticscholar.org/paper/f44c3c65b572748dbad5fbcd2f93f1a364b661e2,1.0500
Sui20,The Vulnerability of Cyber-Physical System Under Stealthy Attacks,"Tianju Sui, Yilin Mo, D. Marelli, Ximing Sun, and M. Fu",2020,2020-02-01,IEEE Transactions on Automatic Control,66,637-650,"In this article, we study the impact of stealthy attacks on the cyber-physical system (CPS) modeled as a stochastic linear system. An attack is characterised by a malicious injection into the system through input, output or both, and it is called stealthy (resp. strictly stealthy) if it produces bounded changes (resp. no changes) in the detection residue. Correspondingly, a CPS is called vulnerable (resp. strictly vulnerable) if it can be destabilized by a stealthy attack (resp. strictly stealthy attack). We provide necessary and sufficient conditions for the vulnerability and strictly vulnerability. For the invulnerable case, we also provide a performance bound for the difference between healthy and attacked system. Numerical examples are provided to illustrate the theoretical results.",140,22,10.1109/TAC.2020.2987307,https://doi.org/10.1109/TAC.2020.2987307,1.0500
Fot25,Adversarial Observability and Performance Tradeoffs in Optimal Control,Filippos Fotiadis and U. Topcu,2025,2025-06-24,ArXiv,abs/2506.19829,,"We develop a feedback controller that minimizes the observability of a set of adversarial sensors of a linear system, while adhering to strict closed-loop performance constraints. We quantify the effectiveness of adversarial sensors using the trace of their observability Gramian and its inverse, capturing both average observability and the least observable state directions of the system. We derive theoretical lower bounds on these metrics under performance constraints, characterizing the fundamental limits of observability reduction as a function of the performance trade-off. Finally, we show that the performance-constrained optimization of the Gramian's trace can be formulated as a one-shot semidefinite program, while we address the optimization of its inverse through sequential semidefinite programming. Simulations on an aircraft show how the proposed scheme yields controllers that deteriorate adversarial observability while having near-optimal performance.",0,,10.48550/arXiv.2506.19829,https://doi.org/10.48550/arXiv.2506.19829,1.0500
Zhu20,Stochastic approximation with nondecaying gain: Error bound and data‐driven gain‐tuning,Jingyi Zhu and J. Spall,2020,2020-09-25,International Journal of Robust and Nonlinear Control,30,5820 - 5870,"Our problem of interest is to minimize a sequence of scalar‐valued loss functions fk(·) or to locate the root(s) of a sequence of vector‐valued functions gk(·) corresponding to time τk with respect to a parameter θ∈ℝp . The available information for the minimization/root‐finding is the noise‐corrupted observation(s) of either fk(·) or gk(·) evaluated at a few of certain design points only. Taking both the dynamics and randomness into consideration, we use stochastic approximation (SA) algorithms to solve the time‐varying problem, but with a nondecaying gain (stepsize). The tracking performance of the nondecaying gain SA algorithm is guaranteed by a computable bound for the root‐mean‐squared error and mean‐absolute‐deviation. The only assumption imposed on the drifts is that the average distance between two consecutive underlying true parameters is bounded from above—this assumption allows the varying target to change abruptly. The error term arising from using the noisy evaluation of fk(·) or gk(·) in constructing the search direction is assumed to have bounded second‐moment—this allows for biased estimator to be used in the SA algorithms. Given the lenient assumptions on the drift and error term, the error bounds apply to a broad class of time‐varying scenarios and are useful for finite‐sample analysis. Since the tracking capability characterizes the average performance across all possible sample paths, it may not provide much guidance on the gain‐tuning strategies useful for one single run. Hence, we propose a data‐dependent gain‐tuning strategy based on estimating the Hessian information and the noise level. The adaptive rule is advantageous as it enables the step size to vary with information gathered during the progress of the estimation procedure.",11,1.9,10.1002/rnc.5151,https://doi.org/10.1002/rnc.5151,1.0400
Ben82,A measure of the tracking capability of recursive stochastic algorithms with constant gains,A. Benveniste and G. Ruget,1982,1982-06-01,IEEE Transactions on Automatic Control,27,639-649,"A criterion is given for measuring the tracking capability of recursive algorithms when applied to slowly time-varying systems; the optimal gain for a given disturbance is also calculated. This criterion is seen to have some connection with the Fisher information matrix, and allows us to select a priori the best algorithm for identifying a given unknown parameter which may be subject to smooth unknown disturbances. Examples of applications are given in the areas of identification theory and data communication theory.",112,2.5,10.1109/TAC.1982.1102981,https://doi.org/10.1109/TAC.1982.1102981,1.0300
Sch76,Stochastic pursuit-evasion games with information lag. II. Observation with error,M. Schreuer,1976,1976-06-01,Journal of Applied Probability,13,313 - 328,,0,,10.2307/3212834,https://doi.org/10.2307/3212834,1.0200
Bai17b,Data-injection attacks in stochastic control systems: Detectability and performance tradeoffs,"Cheng-Zong Bai, F. Pasqualetti, and V. Gupta",2017,2017-04-03,ArXiv,abs/1704.00748,,"Abstract Consider a stochastic process being controlled across a communication channel. The control signal that is transmitted across the control channel can be replaced by a malicious attacker. The controller is allowed to implement any arbitrary detection algorithm to detect if an attacker is present. This work characterizes some fundamental limitations of when such an attack can be detected, and quantifies the performance degradation that an attacker that seeks to be undetected or stealthy can introduce.",225,25,10.1016/j.automatica.2017.04.047,https://doi.org/10.1016/j.automatica.2017.04.047,1.0000
Rho69,Differential games with imperfect state information,I. Rhodes and D. Luenberger,1969,1969-02-01,IEEE Transactions on Automatic Control,14,29-38,"Nondeterministic differential games of imperfect information are considered, with particular emphasis on the case of a linear system, a quadratic cost functional, and independent white Gaussian noises additively corrupting the observable output measurements. Solutions are presented for a number of particular cases of this problem, including those in which one of the two controllers has either no information or, under certain additional restrictions, perfect measurements of the state vector. In each case the optimal control for each controller is shown to be closely related to that which would result by assuming a separation theorem to hold. Furthermore, the various terms in the resulting optimal cost are shown to be readily assignable to the appropriate contributing source, such as the optimal cost that would result if the problem were instead a deterministic one with perfect information, the effect of estimation errors, or the effect of measurement errors.",87,1.5,10.1109/TAC.1969.1099086,https://doi.org/10.1109/TAC.1969.1099086,1.0000
Hua21c,A Pursuit-Evasion Differential Game with Strategic Information Acquisition,Yunhan Huang and Quanyan Zhu,2021,2021-02-10,ArXiv,abs/2102.05469,,"—This paper studies a two-person linear-quadratic-Gaussian pursuit-evasion differential game with costly but con- trolled information. One player can decide when to observe the other player’s state. However, one observation of another player’s state comes with two costs: the direct cost of observing and the implicit cost of exposing his state. We call games of this type a Pursuit-Evasion-Exposure-Concealment (PEEC) game. The PEEC game constitutes two types of strategies: The control strategies and the observation strategies. We fully characterize the Nash control strategies of the PEEC game using techniques such as completing squares and the calculus of variations. We show that the derivation of the Nash observation strategies and the Nash control strategies can be decoupled. We develop a set of necessary conditions that facilitate the numerical computation of the Nash observation strategies. We show, in theory, that players with less maneuverability prefer concealment to exposure. We also show that when the game’s horizon goes to inﬁnity, the Nash observation strategy is to observe periodically, and the expected distance between the pursuer and the evader goes to zero with a bounded second moment. We conducted a series of numerical experiments to study the proposed PEEC game. We illustrate the numerical results using both ﬁgures and animation. Numerical results show that the pursuer can maintain high-grade performance even when the number of observations is limited. We also show that an evader with low maneuverability can still escape if the evader increases his stealthiness.",9,1.7,,https://www.semanticscholar.org/paper/1f5c96dc2cdf5427d5795332d95474c7e7eeba51,1.0000
Koi73,On a game problem involving systems with time delay,A. Koivo and D. Repperger,1973,1973-04-01,IEEE Transactions on Automatic Control,18,149-152,"A dynamic programming approach is used to obtain feedback solutions to a game problem involving linear systems having a time delay. As is known, the optimal feedback gains in linear time delay systems with quadratic criterion are determined by partial differential equations [1]. In the particular case studied here, the solution to these equations can be obtained by first separating variables and then solving the resulting simpler equations. The optimal feedback control also has the advantage that it can be realized on-line.",9,0.2,10.1109/TAC.1973.1100250,https://doi.org/10.1109/TAC.1973.1100250,0.9700
Shi00,On the Compensation of Imperfect Information in Dynamic Games,"J. Shinar, T. Shima, and V. Glizer",2000,2000-06-01,IGTR,2,229-248,"A linear pursuit-evasion game with first-order acceleration dynamics and bounded controls is considered. In this game, the pursuer has to estimate the state variables of the game, including the lateral acceleration of the evader, based on the noise-corrupted measurements of the relative position vector. The estimation process inherently involves some delay, rendering the information structure of the pursuer imperfect. If the pursuer implements the optimal strategy of the perfect information game, an evader with perfect information can take advantage of the estimation delay. However, the performance degradation is minimised if the pursuer compensates for its own estimation delay by implementing the optimal strategy derived from the solution of the imperfect (delayed) information game. In this paper the analytical solution of the delayed information game, allowing to predict the value of the game, is presented. The theoretical results are tested in a noise-corrupted scenario by Monte Carlo simulations, using a Kalman filter type estimator. The simulation results confirm the substantial improvement achieved by the new pursuer strategy.",5,0.2,10.1142/S0219198900000160,https://doi.org/10.1142/S0219198900000160,0.9500
Nai04,Stabilizability of Stochastic Linear Systems with Finite Feedback Data Rates,G. Nair and R. Evans,2004,2004-02-01,SIAM J. Control. Optim.,43,413-436,"Feedback control with limited data rates is an emerging area which incorporates ideas from both control and information theory. A fundamental question it poses is how low the closed-loop data rate can be made before a given dynamical system is impossible to stabilize by any coding and control law. Analogously to source coding, this defines the smallest error-free data rate sufficient to achieve ""reliable"" control, and explicit expressions for it have been derived for linear time-invariant systems without disturbances. In this paper, the more general case of finite-dimensional linear systems with process and observation noise is considered, the object being mean square state stability. By inductive arguments employing the entropy power inequality of information theory, and a new quantizer error bound, an explicit expression for the infimum stabilizing data rate is derived, under very mild conditions on the initial state and noise probability distributions.",753,34,10.1137/S0363012902402116,https://doi.org/10.1137/S0363012902402116,0.9500
Tat04c,Stochastic linear control over a communication channel,"S. Tatikonda, Anant Sahai, and S. Mitter",2004,2004-09-13,IEEE Transactions on Automatic Control,49,1549-1561,,442,20,10.1109/TAC.2004.834430,https://doi.org/10.1109/TAC.2004.834430,0.9500
Eli04,When bode meets shannon: control-oriented feedback communication schemes,N. Elia,2004,2004-09-13,IEEE Transactions on Automatic Control,49,1477-1488,,391,18,10.1109/TAC.2004.834119,https://doi.org/10.1109/TAC.2004.834119,0.9500
Mar08,Feedback Control in the Presence of Noisy Channels: “Bode-Like” Fundamental Limitations of Performance,N. C. Martins and M. Dahleh,2008,2008-09-09,IEEE Transactions on Automatic Control,53,1604-1615,,273,15,10.1109/TAC.2008.929361,https://doi.org/10.1109/TAC.2008.929361,0.9500
Wid76,Stationary and nonstationary learning characteristics of the LMS adaptive filter,"B. Widrow, J. Mccool, M. Larimore, and C. Johnson",1976,1976-08-01,Proceedings of the IEEE,64,1151-1162,,1464,29,10.1007/978-94-010-1223-2_23,https://doi.org/10.1007/978-94-010-1223-2_23,0.9500
Lju91,A result on the mean square error obtained using general tracking algorithms,L. Ljung and P. Priouret,1991,1991-07-01,International Journal of Adaptive Control and Signal Processing,5,231-248,"Tracking time-varying properties is of crucial importance in all adaptive algorithms. In this contribution we study a fairly general algorithm for tracking properties of model parameters that can be described in a linear regression form (including AR models and the like). An explicit expression for the mean square error between the estimated and the true (time-varying) parameter is established. For slow adaptation this expression can be arbitrarily well approximated by a much simpler expression. The treatment differs from other related studies using weak convergence theory, averaging, etc. in that the results are not asymptotic in nature and are applicable also to the transient phase as well as over unbounded time intervals.",37,1.1,10.1002/ACS.4480050402,https://doi.org/10.1002/ACS.4480050402,0.9500
Orn18,Deception in Optimal Control,M. Ornik and U. Topcu,2018,2018-05-08,"2018 56th Annual Allerton Conference on Communication, Control, and Computing (Allerton)",,821-828,"In this paper, we consider an adversarial scenario where one agent seeks to achieve an objective, and its adversary seeks to learn the agent’s intentions and prevent the agent from achieving its objective. Thus, the agent has an incentive to try to deceive the adversary about its intentions, while at the same time working to achieve its objective. The primary contribution of this paper is to introduce a mathematically rigorous framework for the notion of deception within the context of optimal control. The central notion introduced in the paper is that of a belief-induced reward: a reward dependent not only on the agent’s state and action, but also adversary’s beliefs. While the paper focuses on the setting of Markov decision processes, the proposed framework allows for deception to be defined in an arbitrary control system endowed with a reward function. Furthermore, we discuss design of optimal deceptive strategies, under possible additional specifications on agent’s behavior or uncertainty in agent’s knowledge about the adversary’s learning process, and show that such design reduces to known problems in control design on partially observable or uncertain Markov decision processes. The notion of deception is illustrated on a running example of “cops and deceptive robbers”. We show that an optimal deceptive strategy of this example, designed using the theory introduced in the paper, follows the intuitive idea of how to deceive an adversary in such a scenario.",36,4.5,10.1109/ALLERTON.2018.8635871,https://doi.org/10.1109/ALLERTON.2018.8635871,0.9500
Han86,The effects of stress on attentional resources,P. Hancock and M. Chignell,1986,1986-05-01,,,,"A new perspective is presented from which to view the action of stress on human behavior. At a behavioral level, the action of stress is related to notions of human attention and an indication of an isomorphic relationship between modes of control at a physiological and behavioral level is presented. Examples of this phenomenon are extracted from performance under heat stress, since this is one of the most simple stress circumstances. It is suggested that stress sufficient to overcome adaptive capability, that is efficient homeostasis, acts to drain attentional resources. The manner in which such resources fail approximates that function typical of a positive feedback system, which also characterizes the breakdown of physiological response under severe environmental stress. The end point of this draining sequence is the absence of all attentional resources, which is taken to be unconsciousness, to be rapidly followed by the failure of physiological adaptability upon which life sustaining functions depend. This overall picture preserves the inverted-U shaped relationship between stress and performance, yet is in distinct contrast to the traditional arousal account of such behavior. The theoretical and practical ramifications of these observations are explored.",0,,,https://www.semanticscholar.org/paper/000ca25d6e5db29f1e28a4c38f99f8d77ee658aa,0.9500
Nai07,Feedback Control Under Data Rate Constraints: An Overview,"G. Nair, F. Fagnani, S. Zampieri, and R. Evans",2007,2007-03-05,Proceedings of the IEEE,95,108-137,,1051,55,10.1109/JPROC.2006.887294,https://doi.org/10.1109/JPROC.2006.887294,0.9500
Beh68,On a class of linear stochastic differential games,R. Behn and Y. Ho,1968,1968-06-01,IEEE Transactions on Automatic Control,13,227-240,"The solution for a class of stochastic pursuit-evasion differential games between two linear dynamic systems is given. This class includes the classical interception game in Euclidean space. The performance index which is optimized is quadratic, and one of the two players has imperfect (noisy) knowledge of the states of the two systems. The ""certainty-equivalence principle' or, equivalently, the technique of separating the estimator and the controller which characterizes the standard stochastic control problem is shown to be applicable to this class of differential games.",81,1.4,10.1109/TAC.1968.1098898,https://doi.org/10.1109/TAC.1968.1098898,0.9500
Kuh91,Incrementally Learning Time-Varying Half Planes,"A. Kuh, T. Petsche, and R. Rivest",1991,1991-12-02,Neural Information Processing Systems,,920-927,"We present a distribution-free model for incremental learning when concepts vary with time. Concepts are caused to change by an adversary while an incremental learning algorithm attempts to track the changing concepts by minimizing the error between the current target concept and the hypothesis. For a single half-plane and the intersection of two half-planes, we show that the average mistake rate depends on the maximum rate at which an adversary can modify the concept. These theoretical predictions are verified with simulations of several learning algorithms including back propagation.",14,0.4,,https://www.semanticscholar.org/paper/d4e03c36ce0dff18b2d89e7f49be5dac2977a1bb,0.9500
Wal22,"Fog, friction, and control in organized conflict: punctuated transitions to instability",R. Wallace,2022,2022-08-05,The Journal of Defense Modeling and Simulation,21,141 - 147,"We explore the effects of Clausewitzian fog and friction using a data rate theorem–based model of the phase transition from control to failure for inherently unstable systems that include, but are not limited to, the many possible modalities of organized conflict. Fog-and-friction challenge any and all cognitive structures facing dynamic patterns of threat or opportunity, whether control is manifested through an institution, a machine entity, or some composite. The fundamental nature of challenge appears independent of the degree of sophistication of those institutions, entities, or composites, and of the technical modalities employed. The dialog/Zweikampf of organized conflict is—and will remain—an intimate and most human enterprise. Implications for other existential threats of inherently unstable circumstance, like pandemic disease or climate change, are evident.",0,,10.1177/15485129221115740,https://doi.org/10.1177/15485129221115740,0.9500
Wal21,On Maskirovka: the dynamics of delay in threat recognition,R. Wallace,2021,2021-12-03,"The Journal of Defense Modeling and Simulation: Applications, Methodology, Technology",20,171 - 180,"Across military Zweikampf and public health, error, blindness, and incompetence carry singular burden. Here, we adapt methods developed for the analysis of pandemic mismanagement to the study of armed conflict. Stability of control during such conflict depends on prompt recognition of, and response to, rapidly changing events. In addition to “conventional” Clausewitzian fog and friction, there are almost always inherent or induced delays to threat recognition. For a system to be stable without such delay, there will be a critical lag at which control fails, as it similarly does if institutional cognition sufficiently degrades. In such cases, tactical thrashing becomes manifest. In a military context, there is no way around such dynamics, which are routinely—often brilliantly—exploited.",2,0.4,10.1177/15485129211061688,https://doi.org/10.1177/15485129211061688,0.9200
Sol92,The error variance of LMS with time-varying weights,V. Solo,1992,1992-04-01,IEEE Trans. Signal Process.,40,803-813,"A calculation of weight error variance of the LMS (least mean square) algorithm is made in the presence of time-varying true weights. With time-varying weights the LMS error system has in general several time scales operating at once. This causes difficulties in the variance calculation which seem hitherto to have passed unnoticed. To handle this problem a sort of perturbation expansion is developed based on weak convergence methods or 'stochastic averaging'. The main concern in carrying out the error variance calculation is to study the effect on LMS performance of adaptation speed as it relates to true speed of parameter change. Three cases are covered with reference to considering adaptation speed with respect to true speed: first, where the adaptation speed is too slow; second, where it is matched: and third, where it is faster. >",23,0.7,10.1109/78.127953,https://doi.org/10.1109/78.127953,0.9200
Zhu20b,Error Bounds and Applications for Stochastic Approximation with Non-Decaying Gain,Jingyi Zhu,2020,2020-03-15,arXiv: Optimization and Control,,,"This work analyzes the stochastic approximation algorithm with non-decaying gains as applied in time-varying problems. The setting is to minimize a sequence of scalar-valued loss functions $f_k(\cdot)$ at sampling times $\tau_k$ or to locate the root of a sequence of vector-valued functions $g_k(\cdot)$ at $\tau_k$ with respect to a parameter $\theta\in R^p$. The available information is the noise-corrupted observation(s) of either $f_k(\cdot)$ or $g_k(\cdot)$ evaluated at one or two design points only. Given the time-varying stochastic approximation setup, we apply stochastic approximation algorithms with non-decaying gains, so that the recursive estimate denoted as $\hat{\theta}_k$ can maintain its momentum in tracking the time-varying optimum denoted as $\theta_k^*$. 
Chapter 3 provides a bound for the root-mean-squared error $ \sqrt{E(\|\hat{\theta}_k-\theta_k^*\|^2})$. Overall, the bounds are applicable under a mild assumption on the time-varying drift and a modest restriction on the observation noise and the bias term. After establishing the tracking capability in Chapter 3, we also discuss the concentration behavior of $\hat{\theta}_k $ in Chapter 4. The weak convergence limit of the continuous interpolation of $\hat{\theta}_k$ is shown to follow the trajectory of a non-autonomous ordinary differential equation. Both Chapter 3 and Chapter 4 are probabilistic arguments and may not provide much guidance on the gain-tuning strategies useful for one single experiment run. Therefore, Chapter 5 discusses a data-dependent gain-tuning strategy based on estimating the Hessian information and the noise level. Overall, this work answers the questions ""what is the estimate for the dynamical system $\theta_k^*$"" and ""how much we can trust $\hat{\theta}_k $ as an estimate for $\theta_k^*$.""",5,0.8,,https://www.semanticscholar.org/paper/fdc3c488b7a65611e2c764927dd3ade5c2ba7b17,0.9000
Wal20c,How AI founders on adversarial landscapes of fog and friction,R. Wallace,2020,2020-10-29,"The Journal of Defense Modeling and Simulation: Applications, Methodology, Technology",19,519 - 538,"Formal analysis, based on the asymptotic limit theorems of control and information theories, uncovers sufficient conditions for punctuated failure across the full spectrum of real-time cognitive process – essentially a generalization of the Yerkes-Dodson law – challenging recent assertions that instabilities in AI deep learning paradigms can be easily remedied, permitting their use in real-world critical systems. A temperature analog for cognition that is itself an order parameter is determined by rates of internal information transmission, sensory or intelligence input, and material resource availability. Phase transitions driven by the synergisms of such parameters express symmetry-breaking changes in groupoids characteristic of cognition at and across scales and levels of organization, significantly extending models abducted from physical theory. No modifications of current – or future – AI or other cognitive systems can or will be immune to failure when facing sophisticated adversarial challenge under conditions of friction and the fog-of-war. We indicate how to reconfigure these results for study of long-term conflict on ‘Sun Zu Landscapes’ of deception, deceit, and subtle influence under Lamarckian selection.",19,3.4,10.1177/1548512920962227,https://doi.org/10.1177/1548512920962227,0.9000
Shi02c,Nonorthodox Guidance Law Development Approach for Intercepting Maneuvering Targets,J. Shinar and T. Shima,2002,2002-07-01,Journal of Guidance Control and Dynamics,25,658-666,"Two aspects of a new mindset are applied to interceptor guidance: 1 ) the mathematical formulation of an interception scenario against maneuverable targets and 2 ) the relationship between the estimation process and optimal guidance law design. The interception of a maneuverable antisurface missile is formulated as a zerosum pursuit evasion game. The perfect information game solution, which guarantees a robust hit-to-kill homing accuracy, requires, among other things, the knowledge of the target maneuver. This variable cannot be directly measuredandhasto beestimatedbasedonnoisymeasurements.Thegreatesterrorsourceintheestimationoftimevarying target maneuvers is the inherent delay due to the convergence time of the process. The estimation process is modeled as a pure information delay. Such a delay is partially compensated by a new guidance law based on the solution of a delayed information pursuit ‐evasion game. Thenew approach represents a potential breakthrough in guidancelaw design predicting reduced miss distancesand robustnesseven in stressing interception environments. The improved accuracy is cone rmed by a set of Monte Carlo simulations in a ballistic missile interception scenario with noisy measurements. I. Introduction I N contrast to the impressive technological progress achieved by the guided missile community, the concepts of interceptor guidance law development have remained (unfortunately ) conservative. This conservative mindset can be attributed to that until recently the target of an interceptor missile was an inhabited aircraft, against which the missile had substantial advantage in speed, maneuverability, and agility. Moreover, miss distances of the order of a few meters (compatible with the lethal radius of the missile warhead ) were considered admissible. Thus, the effort to develop improved guidance laws may have seemed to be unnecessary. The 1991 Gulf War introduced a new type of target, namely, the tactical ballistic missile (TBM), able to carry nonconventional warheads. Successful interception of a TBM, much less vulnerable than an aircraft, requires a very small miss distance or even a direct hit, creating a newchallenge for the guided missile community. Several defense systems against ballistic missiles are currently in development to meet the threat. All of them have been designed against ballistic targets, e ying predictable trajectories. The availableadvancedtechnology allowed thesedefensesystems (ARROW, PAC-3, THAAD ) to demonstrate, in spite of using conventional guidance and estimation concepts, an excellent homing accuracy (sometimes even a kinetic hit to kill ) against such nonmaneuvering targets. 1i3",108,4.5,10.2514/2.4960,https://doi.org/10.2514/2.4960,0.9000
Shi01,New Interceptor Guidance Law Integrating Time-Varying and Estimation-Delay Models,"T. Shima, J. Shinar, and H. Weiss",2001,2001-08-06,Journal of Guidance Control and Dynamics,26,295-303,"The paper presents a synthesis of a new guidance law, derived using differential games concepts, for the interception of highly maneuvering targets. The synthesis is based on the integration of two recently demonstrated improvementfeatures:namely,theuseofa time-varying linearkinematicsgamemodelandthecompensationofthe inherent estimation delay of thetarget acceleration. The new guidance law is implemented in a genericyet realistic noise-corruptedthree-dimensionalnonlinearballisticmissiledefensescenariobyusingasuitablethree-dimensional estimator.Thetestagainstworst-casetargetmaneuversdemonstratesasignie cantimprovementcomparedto other known guidance laws indicating a potential breakthrough in interceptor guidance. I. Introduction H ISTORICALLY, the typical target of interceptor missiles has been a manned aircraft, against which the missile had substantial advantage in speed, maneuverability, and agility. Moreover, miss distances of a few meters, compatible with the lethal radius of the missile warhead, were considered admissible. Because of these facts, even a simple guidance law such as proportional navigation (PN) could guarantee the target destruction. The Gulf War introduced the tactical ballistic missile (TBM), able to carry nonconventional warheads, as a new type of target. Successful interception of a TBM, much less vulnerable than an aircraft, requires a very small miss distance or even a direct hit. Several ballistic missile defense systems are currently in development. Because of advances in technology, these systems (such as ARROW and PAC-3) succeeded to demonstrate, using conventionalguidance concepts, excellent homing accuracy against such nonmaneuvering targets. 1;2 Although known TBMs were not designed to maneuver because of their high reentry speed, they have a substantial maneuverability potential in the atmosphere. Moreover, this potential can be made applicable by a modest technical effort. The same is true for future high-speed antiship or cruise missiles.Paradoxically, the successful current development of ballistic missile defense systems can serve to motivate the future development of maneuverable antisurface missiles. Against such threats interceptor missiles will have only a marginal maneuverability advantage. Hence, the required small miss distances are not achievable by using conventional guidance laws even in a noise-free environment, as it was demonstrated by recent simulation studies. 3;4 Most missile guidance laws used at the present, including PN, were derived using a linear quadratic optimal control formulation assuming perfect information. 5 Such a formulation requires an assumption on the future evolution of the target maneuver. If this",42,1.7,10.2514/2.5046,https://doi.org/10.2514/2.5046,0.9000
Sla73,Optimal evasive tactics against a proportional navigation missile with time delay.,G. Slater and W. Wells,1973,1973-05-01,Journal of Spacecraft and Rockets,10,309-313,"The optimal control for an evasive target in a particular pursuit-evasion conflict has been determined. The pursuit vehicle has a fixed gain proportional navigation guidance system in which a pure time delay is present. The mathematical model assumes two-dimensional linearized dynamics. It is found that for fixed control energy, the evasive control depends strongly upon the gain and time delay of the pursuit system. Even in the worst case, however, the evader can significantly increase the miss distance that results from no evasive action. In addition, the results indicate the solution to an associated minimax type problem, viz., the choice of gain for the pursuer so as to minimize the (maximum) miss of the optimal evader. The results indicate that for all cases the optimal gain is approximately equal to the fuel optimal gain against a nonmaneuvering adversary and lower than the value obtained by a no-delay differential game analysis.",57,1.1,10.2514/3.27759,https://doi.org/10.2514/3.27759,0.9000
Won99,Systems with finite communication bandwidth constraints. II. Stabilization with limited information feedback,W. Wong and R. Brockett,1999,1999-05-01,IEEE Trans. Autom. Control.,44,1049-1053,"For part I, see ibid., vol.42, p.1294-8, 1997. In this paper a new class of feedback control problems is introduced. Unlike classical models, the systems considered here have communication channel constraints. As a result, the issue of coding and communication protocol becomes an integral part of the analysis. Since these systems cannot be asymptotically stabilized if the underlying dynamics are unstable, a weaker stability concept called containability is introduced. A key result connects containability with an inequality equation involving the communication data rate and the rate of change of the state.",930,34,10.1109/9.763226,https://doi.org/10.1109/9.763226,0.9000
Far80,Tracking properties of adaptive signal processing algorithms,D. Farden and K. Sayood,1980,1980-04-09,"IEEE International Conference on Acoustics, Speech, and Signal Processing",,466-469,"Adaptive signal processing algorithms are often used in order to ""track"" an unknown time-varying parameter vector. Such algorithms are typically some form of stochastic gradient-descent algorithm. The Widrow LMS algorithm is apparently the most frequently used. This work develops an upper bound on the norm-squared error between the parameter vector being tracked and the value obtained by the algorithm. The upper bound illustrates the relationship between the algorithm step-size and the maximum rate of variation in the parameter vector. Finally, some simple covariance decay-rate conditions are imposed to obtain a bound on the mean square error.",63,1.4,10.1109/ICASSP.1980.1170938,https://doi.org/10.1109/ICASSP.1980.1170938,0.9000
Mai23b,Efficient Communication for Pursuit-Evasion Games with Asymmetric Information,Dipankar Maity,2023,2023-07-03,2023 62nd IEEE Conference on Decision and Control (CDC),,2104-2109,"We consider a class of pursuit-evasion differential games in which the evader has continuous access to the pursuer's location but not vice-versa. There is an immobile sensor (e.g., a ground radar station) that can sense the evader's location and communicate that information intermittently to the pursuer. Transmitting the information from the sensor to the pursuer is costly and only a finite number of transmissions can happen throughout the entire game. The outcome of the game is determined by the control strategies of the players and the communication strategy between the sensor and the pursuer. We obtain the (Nash) equilibrium control strategies for both the players as well as the optimal communication strategy between the static sensor and the pursuer. We discuss a dilemma for the evader that emerges in this game. We also discuss the emergence of implicit communication where the absence of communication from the sensor can also convey some actionable information to the pursuer.",7,2.4,10.1109/CDC49753.2023.10383640,https://doi.org/10.1109/CDC49753.2023.10383640,0.9000
Han89,A Dynamic Model of Stress and Sustained Attention,P.A. Hancock and J. Warm,1989,1989-10-01,Human Factors: The Journal of Human Factors and Ergonomics Society,31,519 - 537,,960,26,10.1177/001872088903100503,https://doi.org/10.1177/001872088903100503,0.9000
Hoc93,Cognitive-energetical control mechanisms in the management of work demands and psychological health.,G. R. J. Hockey,1993,,,,,,221,6.6,,https://www.semanticscholar.org/paper/4264447901244c9fb1e5cda7483be3dd3fc8bd06,0.9000
Ugr17,Controller-jammer game models of Denial of Service in control systems operating over packet-dropping links,V. Ugrinovskii and Cédric Langbort,2017,2017-06-05,Autom.,84,128-141,"The paper introduces a class of zero-sum games between the adversary and controller as a scenario for a `denial of service' in a networked control system. The communication link is modeled as a set of transmission regimes controlled by a strategic jammer whose intention is to wage an attack on the plant by choosing a most damaging regime-switching strategy. We demonstrate that even in the one-step case, the introduced games admit a saddle-point equilibrium, at which the jammer's optimal policy is to randomize in a region of the plant's state space, thus requiring the controller to undertake a nontrivial response which is different from what one would expect in a standard stochastic control problem over a packet dropping link. The paper derives conditions for the introduced games to have such a saddle-point equilibrium. Furthermore, we show that in more general multi-stage games, these conditions provide `greedy' jamming strategies for the adversary.",21,2.3,10.1016/j.automatica.2017.07.009,https://doi.org/10.1016/j.automatica.2017.07.009,0.9000
Ben87,Design of adaptive algorithms for the tracking of time‐varying systems,A. Benveniste,1987,1987-09-01,International Journal of Adaptive Control and Signal Processing,1,3-29,"Abstract The design of adaptive algorithms for the purpose of the tracking of slowly time varying systems is investigated . A criterion for measuring the tracking capability of an algorithm in this situation was introduced in an earlier work; the domain of vali dity of this criterion is shown to be much wider than expected before. On the other hand, multistep algorithms, introduced in the Soviet literature, are generalized and systematically studied; they are shown to provide significant improvements over the classical (one-step) methods for the purpose of tracking. Finally, a complete design me thodology for adaptive algorithms used on time varying systems is given.",115,3.0,10.1002/ACS.4480010103,https://doi.org/10.1002/ACS.4480010103,0.9000
Bau99,Automated Target Tracking in Real-Time: Optimal Adjustment of the Parameters,R. Bauer and B. Beauzamy,1999,1999-10-01,Journal of Mathematical Analysis and Applications,238,1-19,"Abstract We study a problem in real-time target tracking by means of a one-dimensional “random” Kalman–Bucy filter. The tracking device has constrained processing power and hence has to choose (1) a subregion to be observed out of a larger region in which the target motion takes place and (2) a finite resolution scale. As a consequence the variance of the best prediction of the location of the target becomes a random process. The tracking is satisfactory if the expected time it takes the variance process to enter a finite strip is finite. We determine the optimal choice of subregion and resolution and give conditions on the model that insure a satisfactory tracking procedure for this choice. In addition, using large deviation estimates for Bernoulli random walks, we obtain exponential bounds for the tail probabilities of the expected entrance time of the variance process.",0,,10.1006/JMAA.1999.6457,https://doi.org/10.1006/JMAA.1999.6457,0.8900
Wal25,Sensory or Intelligence Data Compression Can Drive the Yerkes-Dodson Effect,Rodrick Wallace,2025,2025-02-06,Symmetry,17,235,"New probability models of inherently embodied cognition derived from the asymptotic limit theorems of information and control theories show, where the Weber–Fechner, Stevens, Hick–Hyman, and Pieron’s psychophysics laws—and analogous processes of sensory data rate compression—operate, that sufficient arousal will engender the classic Yerkes–Dodson effect responses for ‘easy’ and ‘difficult’ challenges, depending on the level of ‘noise’ impeding the cognition rate. A ‘hallucination’ mode is found to arise at low arousal, and, in the face of sufficient noise, a ‘panic’ mode at high arousal. Systems that are ‘ductile’ in a formal sense, however, are not afflicted by such hallucination, although panic remains for difficult challenges. Similar dynamics that surround organized conflict on ‘Clausewitz landscapes’ of fog, friction, and deadly adversarial intent have long been studied. We find a central mechanism for cognitive failure under increasing stress across a very broad range of modalities to be enough—usually badly needed—compression of sensory/intelligence and internal information transmission rates. It seems possible, with some effort, to convert the probability models developed here into robust statistical tools for the study and limited control of critical real-time, real-world embodied cognitive phenomena associated with cellular, neural, individual, machine, and institutional systems and their many composites.",0,,10.3390/sym17020235,https://doi.org/10.3390/sym17020235,0.8800
Gar87,Nonstationary learning characteristics of the LMS algorithm,W. Gardner,1987,1987-10-01,,,,Upper and lower bounding first-order linear recursions for the mean-squared error realized with the LMS algorithm subjected to a sequence of independent nonstationary training vectors are derived. These bounds coincide to give the exact evolution of mean-squared error for the problem of identification of a nonrecursive time-varying system with white-noise excitation. This leads to an exact formula for time-averaged mean-squared error that is used to study optimization of the step-size parameter for minimum time-average misadjustment. New results on dependence of the minimal step size and the minimum misadjustment on the degree of nonstationarity are obtained.,67,1.7,10.1109/TCS.1987.1086054,https://doi.org/10.1109/TCS.1987.1086054,0.8800
Ish87,Open-loop Stackelberg strategies in a linear-quadratic differential game with time delay,T. Ishida and E. Shimemura,1987,1987-05-01,International Journal of Control,45,1847-1855,Abstract The open-loop Stackelberg strategies in a linear-quadratic differential game with time delay are constructed in the form of necessary and sufficient conditions. The evolution of a game with time delay is described by coupled differential equations composed of lumped and distributed parameter subsystems. Calculation of solutions is facilitated by transforming two-point boundary-value problems to terminal boundary-value ones by the introduction of Riccati-type differential equations.,6,0.2,10.1080/00207178708933850,https://doi.org/10.1080/00207178708933850,0.8800
Wid84,On the statistical efficiency of the LMS algorithm with nonstationary inputs,B. Widrow and E. Walach,1984,1984-05-22,IEEE Trans. Inf. Theory,30,211-221,"A fundamental relationship exists between the quality of an adaptive solution and the amount of data used in obtaining it. Quality is defined here in terms of ""misadjustment,"" the ratio of the excess mean square error (mse) in an adaptive solution to the minimum possible mse. The higher the misadjustment, the lower the quality is. The quality of the exact least squares solution is compared with the quality of the solutions obtained by the orthogonalized and the conventional least mean square (LMS) algorithms with stationary and nonstationary input data. When adapting with noisy observations, a filter trained with a finite data sample using an exact least squares algorithms will have a misadjustment given by M=\frac{n}{N}=\frac{number of weights}{number of training samples} If the same adaptive filter were trained with a steady flow of data using an ideal ""orthogonalized LMS"" algorithm, the misadjustment would be M=\frac{n}{4\tau_{\mse}}=\frac{number of weights}{number of training samples} Thus, for a given time constant \tau_{\mse} of the learning process, the ideal orthogonalized LMS algorithm will have about as low a misadjustment as can be achieved, since this algorithm performs essentially as an exact least squares algorithm with exponential data weighting. It is well known that when rapid convergence with stationary data is required, exact least squares algorithms can in certain cases outperform the conventional Widrow-Hoff LMS algorithm. It is shown here, however, that for an important class of nonstationary problems, the misadjustment of conventional LMS is the same as that of orthogonalized LMS, which in the stationary case is shown to perform essentially as an exact least squares algorithm.",177,4.2,10.1109/TIT.1984.1056892,https://doi.org/10.1109/TIT.1984.1056892,0.8600
Jum73,An approach via state estimation to differential games with information time lag,G. Jumarie,1973,1973-12-01,International Journal of Game Theory,2,39-52,,1,0.0,10.1007/BF01737556,https://doi.org/10.1007/BF01737556,0.8600
Gao19,Communication scheduling and remote estimation with adversarial intervention,"Xiaobin Gao, E. Akyol, and T. Başar",2019,2019-01-01,IEEE/CAA Journal of Automatica Sinica,6,32-44,"We study a communication scheduling and remote estimation problem within a worst-case scenario that involves a strategic adversary. Specially, a remote sensing system consisting of a sensor, an encoder and a decoder is configured to observe, transmit, and recover a discrete time stochastic process. At each time step, the sensor makes an observation on the state variable of the stochastic process. The sensor is constrained by the number of transmissions over the time horizon, and thus it needs to decide whether to transmit its observation or not after making each measurement. If the sensor decides to transmit, it sends the observation to the encoder, who then encodes and transmits the observation to the decoder. Otherwise, the sensor and the encoder maintain silence. The decoder is required to generate a real-time estimate on the state variable. The sensor, the encoder, and the decoder collaborate to minimize the sum of the communication cost for the sensor, the encoding cost for the encoder, and the estimation error for the decoder. There is also a jammer interfering with the communication between the encoder and the decoder, by injecting an additive channel noise to the communication channel. The jammer is charged for the jamming power and is rewarded for the estimation error generated by the decoder, and it aims to minimize its net cost. We consider a feedback Stackelberg game with the sensor, the encoder, and the decoder as the composite leader, and the jammer as the follower. Under some technical assumptions, we obtain a feedback Stackelberg solution, which is threshold based for the scheduler, and piecewise affine for the encoder and the decoder. We also generate numerical results to demonstrate the performance of the remote sensing system under the feedback Stackelberg solution.",12,1.6,10.1109/JAS.2019.1911318,https://doi.org/10.1109/JAS.2019.1911318,0.8500
Wal20,Command and its discontents: Instabilities of institutional anytime algorithms on a Clausewitz landscape,R. Wallace,2020,2020-06-18,"The Journal of Defense Modeling and Simulation: Applications, Methodology, Technology",19,239 - 244,"It has long been understood that the inevitably time-constrained cognitive processes of command on a Clausewitz landscape of uncertainty and imprecision are subject to gross instabilities. Even very experienced, capable, and intelligent command teams lose wars. Using formal approaches from control and information theories, we show how failure to understand and recognize underlying structure and dynamics in organized conflict expresses itself as increased “noise,” eventually triggering strategic collapse, often in a highly punctuated manner",0,,10.1177/1548512920931597,https://doi.org/10.1177/1548512920931597,0.8500
Ran17,Control Capacity,G. Ranade and Anant Sahai,2017,2017-01-16,IEEE Transactions on Information Theory,65,235-254,"Feedback control actively dissipates uncertainty from a dynamical system by means of actuation. We develop a notion of “control capacity” that gives a fundamental limit (in bits) on the rate at which a controller can dissipate the uncertainty from a system, i.e., stabilize to a known fixed point. We give a computable single-letter characterization of control capacity for memoryless stationary scalar multiplicative actuation channels. Control capacity allows us to answer questions of stabilizability for scalar linear systems: a system with actuation uncertainty is stabilizable if and only if the control capacity is larger than the log of the unstable open-loop eigenvalue. For second-moment senses of stability, we recover the classic uncertainty threshold principle result. However, our definition of control capacity can quantify the stabilizability limits for any moment of stability. Our formulation parallels the notion of Shannon’s communication capacity and thus yields both a strong converse and a way to compute the value of side information in control.",0,,10.1109/TIT.2018.2868929,https://doi.org/10.1109/TIT.2018.2868929,0.8500
Won97,Systems with finite communication bandwidth constraints. I. State estimation problems,W. Wong and R. Brockett,1997,1997-09-01,IEEE Trans. Autom. Control.,42,1294-1299,"In this paper, we investigate a state estimation problem involving finite communication capacity constraints. Unlike classical estimation problems where the observation is a continuous process corrupted by additive noises, there is a constraint that the observations must be coded and transmitted over a digital communication channel with finite capacity. This problem is formulated mathematically, and some convergence properties are defined. Moreover, the concept of a finitely recursive coder-estimator sequence is introduced. A new upper bound for the average estimation error is derived for a large class of random variables. Convergence properties of some coder-estimator algorithms are analyzed. Various conditions connecting the communication data rate with the rate of change of the underlying dynamics are established for the existence of stable and asymptotically convergent coder-estimator schemes.",578,20,10.1109/9.623096,https://doi.org/10.1109/9.623096,0.8500
Kus95,Analysis of adaptive step-size SA algorithms for parameter tracking,H. Kushner and Jichuan Yang,1995,1995-08-01,IEEE Trans. Autom. Control.,40,1403-1410,"We present proofs and data for adaptive step-size algorithms for tracking time-varying parameters when recursive stochastic approximation type algorithms are used. A classical problem in adaptive control and communication theory concerns the tracking of the best fit of a given form when the statistics or the parameters change slowly. A major, and yet unresolved, problem has been the choice of the step sizes in the tracking algorithm. An algorithm for adapting the step size using the same system measurements which are used for the tracking was suggested by Benveniste and various examples worked out by Brossier. The numerical results were very encouraging. But proofs were lacking. These proofs are supplied here together with supporting numerical data. The proofs are based on recent results in stochastic approximation. The adaptive step-size technique works very well indeed. Much supporting analysis is presented, particularly concerning the interpretation of certain stationary processes as ""stationary"" pathwise derivatives. Finite difference forms are also treated. These are mathematically simpler and can be applied to a wide variety of systems, even when the system is not well modeled. The data shows that they work well. >",118,3.8,10.1109/9.402231,https://doi.org/10.1109/9.402231,0.8500
Boy87,A Discourse on Winning and Losing,"C. A. R. Boyd, Grant Hammond, Curt LeMay, Tammi K. Dacus, and Nedra O. Looney",1987,,,,,,437,11,,https://www.semanticscholar.org/paper/7767c1ec48103f7071bc02dfb1ab4bd7479f8e03,0.8500
Mai23,Optimal Intermittent Sensing for Pursuit–Evasion Games,Dipankar Maity,2023,2023-03-27,IEEE Control Systems Letters,7,3000-3005,"We consider a class of pursuit-evasion differential games in which the evader has continuous access to the pursuer’s location, but not vice-versa. There is a remote sensor (e.g., a radar station) that can sense the evader’s location upon a request from the pursuer and communicate that sensed location to the pursuer. The pursuer has a budget on the total number of sensing requests. The outcome of the game is determined by the players’ sensing and motion strategies. We obtain the equilibrium sensing and motion strategies for the players. We quantify the degradation in the pursuer’s pay-off due to its sensing limitations.",5,1.6,10.1109/LCSYS.2023.3292291,https://doi.org/10.1109/LCSYS.2023.3292291,0.8500
Pap82,On the linear-quadratic-Gaussian Nash game with one-step delay observation sharing pattern,G. Papavassilopoulos,1982,1982-10-01,IEEE Transactions on Automatic Control,27,1065-1071,"This paper studies a two-player Nash dynamic, discrete-time, linear-quadratic game under the so-called ""one-step delay observation sharing pattern."" It is shown that under very weak assumptions the solution exists and is unique and linear in the information.",19,0.4,10.1109/TAC.1982.1103070,https://doi.org/10.1109/TAC.1982.1103070,0.8500
Hoc86,A State Control Theory of Adaptation and Individual Differences in Stress Management,G. R. J. Hockey,1986,,,,285-298,,104,2.6,10.1007/978-94-009-4448-0_19,https://doi.org/10.1007/978-94-009-4448-0_19,0.8500
Sah04,The necessity and sufficiency of anytime capacity for control over a noisy communication link,Anant Sahai,2004,,2004 43rd IEEE Conference on Decision and Control (CDC) (IEEE Cat. No.04CH37601),2,1896-1901 Vol.2,,88,3.9,10.1109/CDC.2004.1430324,https://doi.org/10.1109/CDC.2004.1430324,0.8500
Hua20b,Cross-Layer Coordinated Attacks on Cyber-Physical Systems: A LQG Game Framework with Controlled Observations,Yunhan Huang and Quanyan Zhu,2020,2020-12-04,2021 European Control Conference (ECC),,521-528,"This work establishes a game-theoretic framework to study cross-layer coordinated attacks on cyber-physical systems (CPSs). The attacker can interfere with the physical process and launch jamming attacks on the communication channels simultaneously. At the same time, the defender can dodge the jamming by dispensing with observations. The generic framework captures a wide variety of classic attack models on CPSs. Leveraging dynamic programming techniques, we fully characterize the Subgame Perfect Equilibrium (SPE) control strategies. We also derive the SPE observation and jamming strategies and provide efficient computational methods to compute them. The results demonstrate that the physical and cyber attacks are coordinated and depend on each other.On the one hand, the control strategies are linear in the state estimate, and the estimate error caused by jamming attacks will induce performance degradation. On the other hand, the interactions between the attacker and the defender in the physical layer significantly impact the observation and jamming strategies. Numerical examples illustrate the inter-actions between the defender and the attacker through their observation and jamming strategies.",11,2.0,10.23919/ecc54610.2021.9654874,https://doi.org/10.23919/ecc54610.2021.9654874,0.8500
Ahe21,"Unifying warfighting functions in mathematical modelling: combat, manoeuvre, and C2","Ryan Ahern, M. Zuparic, Keeley Hoek, and A. Kalloniatis",2021,2021-12-15,Journal of the Operational Research Society,73,2009 - 2027,"Abstract The outcomes of warfare have rarely only been characterised by the quantity and quality of individual combatant force elements. The ability to manoeuvre and adapt across force elements through effective Command and Control (C2) can allow smaller or weaker forces to overcome an adversary with greater resource and fire-power. In this paper, we combine the classic Lanchester combat model with the Kuramoto-Sakaguchi model for phase oscillators on a network to create a flexible Networked-Lanchester-C2 representation of force-on-force military engagement. The mathematical model thus unifies three of the military warfighting “functions”: fires, manoeuvre and C2. We consider three illustrative use-cases, and show that an analytical treatment of a reduced model characterises global effects in the full system. For inhomogeneous forces, we observe that with appropriate balance between internal organisational coupling, resource manoeuvrability and even weaker lethality, the force can be adaptive to overcome an initially stronger adversary.",13,2.9,10.1080/01605682.2021.1956379,https://doi.org/10.1080/01605682.2021.1956379,0.8500
Nak15,Hard limits on robust control over delayed and quantized communication channels with applications to sensorimotor control,"Yorie Nakahira, N. Matni, and J. Doyle",2015,2015-12-01,2015 54th IEEE Conference on Decision and Control (CDC),,7522-7529,"The modern view of the nervous system as layering distributed computation and communication for the purpose of sensorimotor control and homeostasis has much experimental evidence but little theoretical foundation, leaving unresolved the connection between diverse components and complex behavior. As a simple starting point, we address a fundamental tradeoff when robust control is done using communication with both delay and quantization error, which are both extremely heterogeneous and highly constrained in human and animal nervous systems. This yields surprisingly simple and tight analytic bounds with clear interpretations and insights regarding hard tradeoffs, optimal coding and control strategies, and their relationship with well known physiology and behavior. These results are similar to reasoning routinely used informally by experimentalists to explain their findings, but very different from those based on information theory and statistical physics (which have dominated theoretical neuroscience). The simple analytic results and their proofs extend to more general models at the expense of less insight and nontrivial (but still scalable) computation. They are also relevant, though less dramatically, to certain cyber-physical systems.",20,1.9,10.1109/CDC.2015.7403407,https://doi.org/10.1109/CDC.2015.7403407,0.8500
Gli09,Differential game with linear dynamics and multiple information delays,"V. Glizer, V. Turetsky, and J. Shinar",2009,2009-07-22,International Conference on Systems,,179-184,"A pursuit-evasion game with linear dynamics is considered. It is assumed that the pursuer receives the information on the state variables (the relative separation, the relative velocity and the evader lateral acceleration) with different time delays. By using the uncertainty set concept, this differential game is transformed to a new perfect information differential game with delayed dynamics. The solution of this game is derived in the classes of pure pursuer strategies and mixed evader strategies. Illustrative examples are presented.",7,0.4,,https://www.semanticscholar.org/paper/8d967d1a920fb52294c381ba2358ff09cd19a2b2,0.8500
Dzy72,Discrete differential games with information lag,G. T. Dzyubenko and B. N. Pshenichnyi,1972,,Cybernetics,8,947-952,,13,0.2,10.1007/BF01068518,https://doi.org/10.1007/BF01068518,0.8400
Kas84,A differential game of evasion with delays,B. Kaśkosz and T. Tadumadze,1984,1984-10-01,Journal of Optimization Theory and Applications,44,231-268,,4,0.1,10.1007/BF00935438,https://doi.org/10.1007/BF00935438,0.8400
Wal23,"Machine Cognition, Control and Embodiment on Landscapes of Fog, Friction and Selection",R. Wallace,2023,2023-03-17,J. Artif. Intell. Conscious.,10,149-180,"Real-world cognitive structures — embodied biological, machine or composite entities — are inherently unstable by virtue of the “topological information” imposed upon them by external circumstance, adversarial intent, and other persistent “selection pressures”. Consequently, under the Data Rate Theorem (DRT), they must be constantly controlled by embedding regulators. For example, blood pressure and the stream of consciousness require persistent delicate regulation in higher organisms. Here, using the Rate Distortion Theorem of information theory, we derive a form of the DRT of control theory that characterizes such instability for adiabatically stationary nonergodic systems and uncover novel forms of cognitive dynamics under stochastic challenge. These range from aperiodic stochastic amplification to Yerkes–Dodson signal transduction and outright system collapse. The analysis, deliberately closely adapted from recent purely biological studies, leads toward new statistical tools for data analysis, uncovering groupoid symmetry-breaking phase transition analogs to Fisher Zeros in physical systems that may be important for studies of machine intelligence under real-world, hence embodied, interaction. The challenges facing construction, operation, and stabilization of high-order “workspace” or “multiple-workspace” machine cognition, perhaps backed by rapid pattern-matching “emotional” AI, whether explicitly recognized as conscious or not, will require parallel construction of new analytic machinery. This work provides one example, solidly based on the asymptotic limit theorems of information and control theories.",0,,10.1142/s2705078522500199,https://doi.org/10.1142/s2705078522500199,0.8400
Gli09b,A linear differential game with bounded controls and two information delays,V. Glizer and V. Turetsky,2009,2009-03-01,Optimal Control Applications and Methods,30,,,15,0.9,10.1002/oca.850,https://doi.org/10.1002/oca.850,0.8400
Guo95,Exponential stability of general tracking algorithms,Lei Guo and L. Ljung,1995,1995-08-01,IEEE Trans. Autom. Control.,40,1376-1387,"Tracking and adaptation algorithms are, from a formal point of view, nonlinear systems which depend on stochastic variables in a fairly complicated way. The analysis of such algorithms is thus quite complicated. A first step is to establish the exponential stability of these systems. This is of interest in its own right and a prerequisite for the practical use of the algorithm. It is also a necessary starting point to analyze the performance in terms of tracking and adaptation because that is how close the estimated parameters are to the time-varying true ones. In this paper we establish some general conditions for the exponential stability of a wide and common class of tracking algorithms. This includes least mean squares, recursive least squares, and Kalman filter based adaptation algorithms. We show how stability of an averaged (linear and deterministic) equation and stability of the actual algorithm are linked to each other under weak conditions on the involved stochastic processes. We also give explicit conditions for exponential stability of the most common algorithms. The tracking performance of the algorithms is studied in a companion paper. >",77,2.5,10.1109/9.402229,https://doi.org/10.1109/9.402229,0.8300
Kal14d,"The J-Staff System, Network Synchronisation and Noise",A. Kalloniatis and M. Zuparic,2014,2014-06-01,,,,"Abstract : In [Kalloniatis 2008, 2012] one of us proposed a new mathematical model for networked Command and Control (C2) systems whose elements are engaged in iterative cycling through continuous Observe-Orient-Decide-Act (OODA) loops [Boyd 1987]. This proposal draws upon the well-known Kuramoto model in the mathematical complex systems literature that displays the phenomenon of self-synchronisation . Given the significance of that term in the drive to network-enable military forces through this past decade, its application to Network Centric Warfare (NCW) seemed an obvious thing to undertake; curiously, such an application was missing in the C2 literature until recent years. As some C2 researchers have pointed out, including Boyd [1987], the adversary is often neglected when analysing a C2 system and this was the main motivation in [Kalloniatis 2008, 2012] in adapting the Kuramoto model to the case of two rival C2 systems, which has been termed the Boyd-Kuramoto Model . In this paper we use the Kuramoto model in a spirit closer to its recent use elsewhere in the C2 community [Dekker 2007, van der Wal 2010, Dekker 2011] for a single system engaged in some aspect of an internal process (choosing from options in Dekker and sensor fusion in van der Wal). Specifically, we shall give a proof of concept that the Kuramoto model can be applied to traditionally structured J-staff military headquarters to test whether the different time-frames of planners (J5) and operators (J3) challenge synchronisation within the many supporting branches, such as Personnel (J1), Intelligence (J2), Logistics (J4) and Communications (J6).",1,0.1,,https://www.semanticscholar.org/paper/4e0879dccbc1e16da6654d167ad28400546d70b1,0.8200
Wal19,"Cognitive instabilities under contention, friction, and the fog-of-war challenge the AI revolution",R. Wallace,2019,2019-11-03,Connection Science,32,264 - 279,"The asymptotic limit theorems of information theory, and related formalism from punctuated equilibrium evolutionary theory, allow exploration of the dynamics of real-time, multi-component, hierarchical, cognitive enterprises – institutional, machine, or man/machine hybrid – under constraints of time, material resources, internal communication, situational awareness, and adversarial intent. Surprisingly direct argument shows such enterprises can almost always be confounded by an opponent with comparatively limited resources, provided it has sufficient situational understanding, adaptive capacity, and resolve. Consequently, there can be no free lunch for AI combat systems, driverless cars on intelligent roads, or other such entities, tasked with the control of real-time critical processes. Intelligent adversaries, resource limitations, “design flaws”, inattentional blindness, command stupidity, coevolutionary dynamics, and the like confront all real-time, multi-component cognitive processes. AI systems will not be spared simply by being labelled “high tech” in marketing campaigns.",2,0.3,10.1080/09540091.2019.1684441,https://doi.org/10.1080/09540091.2019.1684441,0.8200
Gat18,Latency-Reliability Tradeoffs for State Estimation,"Konstantinos Gatsis, Hamed Hassani, and George Pappas",2018,2018-10-28,IEEE Transactions on Automatic Control,66,1009-1023,"The emerging interest in low-latency high-reliability applications, such as connected vehicles, necessitates a new abstraction between communication and control. Thanks to advances in cyber-physical systems over the past decades, we understand this interface for classical bit-rate models of channels as well as packet-loss-type channels. This article proposes a new abstraction characterized as a tradeoff curve between latency, reliability, and rate. Our aim is to understand—do we (control engineers) prefer faster but less reliable communications (with shorter codes), or slower but more reliable communications (with longer codes)? In this article, we examine the tradeoffs between latency and reliability for the problem of estimating dynamical systems over communication channels. Employing different latency-reliability curves derived from practical coding schemes, we develop a cross-layer design methodology, i.e., select the code length depending on the system dynamics to optimize system performance.",25,3.3,10.1109/TAC.2020.2992563,https://doi.org/10.1109/TAC.2020.2992563,0.8000
Per07b,Minimal data rate stabilization of nonlinear systems over networks with large delays,C. D. Persis,2007,2007-04-16,"2007 5th International Symposium on Modeling and Optimization in Mobile, Ad Hoc and Wireless Networks and Workshops",,1-9,"We consider the problem of designing encoders, decoders and controllers which stabilize feed forward nonlinear systems over a communication network with finite bandwidth and large delay. The control scheme guarantees minimal data-rate semi-global asymptotic and local exponential stabilization of the closed-loop system. The analysis rests on the stability properties of a class of cascade impulsive time-delay systems.",233,12,10.1109/WIOPT.2007.4480114,https://doi.org/10.1109/WIOPT.2007.4480114,0.8000
Kho18f,Event-triggered stabilization of disturbed linear systems over digital channels,"M. J. Khojasteh, Mojtaba Hedayatpour, J. Cortés, and M. Franceschetti",2018,2018-01-26,2018 52nd Annual Conference on Information Sciences and Systems (CISS),,1-6,"We present an event-triggered control strategy for stabilizing a scalar, continuous-time, time-invariant, linear system over a digital communication channel having bounded delay, and in the presence of bounded system disturbance. We propose an encoding-decoding scheme, and determine lower bounds on the packet size and on the information transmission rate which are sufficient for stabilization. We show that for small values of the delay, the timing information implicit in the triggering events is enough to stabilize the system with any positive rate. In contrast, when the delay increases beyond a critical threshold, the timing information alone is not enough to stabilize the system and the transmission rate begins to increase. Finally, large values of the delay require transmission rates higher than what prescribed by the classic data-rate theorem. The results are numerically validated using a linearized model of an inverted pendulum.",12,1.4,10.1109/CISS.2018.8362261,https://doi.org/10.1109/CISS.2018.8362261,0.8000
Gun89,Frequency domain tracking characteristics of adaptive algorithms,S. Gunnarsson and L. Ljung,1989,1989-07-01,IEEE Trans. Acoust. Speech Signal Process.,37,1072-1089,"The problem of tracking time-varying linear systems is discussed. The focus is on the model quality in terms of the mean square error (MSE) between the true (momentary) transfer function and the estimated one. This MSE is thus a function of frequency. The exact expression for the MSE is complicated, but simple expressions that are asymptotic in the model order are developed for model structures of finite impulse response (FIR) character. Simulations verify that these simple expressions are quite reliable and insightful even for moderate model orders. Expressions are developed for three basic adaptation algorithms (recursive identification algorithms), viz. the least-mean-squares algorithm, the recursive least-squares algorithm with exponential forgetting, and a tracking algorithm based on the Kalman filter. The results apply both to slowly time-varying systems and to the model recovery after an abrupt change in the system dynamics. >",66,1.8,10.1109/29.32284,https://doi.org/10.1109/29.32284,0.8000
Tso97,Limited capacity of any realizable perceptual system is a sufficient reason for attentive behavior.,John Tsotsos,1997,,Consciousness and cognition,6 2-3,"'
          429-36
        ",,0,,,https://www.semanticscholar.org/paper/af165aca23a983810e35a51f8f7a62f891a4afb3,0.8000
Sah06d,Why block length and delay behave differently if feedback is present,Anant Sahai,2006,2006-10-24,arXiv: Information Theory,,,"For output-symmetric DMCs at even moderately high rates, fixed-block-length communication systems show no improvements in their error exponents with feedback. In this paper, we study systems with fixed end-to-end delay and show that feedback generally provides dramatic gains in the error exponents. 
A new upper bound (the uncertainty-focusing bound) is given on the probability of symbol error in a fixed-delay communication system with feedback. This bound turns out to have a similar form to Viterbi's bound used for the block error probability of convolutional codes as a function of the fixed constraint length. The uncertainty-focusing bound is shown to be asymptotically achievable with noiseless feedback for erasure channels as well as any output-symmetric DMC that has strictly positive zero-error capacity. Furthermore, it can be achieved in a delay-universal (anytime) fashion even if the feedback itself is delayed by a small amount. Finally, it is shown that for end-to-end delay, it is generally possible at high rates to beat the sphere-packing bound for general DMCs -- thereby providing a counterexample to a conjecture of Pinsker.",95,4.9,,https://www.semanticscholar.org/paper/d19116b8a413cb5002fe8263a6c7361f12c649ba,0.8000
Che10b,Optimal Intercept Missile Guidance Strategies with Autopilot Lag,"Robert H. Chen, J. Speyer, and D. Lianos",2010,2010-08-02,Journal of Guidance Control and Dynamics,33,1264-1272,"In the linear-quadratic pursuit-evasion game, the pursuer (interceptor) wishes to minimize the terminal miss, whereas the evader (target) wishes to maximize it. Therefore, the optimal strategy of the interceptor is derived against the anticipated worst possible strategy of the target. If the interceptor has a lag, the current approach is to include this lag directly in the system dynamics, which are known to both players. In this problem formulation, the optimal cost could easily go to infinity, which means that the target will win the game. This is expected, because the target has knowledge about interceptor's lag. To ensure the existence of an interceptor strategy, the weighting on the terminal miss has to be chosen small enough so that the optimal cost will remain finite. However, this manipulation prevents the target from maximizing the terminal miss and effectively constrains the target strategy. Therefore, the interceptor strategy is derived against the worst-case target strategy that is not really the worst case. In this paper, it is shown that this interceptor strategy performs poorly in realistic situations where the target tries to maximize the terminal miss. Instead, two new interceptor strategies are derived against target strategies that are determined without knowledge about the interceptor's lag. These two optimal interceptor strategies improve the game-theoretic guidance law for homing missiles by correctly taking into account the autopilot lag.",32,2.0,10.2514/1.44618,https://doi.org/10.2514/1.44618,0.8000
Ort11c,"Information, Utility & Bounded Rationality",Pedro A. Ortega and Daniel A. Braun,2011,2011-07-28,ArXiv,abs/1107.5766,,"Perfectly rational decision-makers maximize expected utility, but crucially ignore the resource costs incurred when determining optimal actions. Here we employ an axiomatic framework for bounded rational decision-making based on a thermodynamic interpretation of resource costs as information costs. This leads to a variational ""free utility"" principle akin to thermodynamical free energy that trades off utility and information costs. We show that bounded optimal control solutions can be derived from this variational principle, which leads in general to stochastic policies. Furthermore, we show that risk-sensitive and robust (minimax) control schemes fall out naturally from this framework if the environment is considered as a bounded rational and perfectly rational opponent, respectively. When resource costs are ignored, the maximum expected utility principle is recovered.",3,0.2,,https://www.semanticscholar.org/paper/16796761ccbeeff3b9368f5e2ad6cdb5238eaedf,0.8000
Sun17,Optimal Sampling and Remote Estimation of the Wiener Process over a Channel with Random Delay,"Yin Sun, Yury Polyanskiy, and E. Uysal-Biyikoglu",2017,2017-07-09,ArXiv,abs/1707.02531,,"In this paper, we consider a sampling and remote estimation problem, where samples of a Wiener process are forwarded to a remote estimator via a channel with queueing and random delay. The estimator reconstructs an estimate of the real-time signal value from causally received samples. We obtain the jointly optimal sampling and estimation strategy that minimizes the mean-square estimation error subject to a maximum sampling rate constraint. We prove that a threshold-based sampler and a minimum mean-square error (MMSE) estimator are jointly optimal, and the optimal threshold is found exactly. Our jointly optimal solution exhibits an interesting coupling between the source and channel, which is different from the source-channel separation in many previous information theoretical studies. If the sampling times are independent of the observed Wiener process, the joint sampling and estimation optimization problem reduces to an age-of-information optimization problem that has been recently solved. Our theoretical and numerical comparisons show that the estimation error of the optimal sampling policy can be much smaller than those of age-optimal sampling, zero-wait sampling, and classic periodic sampling.",75,8.5,,https://www.semanticscholar.org/paper/d97aa59fa72b851c651ad2e8ad92c1eb6bf66efe,0.8000
Sin82b,Nonlinear zero-sum differential game analysis by singular perturbation methods,J. Sinar. and N. Farber,1982,1982-07-01,,,,"A class of nonlinear, zero-sum differential games, exhibiting time-scale separation properties, can be analyzed by singular-perturbation techniques. The merits of such an analysis, leading to an approximate game solution, as well as the 'well-posedness' of the formulation, are discussed. This approach is shown to be attractive for investigating pursuit-evasion problems; the original multidimensional differential game is decomposed to a 'simple pursuit' (free-stream) game and two independent (boundary-layer) optimal-control problems. Using multiple time-scale boundary-layer models results in a pair of uniformly valid zero-order composite feedback strategies. The dependence of suboptimal strategies on relative geometry and own-state measurements is demonstrated by a three dimensional, constant-speed example. For game analysis with realistic vehicle dynamics, the technique of forced singular perturbations and a variable modeling approach is proposed. Accuracy of the analysis is evaluated by comparison with the numerical solution of a time-optimal, variable-speed 'game of two cars' in the horizontal plane.",1,0.0,,https://www.semanticscholar.org/paper/0c3847d105c2f024444696569e7ab322fed0f747,0.8000
Rou04,The M-OODA: A Model Incorporating Control Functions And Teamwork In The OODA Loop.,R. Rousseau and R. Breton,2004,,,,,"The objective of the present paper is to present a modified version of the OODA loop, the M-OODA. For the OODA loop to remain a useful tool in the context of documents defining the armed forces doctrine on C2, any modification has to keep explicit the high-level representation typical of the OODA loop, while accommodating dynamic and control concepts. The M-OODA incorporates explicit control and flow components more in line with the current understanding of military C2. It is based on a modular structure in which a module operates as a simple control system. A module is a task-goal directed activity formed of three components. Next, a number of modules are structured in an OODA loop fashion and interconnected by feed-forward and feedback loops. Then, the model is adapted to a multi-tiered decision making process. Finally, an illustration of the M-OODA applied to teamwork in a C2 context is provided. The M-OODA model provides a compromise between that high level view of C2 decision-making, valued in military documents, and an expansion accommodating the basic C2 functions on information handling, processing, and communicating and the coordination and direction function in C2.",21,0.9,,https://www.semanticscholar.org/paper/8203413eac09b6d0fa3b5e99215c3152252ab214,0.8000
Guo94,Performance analysis of general tracking algorithms,Lei Guo and L. Ljung,1994,1994-12-14,Proceedings of 1994 33rd IEEE Conference on Decision and Control,3,2851-2855 vol.3,,157,5.0,10.1109/CDC.1994.411366,https://doi.org/10.1109/CDC.1994.411366,0.7900
Lju90,Adaptation and tracking in system identification - A survey,L. Ljung and S. Gunnarsson,1990,1990-03-01,Autom.,26,7-21,,447,12,10.1016/0005-1098(90)90154-A,https://doi.org/10.1016/0005-1098(90)90154-A,0.7800
Del95,Asymptotical Study of Parameter Tracking Algorithms,B. Delyon and A. Juditsky,1995,1995-01-02,Siam Journal on Control and Optimization,33,323-345,This paper addresses the problem of tracking random drifting parameters of a linear regression system. The asymptotic properties of several estimation algorithms in the limit of slow drift are studied. The basic tool is the central limit theorem for a class of stochastic difference equations established under weak conditions on disturbances and observations. The estimates of the rate of convergence obtained in the paper allow the asymptotically optimal algorithms to be developed.,13,0.4,10.1137/S0363012992238953,https://doi.org/10.1137/S0363012992238953,0.7800
Ewe90b,Optimum step size of sign algorithm for nonstationary adaptive filtering,E. Eweda,1990,1990-11-01,IEEE Trans. Acoust. Speech Signal Process.,38,1897-1901,"The adaptive filtering sign algorithm is analyzed in the case of nonstationary and correlated data. The excess time average absolute estimation error (EAAE) is used as a performance index of the algorithm. It is proved that the EAAE is the sum of two terms: one proportional to the algorithm step size mu and the other proportional to 1/ mu . The optimum step size that minimizes the EAAE is found equal to square root Q/P, with Q being the power of fluctuations of the optimal filter weights, and P being the power of filter input. This formula is derived under the assumption that increments of optimal filter weights are white. Computer simulations are used to examine the validity of the formula for other models of variation of the optimal filter. Simulation results show a good fit with the obtained optimum step size formula. >",26,0.7,10.1109/29.103091,https://doi.org/10.1109/29.103091,0.7800
Kum18b,Non-asymptotic error bounds for constant stepsize stochastic approximation for tracking mobile agents,"Bhumesh Kumar, V. Borkar, and A. Shetty",2018,2018-02-21,"Mathematics of Control, Signals, and Systems",31,589 - 614,"This work revisits the constant stepsize stochastic approximation algorithm for tracking a slowly moving target and obtains a bound for the tracking error that is valid for the entire time axis, using the Alekseev nonlinear variation of constants formula. It is the first non-asymptotic bound for the entire time axis in the sense that it is not based on the vanishing stepsize limit and associated limit theorems unlike prior works, and captures clearly the dependence on problem parameters and the dimension.",4,0.5,10.1007/s00498-019-00249-4,https://doi.org/10.1007/s00498-019-00249-4,0.7600
Bal21b,Can Decentralized Control Outperform Centralized? The Role of Communication Latency,"Luca Ballotta, M. Jovanovi'c, and L. Schenato",2021,2021-09-01,IEEE Transactions on Control of Network Systems,10,1629-1640,"In this article, we examine the influence of communication latency on performance of networked control systems. Even though distributed control architectures offer advantages in terms of communication, maintenance costs, and scalability, it is an open question how communication latency that varies with network topology influences closed-loop performance. For networks in which delays increase with the number of links, we establish the existence of a fundamental performance tradeoff that arises from control architecture. In particular, we utilize consensus dynamics with single- and double-integrator agents to show that, if delays increase fast enough, a sparse controller with nearest neighbor interactions can outperform the centralized one with all-to-all communication topology.",15,3.2,10.1109/TCNS.2023.3237483,https://doi.org/10.1109/TCNS.2023.3237483,0.7500
Bel13,Online Tracking of a Predictable Drifting Parameter of a Time Series,E. Belitser and P. Serra,2013,2013-06-03,arXiv: Statistics Theory,,,"We propose an online algorithm for tracking a multidimensional time-varying parameter of a time series, which is also allowed to be a predictable process with respect to the underlying time series. The algorithm is driven by a gain function. Under assumptions on the gain, we derive uniform non-asymptotic error bounds on the tracking algorithm in terms of chosen step size for the algorithm and the variation of the parameter of interest. We also outline how appropriate gain functions can be constructed. We give several examples of different variational setups for the parameter process where our result can be applied. The proposed approach covers many frameworks and models (including the classical Robbins-Monro and Kiefer-Wolfowitz procedures) where stochastic approximation algorithms comprise the main inference tool for the data analysis. We treat in some detail a couple of specific models.",0,,,https://www.semanticscholar.org/paper/919a5c120e03f22a0f57c5c2e268525a0799ccd3,0.7500
Vla20,Tracking Performance of Online Stochastic Learners,"Stefan Vlaski, Elsa Rizk, and A. H. Sayed",2020,2020-04-04,IEEE Signal Processing Letters,27,1385-1389,"The utilization of online stochastic algorithms is popular in large-scale learning settings due to their ability to compute updates on the fly, without the need to store and process data in large batches. When a constant step-size is used, these algorithms also have the ability to adapt to drifts in problem parameters, such as data or model properties, and track the optimal solution with reasonable accuracy. Building on analogies with the study of adaptive filters, we establish a link between steady-state performance derived under stationarity assumptions and the tracking performance of online learners under random walk models. The link allows us to infer the tracking performance from steady-state expressions directly and almost by inspection.",3,0.5,10.1109/LSP.2020.3013775,https://doi.org/10.1109/LSP.2020.3013775,0.7500
Ums21,On the confidentiality of the reference signal under sensor attacks,David Umsonst and H. Sandberg,2021,2021-12-14,2021 60th IEEE Conference on Decision and Control (CDC),,3468-3473,"In this paper, we investigate the confidentiality of the reference signal of a feedback system under sensor attacks. In particular, we analyze the conditions for when an attacker with perfect model knowledge and access to the sensor measurements can obtain an unbiased estimate of the reference signal in a feedback control system such that the estimate’s error covariance converges to zero. We call such an estimate a perfect estimate. Under the assumption of linear dynamics for the plant, the controller, and the reference signal, we show that the attacker can perfectly estimate the reference signal if and only if the reference dynamics do not have eigenvalues outside the unit circle. This implies that an attacker is able to perfectly estimate common reference signals such as step functions and sinusoidal signals from noisy measurements. The convergence rate of the estimate is, however, not exponentially fast for common reference signals and depends on the reference signal to be estimated as well as the controller used. We verify our results numerically with a simulation of a three-tank system.",1,0.2,10.1109/CDC45484.2021.9683766,https://doi.org/10.1109/CDC45484.2021.9683766,0.7500
Yav87,Pursuit-evasion differential games with deception or interrupted observation,Y. Yavin,1987,,Computers & Mathematics With Applications,13,191-203,,23,0.6,10.1016/0898-1221(87)90104-0,https://doi.org/10.1016/0898-1221(87)90104-0,0.7500
Ber88b,Saddle point conditions for a class of stochastic dynamical games with imperfect information,P. Bernhard and A. Colomb,1988,,IEEE Transactions on Automatic Control,33,98-101,"Nonlinear dynamical games are considered in which one player has full (causal) information on the state and the opponent's measurements and control, while the other one only has partial, possibly noise-corrupted, state information. A dynamic-programming-like algorithm in an extended space is given that, when successful, yields, a saddle point, usually in mixed strategies. This result is used to provide an equilibrium in safe strategies for the case in which both players are restricted to imperfect state information. >",12,0.3,10.1109/9.367,https://doi.org/10.1109/9.367,0.7500
Shi06b,New Approach to Improve the Accuracy in Delayed Information Pursuit-Evasion Games,J. Shinar and V. Glizer,2006,,,,65-103,,9,0.4,10.1007/0-8176-4501-2_4,https://doi.org/10.1007/0-8176-4501-2_4,0.7500
Mai17,Linear Quadratic Stochastic Differential Games under Asymmetric Value of Information,Dipankar Maity and J. Baras,2017,2017-07-01,IFAC-PapersOnLine,50,8957-8962,"Abstract This paper considers a variant of two-player linear quadratic stochastic differential games. In this framework, none of the players has access to the state observations for all the time, which restricts the possibility of continuous feedback strategies. However, they can observe the state intermittently at discrete time instances by paying some finite cost. Having on demand costly measurements ensure that open-loop strategy is not the only strategy for this game. The individual cost functions for each player explicitly incorporate the value of information and the asymmetry that comes along with different costs of state observation for different players. We study the structural properties of the Nash equilibrium for this particular class of problems when the cost of observation is finite and positive. We show that the game problem simplifies into two decoupled game problems: one for deciding the control strategies, and the other for deciding the observation acquisition times. The study also reveals that under two extreme cases -cost of observation being 0 or ∞- the strategies coincide with feedback and open-loop strategies respectively.",7,0.8,10.1016/J.IFACOL.2017.08.1320,https://doi.org/10.1016/J.IFACOL.2017.08.1320,0.7500
Shi14b,Solution of a singular Zero-Sum Linear-quadratic differential Game by Regularization,"J. Shinar, V. Glizer, and V. Turetsky",2014,2014-04-03,IGTR,16,,"A linear-quadratic zero-sum singular differential game, where the cost functional does not contain the minimizer's control cost, is considered. Due to the singularity, the game cannot be solved either by applying the MinMax principle of Isaacs, or by using the Bellman–Isaacs equation method. In this paper, the solution of the singular game is obtained by using an auxiliary differential game with the same equation of dynamics and with a similar cost functional augmented by an integral of the square of the minimizer's control multiplied by a small positive weighting coefficient. This auxiliary game is a regular cheap control zero-sum differential game. For the analysis of such a cheap control differential game, in the present paper a singular perturbation technique is applied. Based on this analysis, the minimizing control sequence and the maximizer's optimal strategy in the original (singular) game are derived. Moreover, the existence of the value of the original game is established and its expression is derived. The solution is illustrated by an interception example.",15,1.2,10.1142/S0219198914400076,https://doi.org/10.1142/S0219198914400076,0.7400
Has12,Sign-error adaptive filtering algorithms involving Markovian parameters,"Araz Hashemi, George Yin, and L. Wang",2012,2012-12-20,Mathematical Control and Related Fields,5,781-806,"Motivated by reduction of computational complexity, 
this work develops sign-error adaptive filtering algorithms for estimating 
randomly time-varying 
system 
parameters. 
Different from the existing work on sign-error algorithms, 
the parameters are time-varying and their dynamics are modeled by a discrete-time 
Markov chain. 
Another distinctive feature of the algorithms is the 
multi-time-scale framework for characterizing parameter variations and algorithm updating speeds. 
This is realized by considering the stepsize of the estimation algorithms and 
a scaling parameter that defines the transition rate of the Markov 
jump process. Depending on the relative time scales of these two processes, suitably scaled sequences 
of the estimates 
are shown to converge to either an 
ordinary differential equation, or a set of ordinary differential equations modulated by random switching, or 
 a stochastic differential equation, 
or stochastic differential equations with random switching. Using weak convergence methods, convergence and rates of convergence of the algorithms 
are obtained for all these cases. Simulation results are provided for demonstration.",0,,10.3934/mcrf.2015.5.781,https://doi.org/10.3934/mcrf.2015.5.781,0.7200
Tur05,Continuous Feedback Control Strategy with Maximal Capture Zone in a Class of Pursuit Games,V. Turetsky and V. Glizer,2005,2005-03-01,IGTR,7,1-24,"An interception problem of a highly maneuverable target is considered using a linearized kinematical model with first order acceleration dynamics of the interceptor and the target. The problem is interpreted as a differential game of pursuit. An admissible pursuer (interceptor) feedback strategy, continuous with respect to the state variables and having a maximal capture zone, is constructed. This strategy is the saturated version of a linear feedback control, obtained from the solution of an auxiliary linear-quadratic differential game with cheap controls. This strategy is evaluated by Monte-Carlo simulation of the interception with noisy measurements.",28,1.3,10.1142/S0219198905000375,https://doi.org/10.1142/S0219198905000375,0.7200
Wit71b,"On Information Structures, Feedback and Causality",H. Witsenhausen,1971,1971-05-01,Siam Journal on Control,9,149-160,"A finite number of decisions, indexed by $\alpha \in A$, are to be taken. Each decision amounts to selecting a point in a measurable space $(U_\alpha ,\mathcal{F}_\alpha )$. Each decision is based on some information fed back from the system and characterized by a subfield $\mathcal{J}_\alpha $ of the product space $(\prod _\alpha U_\alpha ,\prod _\alpha \mathcal{F}_\alpha )$. The decision function for each $\alpha $ can be any function $\gamma _\alpha $ measurable from $\mathcal{J}_\alpha $ to $\mathcal{F}_\alpha $.A property of the $\{ \mathcal{J}_\alpha \} _{\alpha \in A} $ is defined which assures that the setup has a causal interpretation. This property implies that for any combination of choices of the $\gamma _\alpha $, the closed loop equations have a unique solution.The converse implication is false, when card $A > 2$.",145,2.6,10.1137/0309013,https://doi.org/10.1137/0309013,0.7000
Ho80,Team decision theory and information structures,Yu-Chi Ho,1980,,Proceedings of the IEEE,68,644-654,,228,4.9,10.1109/proc.1980.11718,https://doi.org/10.1109/proc.1980.11718,0.7000
Ols77,On observation costs and information structures in stochastic differential games,G. Olsder,1977,,,,172-185,,7,0.1,10.1007/BFB0009070,https://doi.org/10.1007/BFB0009070,0.7000
Woh81,Force Management Decision Requirements for Air Force Tactical Command and Control,J. Wohl,1981,1981-09-01,"IEEE Transactions on Systems, Man, and Cybernetics",11,618-639,,156,3.5,10.1109/TSMC.1981.4308760,https://doi.org/10.1109/TSMC.1981.4308760,0.7000
Boy05,Organic Design for Command and Control,J. Boyd,2005,,,,,,148,6.9,,https://www.semanticscholar.org/paper/8a98868773b673d95430e0895eb67f29b4ff7f3b,0.7000
Hec80,Predictive guidance for interceptors with time lag in acceleration,C. Hecht and A. Troesch,1980,1980-04-01,IEEE Transactions on Automatic Control,25,270-274,"Predictive guidance equations for systems with time delays are developed using optimal control theory to obtain interceptor steering gains. The time response of the interceptor is approximated by a linear first-order time lag, and the optimal steering gain is evaluated using a quadratic penalty function. The optimal control for interception is determined to be a linear function of the predicted position error and the acceleration error. Computer simulations demonstrate a significant improvement of interceptor performance.",6,0.1,10.1109/TAC.1980.1102289,https://doi.org/10.1109/TAC.1980.1102289,0.7000
Sto68,Trajectory shaping for the minimization of state-variable estimation errors,D. V. Stoep,1968,1968-06-01,IEEE Transactions on Automatic Control,13,884-891,A technique is devised for synthesizing nonlinear controls that optimally shape nominal trajectories with respect to state-variable estimation errors propagating along the nominal trajectory. Both the nonlinear process and the observations upon which the estimation is based are corrupted by Gaussian white noise. A numerical example is presented that demonstrates the pronounced coupling effect of the nominal trajectory upon the propagation of state-variable estimation errors. Numerous practical implications of this work are cited.,11,0.2,10.1109/JACC.1968.4169156,https://doi.org/10.1109/JACC.1968.4169156,0.7000
