Cite Key,Title,Authors,Year,Publication Date,Journal,Volume,Pages,Abstract,Citation Count,Citations/Year,DOI,URL,Relevance Score
Nag16,Episodic memory as a prerequisite for online updates of model structure,D. G. Nagy and G. Orbán,2016,,Cognitive Science,,,"Human learning in complex environments critically depends on the ability to perform model selection, that is to assess competing hypotheses about the structure of the environment. Importantly, information is accumulated continuously, which necessitates an online process for model selection. While model selection in human learning has been explored extensively, it is unclear how memory systems support learning in an online setting. We formulate a semantic learner and demonstrate that online learning on open model spaces results in a delicate choice between either tracking a possibly infinite number of competing models or retaining experiences in an intact form. Since none of these choices is feasible for a bounded-resource memory system, we propose an episodic learner that retains an optimised subset of experiences in addition to semantic memory. On a simple model system we demonstrate that this normative theory of episodic memory can effectively circumvent the challenge of online model selection.",10,1.0,,https://www.semanticscholar.org/paper/b0c205c6655e8ab97bbc4ba0dc55ac40218ba830,3.4000
Pen22b,"Continual learning: a feature extraction formalization, an efficient algorithm, and fundamental obstructions",Binghui Peng and Andrej Risteski,2022,2022-03-27,ArXiv,abs/2203.14383,,"Continual learning is an emerging paradigm in machine learning, wherein a model is exposed in an online fashion to data from multiple different distributions (i.e. environments), and is expected to adapt to the distribution change. Precisely, the goal is to perform well in the new environment, while simultaneously retaining the performance on the previous environments (i.e. avoid""catastrophic forgetting"") -- without increasing the size of the model. While this setup has enjoyed a lot of attention in the applied community, there hasn't be theoretical work that even formalizes the desired guarantees. In this paper, we propose a framework for continual learning through the framework of feature extraction -- namely, one in which features, as well as a classifier, are being trained with each environment. When the features are linear, we design an efficient gradient-based algorithm $\mathsf{DPGD}$, that is guaranteed to perform well on the current environment, as well as avoid catastrophic forgetting. In the general case, when the features are non-linear, we show such an algorithm cannot exist, whether efficient or not.",14,3.4,10.48550/arXiv.2203.14383,https://doi.org/10.48550/arXiv.2203.14383,3.2000
Pen00,"Continual learning: a feature extraction formalization, an efﬁcient algorithm, and barriers",Binghui Peng and Andrej Risteski,,,,,,"Continual learning is an emerging paradigm in machine learning, wherein a model is exposed in an online fashion to data from multiple different distributions (i.e. environments), and is expected to adapt to the distribution change. Precisely, the goal is to perform well in the new environment, while simultaneously retaining the performance on the previous environments (i.e. avoid “catastrophic forgetting”). While this setup has enjoyed a lot of attention in the applied community, there hasn’t be theoretical work that even formalizes the desired guarantees. In this paper, we propose a framework for continual learning through the framework of feature extraction—namely, one in which features, as well as a classiﬁer, are being trained with each environment. When the features are linear, we design an efﬁcient gradient-based algorithm DPGrad , that is guaranteed to perform well on the current environment, as well as avoid catastrophic forgetting. In the general case, when the features are non-linear, we show such an algorithm cannot exist, whether efﬁcient or not.",0,,,https://www.semanticscholar.org/paper/961aa0a0cd41b92aeaf82006d91b18bc1ae84114,3.0000
Che22e,Memory Bounds for Continual Learning,"Xi Chen, Christos Papadimitriou, and Binghui Peng",2022,2022-04-22,2022 IEEE 63rd Annual Symposium on Foundations of Computer Science (FOCS),,519-530,"Continual learning, or lifelong learning, is a formidable current challenge to machine learning. It requires the learner to solve a sequence of k different learning tasks, one after the other, while retaining its aptitude for earlier tasks; the continual learner should scale better than the obvious solution of developing and maintaining a separate learner for each of the k tasks. We embark on a complexity-theoretic study of continual learning in the PAC framework. We make novel uses of communication complexity to establish that any continual learner, even an improper one, needs memory that grows linearly with k, strongly suggesting that the problem is intractable. When logarithmically many passes over the learning tasks are allowed, we provide an algorithm based on multiplicative weights update whose memory requirement scales well; we also establish that improper learning is necessary for such performance. We conjecture that these results may lead to new promising approaches to continual learning.",26,6.4,10.1109/FOCS54457.2022.00056,https://doi.org/10.1109/FOCS54457.2022.00056,2.9000
Sha99,"Computational Mechanics: Pattern and Prediction, Structure and Simplicity",C. Shalizi and J. Crutchfield,1999,1999-07-01,Journal of Statistical Physics,104,817-879,"Computational mechanics, an approach to structural complexity, defines a process's causal states and gives a procedure for finding them. We show that the causal-state representation—an ∈-machine—is the minimal one consistent with accurate prediction. We establish several results on ∈-machine optimality and uniqueness and on how ∈-machines compare to alternative representations. Further results relate measures of randomness and structural complexity obtained from ∈-machines to those from ergodic and information theories.",523,19,10.1023/A:1010388907793,https://doi.org/10.1023/A:1010388907793,2.8000
Sha04,Blind Construction of Optimal Nonlinear Recursive Predictors for Discrete Sequences,C. Shalizi and Kristina Lisa Shalizi,2004,2004-06-06,Conference on Uncertainty in Artificial Intelligence,,504-511,"We present a new method for nonlinear prediction of discrete random sequences under minimal structural assumptions. We give a mathematical construction for optimal predictors of such processes, in the form of hidden Markov models. We then describe an algorithm, CSSR (Causal-State Splitting Reconstruction), which approximates the ideal predictor from data. We discuss the reliability of CSSR, its data requirements, and its performance in simulations. Finally, we compare our approach to existing methods using variable-length Markov models and cross-validated hidden Markov models, and show theoretically and experimentally that our method delivers results superior to the former and at least comparable to the latter.",199,9.1,,https://www.semanticscholar.org/paper/da820634f29f02e10c117fa84857753ded8f0204,2.5000
Ris83b,A UNIVERSAL PRIOR FOR INTEGERS AND ESTIMATION BY MINIMUM DESCRIPTION LENGTH,J. Rissanen,1983,1983-06-01,Annals of Statistics,11,416-431,"of the number of bits required to write down the observed data, has been reformulated to extend the classical maximum likelihood principle. The principle permits estimation of the number of the parameters in statistical models in addition to their values and even of the way the parameters appear in the models; i.e., of the model structures. The principle rests on a new way to interpret and construct a universal prior distribution for the integers, which makes sense even when the parameter is an individual object. Truncated realvalued parameters are converted to integers by dividing them by their precision, and their prior is determined from the universal prior for the integers by optimizing the precision. 1. Introduction. In this paper we study estimation based upon the principle of minimizing the total number of binary digits required to rewrite the observed data, when each observation is given with some precision. Instead of attempting at an absolutely shortest description, which would be futile, we look for the optimum relative to a class of parametrically given distributions. This Minimum Description Length (MDL) principle, which we introduced in a less comprehensive form in [25], turns out to degenerate to the more familiar Maximum Likelihood (ML) principle in case the number of parameters in the models is fixed, so that the description length of the parameters themselves can be ignored. In another extreme case, where the parameters determine the data, it similarly degenerates to Jaynes's principle of maximum entropy, [14]. But the main power of the new criterion is that it permits estimates of the entire model, its parameters, their number, and even the way the parameters appear in the model; i.e., the model structure. Hence, there will be no need to supplement the estimated parameters with a separate hypothesis test to decide whether a model is adequately parameterized or, perhaps, over parameterized.",1911,44,10.1214/AOS/1176346150,https://doi.org/10.1214/AOS/1176346150,2.4000
Ris84,"Universal coding, information, prediction, and estimation",J. Rissanen,1984,1984-07-01,IEEE Trans. Inf. Theory,30,629-636,"A connection between universal codes and the problems of prediction and statistical estimation is established. A known lower bound for the mean length of universal codes is sharpened and generalized, and optimum universal codes constructed. The bound is defined to give the information in strings relative to the considered class of processes. The earlier derived minimum description length criterion for estimation of parameters, including their number, is given a fundamental information, theoretic justification by showing that its estimators achieve the information in the strings. It is also shown that one cannot do prediction in Gaussian autoregressive moving average (ARMA) processes below a bound, which is determined by the information in the data.",1029,25,10.1109/TIT.1984.1056936,https://doi.org/10.1109/TIT.1984.1056936,2.2000
Ben16,Computational principles of synaptic memory consolidation,M. Benna and Stefano Fusi,2016,2016-10-03,Nature Neuroscience,19,1697-1706,,236,25,10.1038/nn.4401,https://doi.org/10.1038/nn.4401,2.1000
Ris89,Stochastic Complexity in Statistical Inquiry,J. Rissanen,1989,1989-11-01,World Scientific Series in Computer Science,15,1-188,,1827,50,10.1142/0822,https://doi.org/10.1142/0822,2.0500
Fus05,Cascade models of synaptically stored memories.,"Stefano Fusi, P. Drew, and L. Abbott",2005,2005-02-17,Neuron,45 4,"'
          599-611
        ",,577,27,10.1016/J.NEURON.2005.02.001,https://doi.org/10.1016/J.NEURON.2005.02.001,2.0000
Wil95b,The context-tree weighting method: basic properties,"F. Willems, Y. Shtarkov, and T. Tjalkens",1995,1995-05-01,IEEE Trans. Inf. Theory,41,653-664,"Describes a sequential universal data compression procedure for binary tree sources that performs the ""double mixture."" Using a context tree, this method weights in an efficient recursive way the coding distributions corresponding to all bounded memory tree sources, and achieves a desirable coding distribution for tree sources with an unknown model and unknown parameters. Computational and storage complexity of the proposed procedure are both linear in the source sequence length. The authors derive a natural upper bound on the cumulative redundancy of the method for individual sequences. The three terms in this bound can be identified as coding, parameter, and model redundancy, The bound holds for all source sequence lengths, not only for asymptotically large lengths. The analysis that leads to this bound is based on standard techniques and turns out to be extremely simple. The upper bound on the redundancy shows that the proposed context-tree weighting procedure is optimal in the sense that it achieves the Rissanen (1984) lower bound. >",1014,33,10.1109/18.382012,https://doi.org/10.1109/18.382012,2.0000
Bor97,Stochastic approximation with two time scales,V. Borkar,1997,1997-02-10,Systems & Control Letters,29,291-294,,482,16,10.1016/S0167-6911(97)90015-3,https://doi.org/10.1016/S0167-6911(97)90015-3,2.0000
Fus07,Limits on the memory storage capacity of bounded synapses,Stefano Fusi and L. Abbott,2007,2007-03-11,Nature Neuroscience,10,485-493,,222,12,10.1038/nn1859,https://doi.org/10.1038/nn1859,1.9000
Bor00,The O.D.E. Method for Convergence of Stochastic Approximation and Reinforcement Learning,V. Borkar and Sean P. Meyn,2000,,SIAM J. Control. Optim.,38,447-469,It is shown here that stability of the stochastic approximation algorithm is implied by the asymptotic stability of the origin for an associated ODE. This in turn implies convergence of the algorithm. Several specific classes of algorithms are considered as applications. It is found that the results provide (i) a simpler derivation of known results for reinforcement learning algorithms; (ii) a proof for the first time that a class of asynchronous stochastic approximation algorithms are convergent without using any a priori assumption of stability; (iii) a proof for the first time that asynchronous adaptive critic and Q-learning algorithms are convergent for the average cost optimal control problem.,446,17,10.1137/S0363012997331639,https://doi.org/10.1137/S0363012997331639,1.9000
Nag20,Optimal forgetting: Semantic compression of episodic memories,"D. G. Nagy, B. Török, and G. Orbán",2020,2020-05-08,PLoS Computational Biology,16,,"It has extensively been documented that human memory exhibits a wide range of systematic distortions, which have been associated with resource constraints. Resource constraints on memory can be formalised in the normative framework of lossy compression, however traditional lossy compression algorithms result in qualitatively different distortions to those found in experiments with humans. We argue that the form of distortions is characteristic of relying on a generative model adapted to the environment for compression. We show that this semantic compression framework can provide a unifying explanation of a wide variety of memory phenomena. We harness recent advances in learning deep generative models, that yield powerful tools to approximate generative models of complex data. We use three datasets, chess games, natural text, and hand-drawn sketches, to demonstrate the effects of semantic compression on memory performance. Our model accounts for memory distortions related to domain expertise, gist-based distortions, contextual effects, and delayed recall. Author summary Human memory performs surprisingly poorly in many everyday tasks, which have been richly documented in laboratory experiments. While constraints on memory resources necessarily imply a loss of information, it is possible to do well or badly in relation to available memory resources. In this paper we recruit information theory, which establishes how to optimally lose information based on prior and complete knowledge of environmental statistics. For this, we address two challenges. 1, The environmental statistics is not known for the brain, rather these have to be learned over time from limited observations. 2, Information theory does not specify how different distortions of original experiences should be penalised. In this paper we tackle these challenges by assuming that a latent variable generative model of the environment is maintained in semantic memory. We show that compression of experiences through a generative model gives rise to systematic distortions that qualitatively correspond to a diverse range of observations in the experimental literature.",30,5.0,10.1371/journal.pcbi.1008367,https://doi.org/10.1371/journal.pcbi.1008367,1.8000
Kok86,Singular perturbation methods in control : analysis and design,"P. Kokotovic, H. Khalil, and J. O'Reilly",1986,,,,,"From the Publisher: 
Singular perturbations and time-scale techniques were introduced to control engineering in the late 1960s and have since become common tools for the modeling, analysis, and design of control systems. In this SIAM Classics edition of the 1986 book, the original text is reprinted in its entirety (along with a new preface), providing once again the theoretical foundation for representative control applications. 
This book continues to be essential in many ways. It lays down the foundation of singular perturbation theory for linear and nonlinear systems, it presents the methodology in a pedagogical way that is not available anywhere else, and it illustrates the theory with many solved examples, including various physical examples and applications. So while new developments may go beyond the topics covered in this book, they are still based on the methodology described here, which continues to be their common starting point. 
Audience 
Control engineers and graduate students who seek an introduction to singular perturbation methods in control will find this text useful. The book also provides research workers with sketches of problems in the areas of robust, adaptive, stochastic, and nonlinear control. No previous knowledge of singular perturbation techniques is assumed. 
About the Authors 
Petar Kokotovic is Director of the Center for Control Engineering and Computation at the University of California, Santa Barbara. Hassan K. Khalil is Professor of Electrical and Computer Engineering at Michigan State University. John O'Reilly is Professor of Electronics and Electrical Engineering at the University of Glasgow, Scotland.",2659,66,10.1137/1.9781611971118,https://doi.org/10.1137/1.9781611971118,1.8000
Tis00,The information bottleneck method,"Naftali Tishby, Fernando C Pereira, and W. Bialek",2000,2000-04-24,ArXiv,physics/0004057,,"We define the relevant information in a signal $x\in X$ as being the information that this signal provides about another signal $y\in \Y$. Examples include the information that face images provide about the names of the people portrayed, or the information that speech sounds provide about the words spoken. Understanding the signal $x$ requires more than just predicting $y$, it also requires specifying which features of $\X$ play a role in the prediction. We formalize this problem as that of finding a short code for $\X$ that preserves the maximum information about $\Y$. That is, we squeeze the information that $\X$ provides about $\Y$ through a `bottleneck' formed by a limited set of codewords $\tX$. This constrained optimization problem can be seen as a generalization of rate distortion theory in which the distortion measure $d(x,\x)$ emerges from the joint statistics of $\X$ and $\Y$. This approach yields an exact set of self consistent equations for the coding rules $X \to \tX$ and $\tX \to \Y$. Solutions to these equations can be found by a convergent re-estimation method that generalizes the Blahut-Arimoto algorithm. Our variational principle provides a surprisingly rich framework for discussing a variety of problems in signal processing and learning, as will be described in detail elsewhere.",4311,165,,https://www.semanticscholar.org/paper/4ef483f819e11873822416042a4b6dc4652e010c,1.8000
Mcc93b,Overcoming Incomplete Perception with Utile Distinction Memory,A. McCallum,1993,1993-06-27,International Conference on Machine Learning,,190-196,,216,6.6,10.1016/b978-1-55860-307-3.50031-9,https://doi.org/10.1016/b978-1-55860-307-3.50031-9,1.8000
Fos21,Adapting to Misspecification in Contextual Bandits,"Dylan J. Foster, C. Gentile, M. Mohri, and Julian Zimmert",2021,2021-07-12,ArXiv,abs/2107.05745,,"A major research direction in contextual bandits is to develop algorithms that are computationally efficient, yet support flexible, general-purpose function approximation. Algorithms based on modeling rewards have shown strong empirical performance, but typically require a well-specified model, and can fail when this assumption does not hold. Can we design algorithms that are efficient and flexible, yet degrade gracefully in the face of model misspecification? We introduce a new family of oracle-efficient algorithms for $\varepsilon$-misspecified contextual bandits that adapt to unknown model misspecification -- both for finite and infinite action settings. Given access to an online oracle for square loss regression, our algorithm attains optimal regret and -- in particular -- optimal dependence on the misspecification level, with no prior knowledge. Specializing to linear contextual bandits with infinite actions in $d$ dimensions, we obtain the first algorithm that achieves the optimal $O(d\sqrt{T} + \varepsilon\sqrt{d}T)$ regret bound for unknown misspecification level $\varepsilon$. On a conceptual level, our results are enabled by a new optimization-based perspective on the regression oracle reduction framework of Foster and Rakhlin, which we anticipate will find broader use.",99,20,,https://www.semanticscholar.org/paper/0979cb2939a71873542a4a7f34990bfbd1071f9c,1.7000
Rox13,Efficient Partitioning of Memory Systems and Its Importance for Memory Consolidation,Alex Roxin and Stefano Fusi,2013,2013-07-01,PLoS Computational Biology,9,,"Long-term memories are likely stored in the synaptic weights of neuronal networks in the brain. The storage capacity of such networks depends on the degree of plasticity of their synapses. Highly plastic synapses allow for strong memories, but these are quickly overwritten. On the other hand, less labile synapses result in long-lasting but weak memories. Here we show that the trade-off between memory strength and memory lifetime can be overcome by partitioning the memory system into multiple regions characterized by different levels of synaptic plasticity and transferring memory information from the more to less plastic region. The improvement in memory lifetime is proportional to the number of memory regions, and the initial memory strength can be orders of magnitude larger than in a non-partitioned memory system. This model provides a fundamental computational reason for memory consolidation processes at the systems level.",75,5.8,10.1371/journal.pcbi.1003146,https://doi.org/10.1371/journal.pcbi.1003146,1.7000
Gho17,Misspecified Linear Bandits,"Avishek Ghosh, Sayak Ray Chowdhury, and Aditya Gopalan",2017,2017-02-12,ArXiv,abs/1704.06880,,"'
 
 We consider the problem of online learning in misspecified linear stochastic multi-armed bandit problems. Regret guarantees for state-of-the-art linear bandit algorithms such as Optimism in the Face of Uncertainty Linear bandit (OFUL) hold under the assumption that the arms expected rewards are perfectly linear in their features. It is, however, of interest to investigate the impact of potential misspecification in linear bandit models, where the expected rewards are perturbed away from the linear subspace determined by the arms features. Although OFUL has recently been shown to be robust to relatively small deviations from linearity, we show that any linear bandit algorithm that enjoys optimal regret performance in the perfectly linear setting (e.g., OFUL) must suffer linear regret under a sparse additive perturbation of the linear model. In an attempt to overcome this negative result,we define a natural class of bandit models characterized by a non-sparse deviation from linearity. We argue that the OFUL algorithm can fail to achieve sublinear regret even under models that have non-sparse deviation. We finally develop a novel bandit algorithm, comprising a hypothesis test for linearity followed by a decision to use either the OFUL or Upper Confidence Bound (UCB) algorithm. For perfectly linear bandit models, the algorithm provably exhibits OFULs favorable regret performance, while for misspecified models satisfying the non-sparse deviation property, the algorithm avoids the linear regret phenomenon and falls back on UCBs sublinear regret scaling. Numerical experiments on synthetic data, and on recommendation data from the public Yahoo! Learning toRank Challenge dataset, empirically support our findings.
 
",74,8.0,10.1609/aaai.v31i1.11052,https://doi.org/10.1609/aaai.v31i1.11052,1.6000
Gup19,Finite-Time Performance Bounds and Adaptive Learning Rate Selection for Two Time-Scale Reinforcement Learning,"Harsh Gupta, R. Srikant, and Lei Ying",2019,2019-07-14,ArXiv,abs/1907.06290,,"We study two time-scale linear stochastic approximation algorithms, which can be used to model well-known reinforcement learning algorithms such as GTD, GTD2, and TDC. We present finite-time performance bounds for the case where the learning rate is fixed. The key idea in obtaining these bounds is to use a Lyapunov function motivated by singular perturbation theory for linear differential equations. We use the bound to design an adaptive learning rate scheme which significantly improves the convergence rate over the known optimal polynomial decay rule in our experiments, and can be used to potentially improve the performance of any other schedule where the learning rate is changed at pre-determined time instants.",91,13,,https://www.semanticscholar.org/paper/8cba38e7e2a4b6400c0dbb7a0c2c98918e354d57,1.6000
Gru07,The Minimum Description Length Principle (Adaptive Computation and Machine Learning),P. Grünwald,2007,2007-03-23,,,,"The minimum description length (MDL) principle is a powerful method of inductive inference, the basis of statistical modeling, pattern recognition, and machine learning. It holds that the best explanation, given a limited set of observed data, is the one that permits the greatest compression of the data. MDL methods are particularly well-suited for dealing with model selection, prediction, and estimation problems in situations where the models under consideration can be arbitrarily complex, and overfitting the data is a serious concern. This extensive, step-by-step introduction to the MDL Principle provides a comprehensive reference (with an emphasis on conceptual issues) that is accessible to graduate students and researchers in statistics, pattern classification, machine learning, and data mining, to philosophers interested in the foundations of statistics, and to researchers in other applied sciences that involve model selection, including biology, econometrics, and experimental psychology. Part I provides a basic introduction to MDL and an overview of the concepts in statistics and information theory needed to understand MDL. Part II treats universal coding, the information-theoretic notion on which MDL is built, and part III gives a formal treatment of MDL theory as a theory of inductive inference based on universal coding. Part IV provides a comprehensive overview of the statistical theory of exponential families with an emphasis on their information-theoretic properties. The text includes a number of summaries, paragraphs offering the reader a ""fast track"" through the material, and boxes highlighting the most important concepts.",886,46,10.7551/mitpress/4643.001.0001,https://doi.org/10.7551/mitpress/4643.001.0001,1.5500
Nar97,Adaptive control using multiple models,K. Narendra and Jeyendran Balakrishnan,1997,1997-02-01,IEEE Trans. Autom. Control.,42,171-187,"Intelligent control may be viewed as the ability of a controller to operate in multiple environments by recognizing which environment is currently in existence and servicing it appropriately. An important prerequisite for an intelligent controller is the ability to adapt rapidly to any unknown but constant operating environment. This paper presents a general methodology for such adaptive control using multiple models, switching, and tuning. The approach was first introduced by Narendra et al. (1992) for improving the transient response of adaptive systems in a stable fashion. This paper proposes different switching and tuning schemes for adaptive control which combine fixed and adaptive models in novel ways. The principal mathematical results are the proofs of stability when these different schemes are used in the context of model reference control of an unknown linear time-invariant system. A variety of simulation results are presented to demonstrate the efficacy of the proposed methods.",1387,47,10.1109/9.554398,https://doi.org/10.1109/9.554398,1.5000
Rem20,Hebbian plasticity in parallel synaptic pathways: A circuit mechanism for systems memory consolidation,M. Remme et al.,2020,2020-12-04,PLoS Computational Biology,17,,"Systems memory consolidation involves the transfer of memories across brain regions and the transformation of memory content. For example, declarative memories that transiently depend on the hippocampal formation are transformed into long-term memory traces in neocortical networks, and procedural memories are transformed within cortico-striatal networks. These consolidation processes are thought to rely on replay and repetition of recently acquired memories, but the cellular and network mechanisms that mediate the changes of memories are poorly understood. Here, we suggest that systems memory consolidation could arise from Hebbian plasticity in networks with parallel synaptic pathways — two ubiquitous features of neural circuits in the brain. We explore this hypothesis in the context of hippocampus-dependent memories. Using computational models and mathematical analyses, we illustrate how memories are transferred across circuits and discuss why their representations could change. The analyses suggest that Hebbian plasticity mediates consolidation by transferring a linear approximation of a previously acquired memory into a parallel pathway. Our modelling results are further in quantitative agreement with lesion studies in rodents. Moreover, a hierarchical iteration of the mechanism yields power-law forgetting — as observed in psychophysical studies in humans. The predicted circuit mechanism thus bridges spatial scales from single cells to cortical areas and time scales from milliseconds to years. Author summary After new memories are acquired, they can be transferred over time into other brain areas — a process called systems memory consolidation. For example, new declarative memories, which refer to the conscious memory of facts and events, depend on the hippocampus. Older declarative memories, however, also rely on neocortical networks. The cellular mechanisms underlying such a transfer are poorly understood. In this work, we show that a simple and in the brain ubiquitous connectivity pattern, combined with a standard learning rule, leads to gradual memory transfer. We illustrate our proposed mechanism in numerical simulations and mathematical analyses. At the neurophysiological level, our theory explains experimental findings on memory storage in the hippocampal formation when specific pathways between neural populations are disrupted. At the psychophysical level, we can account for the power-law forgetting curves typically found in humans. A consequence of the proposed model is that consolidated memories can yield faster responses because they are stored in increasingly shorter synaptic pathways between sensory and motor areas. By giving a mechanistic explanation of the consolidation process, we contribute to the understanding of the transfer of memories and the reorganization of memories over time.",19,3.5,10.1371/journal.pcbi.1009681,https://doi.org/10.1371/journal.pcbi.1009681,1.5000
Mcc92,First Results with Utile Distinction Memory for Reinforcement Learning,R. A. McCallum,1992,1992-12-01,,,,"This report presents a method by which a reinforcement learning agent can solve the incomplete perception problem using memory. The agent uses a Hidden Markov Model (HMM) to represent its internal state space and creates memory capacity by splitting states of the HMM. The key idea is a test to determine when and how a state should be split: the agent only splits a state when the split will help the agent predict utility. Thus the agent can build an internal state space proportionate to the task at hand, not as large as would be required to represent all of its perceivable world. I call the technique UDM, for Utile Distinction Memory.",22,0.7,,https://www.semanticscholar.org/paper/67eb2366790a9d5efb66001833f6bea8141b3472,1.5000
Lit01,Predictive Representations of State,"M. Littman, R. Sutton, and Satinder Singh",2001,2001-01-03,Neural Information Processing Systems,,1555-1561,"We show that states of a dynamical system can be usefully represented by multi-step, action-conditional predictions of future observations. State representations that are grounded in data in this way may be easier to learn, generalize better, and be less dependent on accurate prior models than, for example, POMDP state representations. Building on prior work by Jaeger and by Rivest and Schapire, in this paper we compare and contrast a linear specialization of the predictive approach with the state representations used in POMDPs and in k-order Markov models. Ours is the first specific formulation of the predictive idea that includes both stochasticity and actions (controls). We show that any system has a linear predictive state representation with number of predictions no greater than the number of states in its minimal POMDP model.",600,24,,https://www.semanticscholar.org/paper/4a7de0669fd835b2efcab97c7d3dc28ea7a1e6a3,1.4000
Doa20,Nonlinear Two-Time-Scale Stochastic Approximation: Convergence and Finite-Time Performance,Thinh T. Doan,2020,2020-11-03,IEEE Transactions on Automatic Control,68,4695-4705,"Two-time-scale stochastic approximation, a generalized version of the popular stochastic approximation, has found broad applications in many areas including stochastic control, optimization, and machine learning. Despite its popularity, theoretical guarantees of this method, especially its finite-time performance, are mostly achieved for the linear case while the results for the nonlinear counterpart are very sparse. Motivated by the classic control theory for singularly perturbed systems, we study in this article the asymptotic convergence and finite-time analysis of the nonlinear two-time-scale stochastic approximation. Under some fairly standard assumptions, we provide a formula that explicitly characterizes the rate of convergence of the main iterates to the desired solutions. In particular, we show that the mean square error generated by the method convergences to zero at a rate <inline-formula><tex-math notation=""LaTeX"">${\mathcal O}(1/k^{2/3})$</tex-math></inline-formula>, where <inline-formula><tex-math notation=""LaTeX"">$k$</tex-math></inline-formula> is the number of iterations. The key idea in our analysis is to properly choose the two step sizes to characterize the coupling between the fast and slow time-scale iterates.",60,11,10.1109/TAC.2022.3210147,https://doi.org/10.1109/TAC.2022.3210147,1.4000
Sun21,Organizing memories for generalization in complementary learning systems,"Weinan Sun, Madhu S. Advani, N. Spruston, Andrew M. Saxe, and James E. Fitzgerald",2021,2021-10-15,Nature Neuroscience,26,1438 - 1448,"Memorization and generalization are complementary cognitive processes that jointly promote adaptive behavior. For example, animals should memorize safe routes to specific water sources and generalize from these memories to discover environmental features that predict new ones. These functions depend on systems consolidation mechanisms that construct neocortical memory traces from hippocampal precursors, but why systems consolidation only applies to a subset of hippocampal memories is unclear. Here we introduce a new neural network formalization of systems consolidation that reveals an overlooked tension—unregulated neocortical memory transfer can cause overfitting and harm generalization in an unpredictable world. We resolve this tension by postulating that memories only consolidate when it aids generalization. This framework accounts for partial hippocampal–cortical memory transfer and provides a normative principle for reconceptualizing numerous observations in the field. Generalization-optimized systems consolidation thus provides new insight into how adaptive behavior benefits from complementary learning systems specialized for memorization and generalization. The authors derive a neural network theory of systems consolidation to assess why some memories consolidate more than others. They propose that brains regulate consolidation to optimize generalization, so only predictable memory components consolidate.",78,17,10.1038/s41593-023-01382-9,https://doi.org/10.1038/s41593-023-01382-9,1.4000
Nag18,Semantic compression of episodic memories,"D. G. Nagy, B. Török, and G. Orbán",2018,2018-06-20,arXiv: Neurons and Cognition,,,"Storing knowledge of an agent's environment in the form of a probabilistic generative model has been established as a crucial ingredient in a multitude of cognitive tasks. Perception has been formalised as probabilistic inference over the state of latent variables, whereas in decision making the model of the environment is used to predict likely consequences of actions. Such generative models have earlier been proposed to underlie semantic memory but it remained unclear if this model also underlies the efficient storage of experiences in episodic memory. We formalise the compression of episodes in the normative framework of information theory and argue that semantic memory provides the distortion function for compression of experiences. Recent advances and insights from machine learning allow us to approximate semantic compression in naturalistic domains and contrast the resulting deviations in compressed episodes with memory errors observed in the experimental literature on human memory.",7,0.9,10.32470/ccn.2018.1050-0,https://doi.org/10.32470/ccn.2018.1050-0,1.3000
Ger14b,Statistical Computations Underlying the Dynamics of Memory Updating,"S. Gershman, Angela Radulescu, K. Norman, and Y. Niv",2014,2014-11-01,PLoS Computational Biology,10,,"Psychophysical and neurophysiological studies have suggested that memory is not simply a carbon copy of our experience: Memories are modified or new memories are formed depending on the dynamic structure of our experience, and specifically, on how gradually or abruptly the world changes. We present a statistical theory of memory formation in a dynamic environment, based on a nonparametric generalization of the switching Kalman filter. We show that this theory can qualitatively account for several psychophysical and neural phenomena, and present results of a new visual memory experiment aimed at testing the theory directly. Our experimental findings suggest that humans can use temporal discontinuities in the structure of the environment to determine when to form new memory traces. The statistical perspective we offer provides a coherent account of the conditions under which new experience is integrated into an old memory versus forming a new memory, and shows that memory formation depends on inferences about the underlying structure of our experience.",92,8.0,10.1371/journal.pcbi.1003939,https://doi.org/10.1371/journal.pcbi.1003939,1.3000
Lat19,Learning with Good Feature Representations in Bandits and in RL with a Generative Model,Tor Lattimore and Csaba Szepesvari,2019,2019-11-18,International Conference on Machine Learning,,5662-5670,"The construction by Du et al. (2019) implies that even if a learner is given linear features in $\mathbb R^d$ that approximate the rewards in a bandit with a uniform error of $\epsilon$, then searching for an action that is optimal up to $O(\epsilon)$ requires examining essentially all actions. We use the Kiefer-Wolfowitz theorem to prove a positive result that by checking only a few actions, a learner can always find an action that is suboptimal with an error of at most $O(\epsilon \sqrt{d})$. Thus, features are useful when the approximation error is small relative to the dimensionality of the features. The idea is applied to stochastic bandits and reinforcement learning with a generative model where the learner has access to $d$-dimensional linear features that approximate the action-value functions for all policies to an accuracy of $\epsilon$. For linear bandits, we prove a bound on the regret of order $\sqrt{dn \log(k)} + \epsilon n \sqrt{d} \log(n)$ with $k$ the number of actions and $n$ the horizon. For RL we show that approximate policy iteration can learn a policy that is optimal up to an additive error of order $\epsilon \sqrt{d}/(1 - \gamma)^2$ and using $d/(\epsilon^2(1 - \gamma)^4)$ samples from a generative model. These bounds are independent of the finer details of the features. We also investigate how the structure of the feature set impacts the tradeoff between sample complexity and estimation error.",182,28,,https://www.semanticscholar.org/paper/57e72da5765157f72e216054f64280dbf3f8d865,1.3000
Sin04,Predictive State Representations: A New Theory for Modeling Dynamical Systems,"Satinder Singh, Michael R. James, and Matthew R. Rudary",2004,2004-07-07,Conference on Uncertainty in Artificial Intelligence,,512-518,"Modeling dynamical systems, both for control purposes and to make predictions about their behavior, is ubiquitous in science and engineering. Predictive state representations (PSRs) are a recently introduced class of models for discrete-time dynamical systems. The key idea behind PSRs and the closely related OOMs (Jaeger's observable operator models) is to represent the state of the system as a set of predictions of observable outcomes of experiments one can do in the system. This makes PSRs rather different from history-based models such as nth-order Markov models and hidden-state-based models such as HMMs and POMDPs. We introduce an interesting construct, the system-dynamics matrix, and show how PSRs can be derived simply from it. We also use this construct to show formally that PSRs are more general than both nth-order Markov models and HMMs/POMDPs. Finally, we discuss the main difference between PSRs and OOMs and conclude with directions for future work.",298,14,,https://www.semanticscholar.org/paper/532c61a2af5cde64628d0cdd2ba0823800118d0f,1.3000
Cre09,Past-future information bottleneck in dynamical systems.,"F. Creutzig, A. Globerson, and Naftali Tishby",2009,2009-04-27,"Physical review. E, Statistical, nonlinear, and soft matter physics",79 4 Pt 1,"'
          041925
        ","Biological systems need to process information in real time and must trade off accuracy of presentation and coding costs. Here we operationalize this trade-off and develop an information-theoretic framework that selectively extracts information of the input past that is predictive about the output future, obtaining a generalized eigenvalue problem. Thereby, we unravel the input history in terms of structural phase transitions corresponding to additional dimensions of a state space. We elucidate the relation to canonical correlation analysis and give a numerical example. Altogether, this work relates information-theoretic optimization to the joint problem of system identification and model reduction.",88,5.2,10.1103/PHYSREVE.79.041925,https://doi.org/10.1103/PHYSREVE.79.041925,1.2000
Pac20b,Regret Bound Balancing and Elimination for Model Selection in Bandits and RL,"Aldo Pacchiano, Christoph Dann, C. Gentile, and P. Bartlett",2020,2020-12-24,ArXiv,abs/2012.13045,,"We propose a simple model selection approach for algorithms in stochastic bandit and reinforcement learning problems. As opposed to prior work that (implicitly) assumes knowledge of the optimal regret, we only require that each base algorithm comes with a candidate regret bound that may or may not hold during all rounds. In each round, our approach plays a base algorithm to keep the candidate regret bounds of all remaining base algorithms balanced, and eliminates algorithms that violate their candidate bound. We prove that the total regret of this approach is bounded by the best valid candidate regret bound times a multiplicative factor. This factor is reasonably small in several applications, including linear bandits and MDPs with nested function classes, linear bandits with unknown misspecification, and LinUCB applied to linear bandits with different confidence parameters. We further show that, under a suitable gap-assumption, this factor only scales with the number of base algorithms and not their complexity when the number of rounds is large enough. Finally, unlike recent efforts in model selection for linear stochastic bandits, our approach is versatile enough to also cover cases where the context information is generated by an adversarial environment, rather than a stochastic one.",55,10,,https://www.semanticscholar.org/paper/560f6277f345d6a3aa0004b1bb2b8e7e8fe985df,1.2000
Nag17,Episodic memory for continual model learning,D. G. Nagy and G. Orbán,2017,2017-12-04,ArXiv,abs/1712.01169,,"Both the human brain and artificial learning agents operating in real-world or comparably complex environments are faced with the challenge of online model selection. In principle this challenge can be overcome: hierarchical Bayesian inference provides a principled method for model selection and it converges on the same posterior for both off-line (i.e. batch) and online learning. However, maintaining a parameter posterior for each model in parallel has in general an even higher memory cost than storing the entire data set and is consequently clearly unfeasible. Alternatively, maintaining only a limited set of models in memory could limit memory requirements. However, sufficient statistics for one model will usually be insufficient for fitting a different kind of model, meaning that the agent loses information with each model change. We propose that episodic memory can circumvent the challenge of limited memory-capacity online model selection by retaining a selected subset of data points. We design a method to compute the quantities necessary for model selection even when the data is discarded and only statistics of one (or few) learnt models are available. We demonstrate on a simple model that a limited-sized episodic memory buffer, when the content is optimised to retain data with statistics not matching the current representation, can resolve the fundamental challenge of online model selection.",0,,,https://www.semanticscholar.org/paper/68d538f7cbb7f1b3f0158c4b53bbb9c919359de6,1.2000
Lah13,A memory frontier for complex synapses,Subhaneil Lahiri and S. Ganguli,2013,2013-12-05,Neural Information Processing Systems,,1034-1042,"An incredible gulf separates theoretical models of synapses, often described solely by a single scalar value denoting the size of a postsynaptic potential, from the immense complexity of molecular signaling pathways underlying real synapses. To understand the functional contribution of such molecular complexity to learning and memory, it is essential to expand our theoretical conception of a synapse from a single scalar to an entire dynamical system with many internal molecular functional states. Moreover, theoretical considerations alone demand such an expansion; network models with scalar synapses assuming finite numbers of distinguishable synaptic strengths have strikingly limited memory capacity. This raises the fundamental question, how does synaptic complexity give rise to memory? To address this, we develop new mathematical theorems elucidating the relationship between the structural organization and memory properties of complex synapses that are themselves molecular networks. Moreover, in proving such theorems, we uncover a framework, based on first passage time theory, to impose an order on the internal states of complex synaptic models, thereby simplifying the relationship between synaptic structure and function.",58,4.7,,https://www.semanticscholar.org/paper/75c7ec96aaa5d271d541466e5d5a7807e815b488,1.2000
Mes17,Dynamic-Depth Context Tree Weighting,J. Messias and Shimon Whiteson,2017,,Neural Information Processing Systems,,3328-3337,"Reinforcement learning (RL) in partially observable settings is challenging because the agent’s observations are not Markov. Recently proposed methods can learn variable-order Markov models of the underlying process but have steep memory requirements and are sensitive to aliasing between observation histories due to sensor noise. This paper proposes dynamic-depth context tree weighting (D2-CTW), a model-learning method that addresses these limitations. D2-CTW dynamically expands a suffix tree while ensuring that the size of the model, but not its depth, remains bounded. We show that D2-CTW approximately matches the performance of state-of-the-art alternatives at stochastic time-series prediction while using at least an order of magnitude less memory. We also apply D2-CTW to model-based RL, showing that, on tasks that require memory of past observations, D2-CTW can learn without prior knowledge of a good state representation, or even the length of history upon which such a representation should depend.",4,0.4,,https://www.semanticscholar.org/paper/8ba7fa658f1fe795a5c1a5ee1f2de36a61658be5,1.2000
Mes17b,Utile Context Tree Weighting,J. Messias and Shimon Whiteson,2017,,Neural Information Processing Systems,,3329-3338,"Reinforcement learning (RL) in partially observable settings is challenging because the agent’s immediate observations are not Markov. Recently proposed methods can learn variable-order Markov models of the underlying process but have steep memory requirements and are sensitive to aliasing between observation histories due to sensor noise. This paper proposes utile context tree weighting (UCTW), a model-learning method that addresses these limitations. UCTW dynamically expands a suffix tree while ensuring that the total size of the model, but not its depth, remains bounded. We show that UCTW approximately matches the performance of state-of-the-art alternatives at stochastic time-series prediction while using at least an order of magnitude less memory. We also apply UCTW to model-based RL, showing that, on tasks that require memory of past observations, UCTW can learn without prior knowledge of a good state representation, or even the length of history upon which such a representation should depend.",0,,,https://www.semanticscholar.org/paper/7ec7c868d98101b304756b86d914684ebd93bb07,1.2000
Deb21,Multi Timescale Stochastic Approximation: Stability and Convergence,"Rohan Deb, Swetha Ganesh, and S. Bhatnagar",2021,2021-12-07,,,,"This paper presents the first sufficient conditions that guarantee the stability and almost sure convergence of multi-timescale stochastic approximation (SA) iterates. It extends the existing results on one-timescale and two-timescale SA iterates to general $N$-timescale stochastic recursions, for any $N \geq 1$, using the ordinary differential equation (ODE) method. As an application, we study SA algorithms augmented with heavy-ball momentum in the context of Gradient Temporal Difference (GTD) learning. The added momentum introduces an auxiliary state evolving on an intermediate timescale, yielding a three-timescale recursion. We show that with appropriate momentum parameters, the scheme fits within our framework and converges almost surely to the same fixed point as baseline GTD. The stability and convergence of all iterates including the momentum state follow from our main results without ad hoc bounds. We then study off-policy actor-critic algorithms with a baseline learner, actor, and critic updated on separate timescales. In contrast to prior work, we eliminate projection steps from the actor update and instead use our framework to guarantee stability and almost sure convergence of all components. Finally, we extend the analysis to constrained policy optimization in the average reward setting, where the actor, critic, and dual variables evolve on three distinct timescales, and we verify that the resulting dynamics satisfy the conditions of our general theorem. These examples show how diverse reinforcement learning algorithms covering momentum acceleration, off-policy learning, and primal-dual methods-fit naturally into the proposed multi-timescale framework.",6,1.3,,https://www.semanticscholar.org/paper/589bfa87d5e5cb1d6a3d7fad4faa2bbb20140212,1.2000
Mcc89,Catastrophic Interference in Connectionist Networks: The Sequential Learning Problem,M. McCloskey and N. J. Cohen,1989,,Psychology of Learning and Motivation,24,109-165,,5006,134,10.1016/S0079-7421(08)60536-8,https://doi.org/10.1016/S0079-7421(08)60536-8,1.2000
Lee20b,Online Model Selection for Reinforcement Learning with Function Approximation,"Jonathan Lee, Aldo Pacchiano, Vidya Muthukumar, Weihao Kong, and E. Brunskill",2020,2020-11-19,International Conference on Artificial Intelligence and Statistics,,3340-3348,"Deep reinforcement learning has achieved impressive successes yet often requires a very large amount of interaction data. This result is perhaps unsurprising, as using complicated function approximation often requires more data to fit, and early theoretical results on linear Markov decision processes provide regret bounds that scale with the dimension of the linear approximation. Ideally, we would like to automatically identify the minimal dimension of the approximation that is sufficient to encode an optimal policy. Towards this end, we consider the problem of model selection in RL with function approximation, given a set of candidate RL algorithms with known regret guarantees. The learner's goal is to adapt to the complexity of the optimal algorithm without knowing it \textit{a priori}. We present a meta-algorithm that successively rejects increasingly complex models using a simple statistical test. Given at least one candidate that satisfies realizability, we prove the meta-algorithm adapts to the optimal complexity with $\tilde{O}(L^{5/6} T^{2/3})$ regret compared to the optimal candidate's $\tilde{O}(\sqrt T)$ regret, where $T$ is the number of episodes and $L$ is the number of algorithms. The dimension and horizon dependencies remain optimal with respect to the best candidate, and our meta-algorithmic approach is flexible to incorporate multiple candidate algorithms and models. Finally, we show that the meta-algorithm automatically admits significantly improved instance-dependent regret bounds that depend on the gaps between the maximal values attainable by the candidates.",39,7.1,,https://www.semanticscholar.org/paper/cb40cc80be6db8da552c1ecfc3ad2edbd2c2f0e7,1.2000
Ben15b,Computational principles of biological memory,M. Benna and Stefano Fusi,2015,2015-07-27,arXiv: Neurons and Cognition,,,"Memories are stored, retained, and recollected through complex, coupled processes operating on multiple timescales. To understand the computational principles behind these intricate networks of interactions we construct a broad class of synaptic models that efficiently harnesses biological complexity to preserve numerous memories. The memory capacity scales almost linearly with the number of synapses, which is a substantial improvement over the square root scaling of previous models. This was achieved by combining multiple dynamical processes that initially store memories in fast variables and then progressively transfer them to slower variables. Importantly, the interactions between fast and slow variables are bidirectional. The proposed models are robust to parameter perturbations and can explain several properties of biological memory, including delayed expression of synaptic modifications, metaplasticity, and spacing effects.",17,1.6,,https://www.semanticscholar.org/paper/2e9902cbdb8317365655beeafae25d4ae2f69372,1.2000
Ada07,Bayesian Online Changepoint Detection,Ryan P. Adams and D. MacKay,2007,2007-10-19,arXiv: Machine Learning,,,"Changepoints are abrupt variations in the generative parameters of a data sequence. Online detection of changepoints is useful in modelling and prediction of time series in application areas such as finance, biometrics, and robotics. While frequentist methods have yielded online filtering and prediction techniques, most Bayesian papers have focused on the retrospective segmentation problem. Here we examine the case where the model parameters before and after the changepoint are independent and we derive an online algorithm for exact inference of the most recent changepoint. We compute the probability distribution of the length of the current ``run,'' or time since the last changepoint, using a simple message-passing algorithm. Our implementation is highly modular so that the algorithm may be applied to a variety of types of data. We illustrate this modularity by demonstrating the algorithm on three different real-world data sets.",859,46,,https://www.semanticscholar.org/paper/9cacd41e4fbe518436877a6f1b24982099216e46,1.1800
Ven11,Context Tree Switching,"J. Veness, K. S. Ng, Marcus Hutter, and Michael Bowling",2011,2011-11-14,2012 Data Compression Conference,,327-336,"This paper describes the Context Tree Switching technique, a modification of Context Tree Weighting for the prediction of binary, stationary, n-Markov sources. By modifying Context Tree Weighting's recursive weighting scheme, it is possible to mix over a strictly larger class of models without increasing the asymptotic time or space complexity of the original algorithm. We prove that this generalization preserves the desirable theoretical properties of Context Tree Weighting on stationary n-Markov sources, and show empirically that this new technique leads to consistent improvements over Context Tree Weighting as measured on the Calgary Corpus.",51,3.5,10.1109/DCC.2012.39,https://doi.org/10.1109/DCC.2012.39,1.1500
Fos17,Parameter-Free Online Learning via Model Selection,"Dylan J. Foster, Satyen Kale, M. Mohri, and Karthik Sridharan",2017,2017-12-30,Neural Information Processing Systems,,6020-6030,"We introduce an efficient algorithmic framework for model selection in online learning, also known as parameter-free online learning. Departing from previous work, which has focused on highly structured function classes such as nested balls in Hilbert space, we propose a generic meta-algorithm framework that achieves online model selection oracle inequalities under minimal structural assumptions. We give the first computationally efficient parameter-free algorithms that work in arbitrary Banach spaces under mild smoothness assumptions; previous results applied only to Hilbert spaces. We further derive new oracle inequalities for matrix classes, non-nested convex sets, and $\mathbb{R}^{d}$ with generic regularizers. Finally, we generalize these results by providing oracle inequalities for arbitrary non-linear classes in the online supervised learning model. These results are all derived through a unified meta-algorithm scheme using a novel ""multi-scale"" algorithm for prediction with expert advice based on random playout, which may be of independent interest.",65,7.7,,https://www.semanticscholar.org/paper/1340d0789112200d22fbbbfdd030e9cf71c67ebe,1.1200
Sti07,Optimal Causal Inference,"Susanne Still, J. Crutchfield, and C. J. Ellison",2007,2007-08-11,ArXiv,abs/0708.1580,,"We consider an information-theoretic objective function for statistical modeling of time series that embodies a parametrized trade-off between the predictive power of a model and the model’s complexity. We study two distinct cases of optimal causal inference, which we call optimal causal filtering (OCF) and optimal causal estimation (OCE). OCF corresponds to the ideal case of having infinite data. We show that OCF leads to the exact causal architecture of a stochastic process, in the limit in which the trade-off parameter tends to zero, thereby emphasizing prediction. Specifically, the filtering method reconstructs exactly the hidden, causal states. More generally, we establish that the method leads to a graded model-complexity hierarchy of approximations to the causal architecture. We show for nonideal cases with finite data (OCE) that the correct number of states can be found by adjusting for statistical fluctuations in probability estimates.",11,0.6,,https://www.semanticscholar.org/paper/0c8c8cd4275c7f3505ba0250d7f1be54842d9440,1.1000
Tet13,Synaptic Scaling Enables Dynamically Distinct Short- and Long-Term Memory Formation,"Christian Tetzlaff, Christoph Kolodziejski, M. Timme, M. Tsodyks, and F. Wörgötter",2013,2013-07-01,PLoS Computational Biology,9,,"Memory storage in the brain relies on mechanisms acting on time scales from minutes, for long-term synaptic potentiation, to days, for memory consolidation. During such processes, neural circuits distinguish synapses relevant for forming a long-term storage, which are consolidated, from synapses of short-term storage, which fade. How time scale integration and synaptic differentiation is simultaneously achieved remains unclear. Here we show that synaptic scaling – a slow process usually associated with the maintenance of activity homeostasis – combined with synaptic plasticity may simultaneously achieve both, thereby providing a natural separation of short- from long-term storage. The interaction between plasticity and scaling provides also an explanation for an established paradox where memory consolidation critically depends on the exact order of learning and recall. These results indicate that scaling may be fundamental for stabilizing memories, providing a dynamic link between early and late memory formation processes.",47,3.6,10.1186/1471-2202-14-S1-P415,https://doi.org/10.1186/1471-2202-14-S1-P415,1.1000
Kal04,Off-line replay maintains declarative memories in a model of hippocampal-neocortical interactions,S. Káli and P. Dayan,2004,2004-02-22,Nature Neuroscience,7,286-294,,173,7.8,10.1038/nn1202,https://doi.org/10.1038/nn1202,1.1000
Len07,Hippocampal Contributions to Control: The Third Way,M. Lengyel and P. Dayan,2007,2007-12-03,Neural Information Processing Systems,,889-896,"Recent experimental studies have focused on the specialization of different neural structures for different types of instrumental behavior. Recent theoretical work has provided normative accounts for why there should be more than one control system, and how the output of different controllers can be integrated. Two particlar controllers have been identified, one associated with a forward model and the prefrontal cortex and a second associated with computationally simpler, habitual, actor-critic methods and part of the striatum. We argue here for the normative appropriateness of an additional, but so far marginalized control system, associated with episodic memory, and involving the hippocampus and medial temporal cortices. We analyze in depth a class of simple environments to show that episodic control should be useful in a range of cases characterized by complexity and inferential noise, and most particularly at the very early stages of learning, long before habitization has set in. We interpret data on the transfer of control from the hippocampus to the striatum in the light of this hypothesis.",253,14,,https://www.semanticscholar.org/paper/c8e337a12df57783edb75eace2b8d67270a6823c,1.1000
Sat01,Online Model Selection Based on the Variational Bayes,Masa-aki Sato,2001,2001-07-01,Neural Computation,13,1649-1681,,431,17,10.1162/089976601750265045,https://doi.org/10.1162/089976601750265045,1.1000
Bel14,Skip Context Tree Switching,"Marc G. Bellemare, J. Veness, and Erik Talvitie",2014,2014-06-21,International Conference on Machine Learning,,1458-1466,"Context Tree Weighting is a powerful probabilistic sequence prediction technique that efficiently performs Bayesian model averaging over the class of all prediction suffix trees of bounded depth. In this paper we show how to generalize this technique to the class of K-skip prediction suffix trees. Contrary to regular prediction suffix trees, K-skip prediction suffix trees are permitted to ignore up to K contiguous portions of the context. This allows for significant improvements in predictive accuracy when irrelevant variables are present, a case which often occurs within record-aligned data and images. We provide a regret-based analysis of our approach, and empirically evaluate it on the Calgary corpus and a set of Atari 2600 screen prediction tasks.",45,3.8,,https://www.semanticscholar.org/paper/f6ca9c148417d4167ba8b72f185a35649dc4b446,1.1000
Ale24,A Lyapunov theory demonstrating a fundamental limit on the speed of systems consolidation,"Alireza Alemi, Emre R. F. Aksay, and Mark S. Goldman",2024,2024-02-02,ArXiv,,,"The nervous system reorganizes memories from an early site to a late site, a commonly observed feature of learning and memory systems known as systems consolidation. Previous work has suggested learning rules by which consolidation may occur. Here, we provide conditions under which such rules are guaranteed to lead to stable convergence of learning and consolidation. We use the theory of Lyapunov functions, which enforces stability by requiring learning rules to decrease an energy-like (Lyapunov) function. We present the theory in the context of a simple circuit architecture motivated by classic models of cerebellum-mediated learning and consolidation. Stability is only guaranteed if the learning rate in the late stage is not faster than the learning rate in the early stage. Further, the slower the learning rate at the late stage, the larger the perturbation the system can tolerate with a guarantee of stability. We provide intuition for this result by mapping a simple example consolidation model to a damped driven oscillator system and showing that the ratio of early- to late-stage learning rates in the consolidation model can be directly identified with the oscillator’s damping ratio. We then apply the theory to modeling the tuning by the cerebellum of a well-characterized analog short-term memory system, the oculomotor neural integrator, and find similar stability conditions. This work suggests the power of the Lyapunov approach to provide constraints on nervous system function.",1,0.4,10.48550/arXiv.2402.01605,https://doi.org/10.48550/arXiv.2402.01605,1.1000
Ale25,Lyapunov theory demonstrating a fundamental limit on the speed of systems consolidation,"Alireza Alemi, Emre R. F. Aksay, and Mark S. Goldman",2025,2025-05-21,Physical review research,7,,"The nervous system reorganizes memories from an early site to a late site, a commonly observed feature of learning and memory systems known as systems consolidation. Previous work has suggested learning rules by which consolidation may occur. Here, we provide conditions under which such rules are guaranteed to lead to stable convergence of learning and consolidation. We use the theory of Lyapunov functions, which enforces stability by requiring learning rules to decrease an energy-like (Lyapunov) function. We present the theory in the context of a simple circuit architecture motivated by classic models of cerebellum-mediated learning and consolidation. Stability is only guaranteed if the learning rate in the late stage is not faster than the learning rate in the early stage. Further, the slower the learning rate at the late stage, the larger the perturbation the system can tolerate with a guarantee of stability. We provide intuition for this result by mapping a simple example consolidation model to a damped driven oscillator system and showing that the ratio of early- to late-stage learning rates in the consolidation model can be directly identified with the oscillator’s damping ratio. We then apply the theory to modeling the tuning by the cerebellum of a well-characterized analog short-term memory system, the oculomotor neural integrator, and find similar stability conditions. This work suggests the power of the Lyapunov approach to provide constraints on nervous system function.",0,,10.1103/physrevresearch.7.023174,https://doi.org/10.1103/physrevresearch.7.023174,1.1000
Pen23,The Ideal Continual Learner: An Agent That Never Forgets,"Liangzu Peng, Paris V. Giampouras, and René Vidal",2023,2023-04-29,International Conference on Machine Learning,,27585-27610,"The goal of continual learning is to find a model that solves multiple learning tasks which are presented sequentially to the learner. A key challenge in this setting is that the learner may forget how to solve a previous task when learning a new task, a phenomenon known as catastrophic forgetting. To address this challenge, many practical methods have been proposed, including memory-based, regularization-based, and expansion-based methods. However, a rigorous theoretical understanding of these methods remains elusive. This paper aims to bridge this gap between theory and practice by proposing a new continual learning framework called Ideal Continual Learner (ICL), which is guaranteed to avoid catastrophic forgetting by construction. We show that ICL unifies multiple well-established continual learning methods and gives new theoretical insights into the strengths and weaknesses of these methods. We also derive generalization bounds for ICL which allow us to theoretically quantify how rehearsal affects generalization. Finally, we connect ICL to several classic subjects and research topics of modern interest, which allows us to make historical remarks and inspire future directions.",40,13,10.48550/arXiv.2305.00316,https://doi.org/10.48550/arXiv.2305.00316,1.1000
Fox10,Bayesian Nonparametric Methods for Learning Markov Switching Processes,"E. Fox, Erik B. Sudderth, Michael I. Jordan, and A. Willsky",2010,2010-10-18,IEEE Signal Processing Magazine,27,43-54,"In this article, we explored a Bayesian nonparametric approach to learning Markov switching processes. This framework requires one to make fewer assumptions about the underlying dynamics, and thereby allows the data to drive the complexity of the inferred model. We began by examining a Bayesian nonparametric HMM, the sticky HDPHMM, that uses a hierarchical DP prior to regularize an unbounded mode space. We then considered extensions to Markov switching processes with richer, conditionally linear dynamics, including the HDP-AR-HMM and HDP-SLDS. We concluded by considering methods for transferring knowledge among multiple related time series. We argued that a featural representation is more appropriate than a rigid global clustering, as it encourages sharing of behaviors among objects while still allowing sequence-specific variability. In this context, the beta process provides an appealing alternative to the DP.",79,5.1,10.1109/MSP.2010.937999,https://doi.org/10.1109/MSP.2010.937999,1.1000
Mcc93,Learning with Incomplete Selective Perception,A. McCallum,1993,1993-03-01,,,,"An agent with selective perception focuses its sensors on those parts of the environment that are relevant to the task at hand. Selective perception is an efficient method of gathering information from the world, but it presents problems for a learning agent when different actions are required in situations for which the selective perception system cannot produce distinguishing outputs. If this happens the agent is said to have incomplete perception, and the agent may be able to use internal state determined by past perceptions and actions in order to choose the correct action. .pp I propose research on learning algorithms that use short-term memory to disambiguate the incomplete perception that arises with selective perception. I present the Utile Distinction Memory (UDM) algorithm that solves the incomplete perception problem using a partially observable Markov decision process to represent the agent''s internal state space. A significant feature of the algorithm is that it will build an internal state space proportionate to the task at hand, not as large as would be required to represent all of the perceivable world. A second algorithm, part of work in progress, will keep the advantages of UDM while improving learning speed and the ability to recognize the significance of memories that span multiple time steps. .pp Learning to use memory is difficult and will require a strong bias to learn efficiently. I will investigate ``learning by watching'''' as a method of providing bias. Two applications I propose to study are: driving a simulated car using vision from the driver''s point of view; and setting a table with human cooperation or interference. Using the results of psychophysical experiments, I will compare my algorithm''s perceptual actions with the perceptual actions made by human subjects.",7,0.2,,https://www.semanticscholar.org/paper/c54a1a81a37a4946039befc57c2fee74d378cf35,1.1000
Mut18,Best of many worlds: Robust model selection for online supervised learning,"Vidya Muthukumar, Mitas Ray, Anant Sahai, and P. Bartlett",2018,2018-05-22,ArXiv,abs/1805.08562,,"We introduce algorithms for online, full-information prediction that are competitive with contextual tree experts of unknown complexity, in both probabilistic and adversarial settings. We show that by incorporating a probabilistic framework of structural risk minimization into existing adaptive algorithms, we can robustly learn not only the presence of stochastic structure when it exists (leading to constant as opposed to $\mathcal{O}(\sqrt{T})$ regret), but also the correct model order. We thus obtain regret bounds that are competitive with the regret of an optimal algorithm that possesses strong side information about both the complexity of the optimal contextual tree expert and whether the process generating the data is stochastic or adversarial. These are the first constructive guarantees on simultaneous adaptivity to the model and the presence of stochasticity.",8,1.0,,https://www.semanticscholar.org/paper/e9d7c208497c34bda1fea5f2a131a1ee41bc575d,1.0500
Sti14,Information Bottleneck Approach to Predictive Inference,Susanne Still,2014,2014-02-17,Entropy,16,968-989,"This paper synthesizes a recent line of work on automated predictive model making inspired by Rate-Distortion theory, in particular by the Information Bottleneck method. Predictive inference is interpreted as a strategy for efficient communication. The relationship to thermodynamic efficiency is discussed. The overall aim of this paper is to explain how this information theoretic approach provides an intuitive, overarching framework for predictive inference.",62,5.1,10.3390/e16020968,https://doi.org/10.3390/e16020968,1.0000
Sha00,"Information Bottlenecks, Causal States, and Statistical Relevance Bases: How to Represent Relevant Information in memoryless transduction",C. Shalizi and J. Crutchfield,2000,2000-06-16,Adv. Complex Syst.,5,91-96,"Discovering relevant, but possibly hidden, variables is a key step in constructing useful and predictive theories about the natural world. This brief note explains the connections between three approaches to this problem: the recently introduced information-bottleneck method, the computational mechanics approach to inferring optimal models, and Salmon's statistical relevance basis.",36,1.4,10.1142/S0219525902000481,https://doi.org/10.1142/S0219525902000481,1.0000
Chu19,Two-Timescale Networks for Nonlinear Value Function Approximation,"Wesley Chung, Somjit Nath, A. Joseph, and Martha White",2019,,International Conference on Learning Representations,,,"A key component for many reinforcement learning agents is to learn a value function, either for policy evaluation or control. Many of the algorithms for learning values, however, are designed for linear function approximation—with a fixed basis or fixed representation. Though there have been a few sound extensions to nonlinear function approximation, such as nonlinear gradient temporal difference learning, these methods have largely not been adopted, eschewed in favour of simpler but not sound methods like temporal difference learning and Q-learning. In this work, we provide a two-timescale network (TTN) architecture that enables linear methods to be used to learn values, with a nonlinear representation learned at a slower timescale. The approach facilitates the use of algorithms developed for the linear setting, such as data-efficient least-squares methods, eligibility traces and the myriad of recently developed linear policy evaluation algorithms, to provide nonlinear value estimates. We prove convergence for TTNs, with particular care given to ensure convergence of the fast linear component under potentially dependent features provided by the learned representation. We empirically demonstrate the benefits of TTNs, compared to other nonlinear value function approximation algorithms, both for policy evaluation and control.",51,7.0,10.7939/R3-DX5R-7020,https://doi.org/10.7939/R3-DX5R-7020,1.0000
Sub20,Approximate information state for approximate planning and reinforcement learning in partially observed systems,"Jayakumar Subramanian, Amit Sinha, Raihan Seraj, and A. Mahajan",2020,2020-10-17,ArXiv,abs/2010.08843,,"We propose a theoretical framework for approximate planning and learning in partially observed systems. Our framework is based on the fundamental notion of information state. We provide two equivalent definitions of information state---i) a function of history which is sufficient to compute the expected reward and predict its next value; ii) equivalently, a function of the history which can be recursively updated and is sufficient to compute the expected reward and predict the next observation. An information state always leads to a dynamic programming decomposition. Our key result is to show that if a function of the history (called approximate information state (AIS)) approximately satisfies the properties of the information state, then there is a corresponding approximate dynamic program. We show that the policy computed using this is approximately optimal with bounded loss of optimality. We show that several approximations in state, observation and action spaces in literature can be viewed as instances of AIS. In some of these cases, we obtain tighter bounds. A salient feature of AIS is that it can be learnt from data. We present AIS based multi-time scale policy gradient algorithms. and detailed numerical experiments with low, moderate and high dimensional environments.",112,20,,https://www.semanticscholar.org/paper/abde7540643e5093cba41a2e4554116bb9241980,1.0000
Ham13,Efficient learning and planning with compressed predictive states,"William L. Hamilton, M. M. Fard, and Joelle Pineau",2013,2013-12-01,J. Mach. Learn. Res.,15,3395-3439,"Predictive state representations (PSRs) offer an expressive framework for modelling partially observable systems. By compactly representing systems as functions of observable quantities, the PSR learning approach avoids using local-minima prone expectation-maximization and instead employs a globally optimal moment-based algorithm. Moreover, since PSRs do not require a predetermined latent state structure as an input, they offer an attractive framework for model-based reinforcement learning when agents must plan without a priori access to a system model. Unfortunately, the expressiveness of PSRs comes with significant computational cost, and this cost is a major factor inhibiting the use of PSRs in applications. In order to alleviate this shortcoming, we introduce the notion of compressed PSRs (CPSRs). The CPSR learning approach combines recent advancements in dimensionality reduction, incremental matrix decomposition, and compressed sensing. We show how this approach provides a principled avenue for learning accurate approximations of PSRs, drastically reducing the computational costs associated with learning while also providing effective regularization. Going further, we propose a planning framework which exploits these learned models. And we show that this approach facilitates model-learning and planning in large complex partially observable domains, a task that is infeasible without the principled use of compression.",43,3.4,10.5555/2627435.2750354,https://doi.org/10.5555/2627435.2750354,1.0000
Dim10,Bayesian variable order Markov models,Christos Dimitrakakis,2010,2010-03-31,International Conference on Artificial Intelligence and Statistics,,161-168,"We present a simple, effective generalisation of variable order Markov models to full online Bayesian estimation. The mechanism used is close to that employed in context tree weighting. The main contribution is the addition of a prior, conditioned on context, on the Markov order. The resulting construction uses a simple recursion and can be updated efficiently. This allows the model to make predictions using more complex contexts, as more data is acquired, if necessary. In addition, our model can be alternatively seen as a mixture of tree experts. Experimental results show that the predictive model exhibits consistently good performance in a variety of domains.",31,1.9,,https://www.semanticscholar.org/paper/ab50e1fa0f249c1c758729573d36a508dae9cb1d,1.0000
Sin99,Universal linear prediction by model order weighting,A. Singer and M. Feder,1999,1999-10-01,IEEE Trans. Signal Process.,47,2685-2699,"A common problem that arises in adaptive filtering, autoregressive modeling, or linear prediction is the selection of an appropriate order for the underlying linear parametric model. We address this problem for linear prediction, but instead of fixing a specific model order, we develop a sequential prediction algorithm whose sequentially accumulated average squared prediction error for any bounded individual sequence is as good as the performance attainable by the best sequential linear predictor of order less than some M. This predictor is found by transforming linear prediction into a problem analogous to the sequential probability assignment problem from universal coding theory. The resulting universal predictor uses essentially a performance-weighted average of all predictors for model orders less than M. Efficient lattice filters are used to generate the predictions of all the models recursively, resulting in a complexity of the universal algorithm that is no larger than that of the largest model order. Examples of prediction performance are provided for autoregressive and speech data as well as an example of adaptive data equalization.",153,5.7,10.1109/78.790651,https://doi.org/10.1109/78.790651,1.0000
Mcc96b,Hidden state and reinforcement learning with instance-based state identification,A. McCallum,1996,1996-06-01,"IEEE transactions on systems, man, and cybernetics. Part B, Cybernetics : a publication of the IEEE Systems, Man, and Cybernetics Society",26 3,"'
          464-73
        ","Real robots with real sensors are not omniscient. When a robot's next course of action depends on information that is hidden from the sensors because of problems such as occlusion, restricted range, bounded field of view and limited attention, we say the robot suffers from the hidden state problem. State identification techniques use history information to uncover hidden state. Some previous approaches to encoding history include: finite state machines, recurrent neural networks and genetic programming with indexed memory. A chief disadvantage of all these techniques is their long training time. This paper presents instance-based state identification, a new approach to reinforcement learning with state identification that learns with much fewer training steps. Noting that learning with history and learning in continuous spaces both share the property that they begin without knowing the granularity of the state space, the approach applies instance-based (or ""memory-based"") learning to history sequences-instead of recording instances in a continuous geometrical space, we record instances in action-percept-reward sequence space. The first implementation of this approach, called Nearest Sequence Memory, learns with an order of magnitude fewer steps than several previous approaches.",90,3.0,10.1109/3477.499796,https://doi.org/10.1109/3477.499796,1.0000
Kap18,Continual Reinforcement Learning with Complex Synapses,"Christos Kaplanis, M. Shanahan, and C. Clopath",2018,2018-02-20,International Conference on Machine Learning,,2502-2511,"Unlike humans, who are capable of continual learning over their lifetimes, artificial neural networks have long been known to suffer from a phenomenon known as catastrophic forgetting, whereby new learning can lead to abrupt erasure of previously acquired knowledge. Whereas in a neural network the parameters are typically modelled as scalar values, an individual synapse in the brain comprises a complex network of interacting biochemical components that evolve at different timescales. In this paper, we show that by equipping tabular and deep reinforcement learning agents with a synaptic model that incorporates this biological complexity (Benna & Fusi, 2016), catastrophic forgetting can be mitigated at multiple timescales. In particular, we find that as well as enabling continual learning across sequential training of two simple tasks, it can also be used to overcome within-task forgetting by reducing the need for an experience replay database.",102,12,,https://www.semanticscholar.org/paper/4b0e8a4df3605d5e22c9eacc3cb360ff08eb8c4e,1.0000
Kri21,Optimal Model Selection in Contextual Bandits with Many Classes via Offline Oracles,Sanath Kumar Krishnamurthy and S. Athey,2021,,ArXiv,abs/2106.06483,,"We study the problem of model selection for contextual bandits, in which the al-gorithm must balance the bias-variance trade-off for model estimation while also balancing the exploration-exploitationtrade-off. In this paper, we propose the ﬁrst reduction of model selection in contextual bandits to ofﬂine model selection oracles, allowing for ﬂexible general purpose algorithms with computational requirements no worse than those for model selection for regression. Our main result is a new model selection guarantee for stochastic contextual bandits. When one of the classes in our set is realizable, up to a logarithmic dependency on the number of classes, our algorithm attains optimal realizability-based regret bounds for that class under one of two conditions: if the time-horizon is large enough, or if an assumption that helps with detecting misspeciﬁcation holds. Hence our algorithm adapts to the complexity of this unknown class. Even when this realizable class is known, we prove improved regret guarantees in early rounds by relying on simpler model classes for those rounds and hence further establish the importance of model selection in contextual bandits.",10,1.9,,https://www.semanticscholar.org/paper/f40369ffd66b7476a7b630bd310be35069158a2d,1.0000
Don23,Does Sparsity Help in Learning Misspecified Linear Bandits?,Jialin Dong and Lin F. Yang,2023,2023-03-29,International Conference on Machine Learning,,8317-8333,"Recently, the study of linear misspecified bandits has generated intriguing implications of the hardness of learning in bandits and reinforcement learning (RL). In particular, Du et al. (2020) show that even if a learner is given linear features in $\mathbb{R}^d$ that approximate the rewards in a bandit or RL with a uniform error of $\varepsilon$, searching for an $O(\varepsilon)$-optimal action requires pulling at least $\Omega(\exp(d))$ queries. Furthermore, Lattimore et al. (2020) show that a degraded $O(\varepsilon\sqrt{d})$-optimal solution can be learned within $\operatorname{poly}(d/\varepsilon)$ queries. Yet it is unknown whether a structural assumption on the ground-truth parameter, such as sparsity, could break the $\varepsilon\sqrt{d}$ barrier. In this paper, we address this question by showing that algorithms can obtain $O(\varepsilon)$-optimal actions by querying $O(\varepsilon^{-s}d^s)$ actions, where $s$ is the sparsity parameter, removing the $\exp(d)$-dependence. We then establish information-theoretical lower bounds, i.e., $\Omega(\exp(s))$, to show that our upper bound on sample complexity is nearly tight if one demands an error $ O(s^{\delta}\varepsilon)$ for $0<\delta<1$. For $\delta\geq 1$, we further show that $\operatorname{poly}(s/\varepsilon)$ queries are possible when the linear features are""good""and even in general settings. These results provide a nearly complete picture of how sparsity can help in misspecified bandit learning and provide a deeper understanding of when linear features are""useful""for bandit and reinforcement learning with misspecification.",3,1.0,10.48550/arXiv.2303.16998,https://doi.org/10.48550/arXiv.2303.16998,1.0000
Cru89,Inferring statistical complexity.,J. Crutchfield and K. Young,1989,1989-07-10,Physical review letters,63 2,"'
          105-108
        ",Statistical mechanics is used to describe the observed information processing complexity of nonlinear dynamical systems. We introduce a measure of complexity distinct from and dual to the information theoretic entropies and dimensions. A technique is presented that directly reconstructs minimal equations of motion from the recursive structure of measurement sequences. Application to the period-doubling cascade demonstrates a form of superuniversality that refers only to the entropy and complexity of a data stream.,973,26,10.1103/PHYSREVLETT.63.105,https://doi.org/10.1103/PHYSREVLETT.63.105,1.0000
Yam98,A Decision-Theoretic Extension of Stochastic Complexity and Its Applications to Learning,K. Yamanishi,1998,1998-07-01,IEEE Trans. Inf. Theory,44,1424-1439,"Rissanen (1978) has introduced stochastic complexity to define the amount of information in a given data sequence relative to a given hypothesis class of probability densities, where the information is measured in terms of the logarithmic loss associated with universal data compression. This paper introduces the notion of extended stochastic complexity (ESC) and demonstrates its effectiveness in design and analysis of learning algorithms in on-line prediction and batch-learning scenarios. ESC can be thought of as an extension of Rissanen's stochastic complexity to the decision-theoretic setting where a general real-valued function is used as a hypothesis and a general loss function is used as a distortion measure. As an application of ESC to on-line prediction, this paper shows that a sequential realization of ESC produces an on-line prediction algorithm called Vovk's aggregating strategy, which can be thought of as an extension of the Bayes algorithm. We derive upper bounds on the cumulative loss for the aggregating strategy both of an expected form and a worst case form in the case where the hypothesis class is continuous. As an application of ESC to batch-learning, this paper shows that a batch-approximation of ESC induces a batch-learning algorithm called the minimum L-complexity algorithm (MLC), which is an extension of the minimum description length (MDL) principle. We derive upper bounds on the statistical risk for the MLC, which are the least to date. Through the ESC we give a unifying view of the most effective learning algorithms that have been explored in computational learning theory.",87,3.1,10.1109/18.681319,https://doi.org/10.1109/18.681319,1.0000
Nar03,"Adaptive control using multiple models, switching and tuning","K. Narendra, Osvaldo Driollet, M. Feiler, and Koshy George",2003,2003-03-01,International Journal of Adaptive Control and Signal Processing,17,,,17,0.7,10.1002/acs.740,https://doi.org/10.1002/acs.740,0.9500
Kot10,Following the Flattened Leader,"W. Kotłowski, P. Grünwald, and S. D. Rooij",2010,2010-07-01,Annual Conference Computational Learning Theory,,106-118,"We analyze the regret, measured in terms of log loss, of the maximum likelihood (ML) sequential prediction strategy. This “follow the leader” strategy also defines one of the main versions of Minimum Description Length model selection. We proved in prior work for single parameter exponential family models that (a) in the misspecified case, the redundancy of follow-the-leader is not 1 2 log n+O(1), as it is for other universal prediction strategies; as such, the strategy also yields suboptimal individual sequence regret and inferior model selection performance; and (b) that in general it is not possible to achieve the optimal redundancy when predictions are constrained to the distributions in the considered model. Here we describe a simple “flattening” of the sequential ML and related predictors, that does achieve the optimal worst case individual sequence regret of (k/2) log n + O(1) for k parameter exponential family models for bounded outcome spaces; for unbounded spaces, we provide almost-sure results. Simulations show a major improvement of the resulting model selection criterion.",10,0.6,,https://www.semanticscholar.org/paper/acec7cd7cfd22b71efa974ab49e04cb547fece83,0.9300
Kno18b,Spatio-temporal Bayesian On-line Changepoint Detection with Model Selection,Jeremias Knoblauch and T. Damoulas,2018,2018-05-14,International Conference on Machine Learning,,2723-2732,"Bayesian On-line Changepoint Detection is extended to on-line model selection and non-stationary spatio-temporal processes. We propose spatially structured Vector Autoregressions (VARs) for modelling the process between changepoints (CPs) and give an upper bound on the approximation error of such models. The resulting algorithm performs prediction, model selection and CP detection on-line. Its time complexity is linear and its space complexity constant, and thus it is two orders of magnitudes faster than its closest competitor. In addition, it outperforms the state of the art for multivariate data.",44,5.5,,https://www.semanticscholar.org/paper/e6d2588d205ab64b4db7b1d5f2b01d9862a4a243,0.9200
Yam97,On-Line Maximum Likelihood Prediction with Respect to General Loss Functions,K. Yamanishi,1997,1997-08-01,J. Comput. Syst. Sci.,55,105-118,"This paper introduces a new family of deterministic and stochastic on-line prediction algorithms which work with respect to general loss functions and analyzes their behavior in terms of expected loss bounds. The algorithms useparametric probabilistic modelsregardless of the kind of loss function used. The key ideas of the algorithms are to iteratively estimate the probabilistic model using the maximum likelihood method and then to construct an optimal prediction function that minimizes the average of the loss taken with respect to the estimated probabilistic model. A future outcome is predicted using this optimal prediction function. We analyze the algorithms in the cases where the target distribution is (1)k-dimensional parametric andkis known, (2)k-dimensional parametric butkis unknown, and (3) nonparametric. For all the cases, we derive upper bounds on the expected instantaneous or cumulative losses for the algorithms with respect to a large family of loss functions satisfying the constraint introduced by Merhav and Feder. These loss bounds show new universal relations among the expected prediction accuracy, the indexes of the loss function, the complexity of the target rule, and the number of training examples.",0,,10.1006/jcss.1997.1503,https://doi.org/10.1006/jcss.1997.1503,0.9100
Pen24,LoRanPAC: Low-rank Random Features and Pre-trained Models for Bridging Theory and Practice in Continual Learning,"Liangzu Peng, Juan Elenter, Joshua Agterberg, Alejandro Ribeiro, and René Vidal",2024,2024-10-01,International Conference on Learning Representations,,,"The goal of continual learning (CL) is to train a model that can solve multiple tasks presented sequentially. Recent CL approaches have achieved strong performance by leveraging large pre-trained models that generalize well to downstream tasks. However, such methods lack theoretical guarantees, making them prone to unexpected failures. Conversely, principled CL approaches often fail to achieve competitive performance. In this work, we aim to bridge this gap between theory and practice by designing a simple CL method that is theoretically sound and highly performant. Specifically, we lift pre-trained features into a higher dimensional space and formulate an over-parametrized minimum-norm least-squares problem. We find that the lifted features are highly ill-conditioned, potentially leading to large training errors (numerical instability) and increased generalization errors. We address these challenges by continually truncating the singular value decomposition of the lifted features. Our approach, termed LoRanPAC, is stable with respect to the choice of hyperparameters, can handle hundreds of tasks, and outperforms state-of-the-art CL methods on multiple datasets. Importantly, our method satisfies a recurrence relation throughout its continual learning process, which allows us to prove it maintains small training and test errors by appropriately truncating a fraction of SVD factors. This results in a stable continual learning method with strong empirical performance and theoretical guarantees. Code available: https://github.com/liangzu/loranpac.",6,3.7,,https://www.semanticscholar.org/paper/f344ff3e1ccbbf16b31cb688d26831034decd8d1,0.9000
Kri21b,Towards Costless Model Selection in Contextual Bandits: A Bias-Variance Perspective,"Sanath Kumar Krishnamurthy, Adrienne M. Propp, and Susan Athey",2021,2021-06-11,International Conference on Artificial Intelligence and Statistics,,2476-2484,"Model selection in supervised learning provides costless guarantees as if the model that best balances bias and variance was known a priori. We study the feasibility of similar guarantees for cumulative regret minimization in the stochastic contextual bandit setting. Recent work [Marinov and Zimmert, 2021] identifies instances where no algorithm can guarantee costless regret bounds. Nevertheless, we identify benign conditions where costless model selection is feasible: gradually increasing class complexity, and diminishing marginal returns for best-in-class policy value with increasing class complexity. Our algorithm is based on a novel misspecification test, and our analysis demonstrates the benefits of using model selection for reward estimation. Unlike prior work on model selection in contextual bandits, our algorithm carefully adapts to the evolving bias-variance trade-off as more data is collected. In particular, our algorithm and analysis go beyond adapting to the complexity of the simplest realizable class and instead adapt to the complexity of the simplest class whose estimation variance dominates the bias. For short horizons, this provides improved regret guarantees that depend on the complexity of simpler classes.",5,1.0,,https://www.semanticscholar.org/paper/bc9914583a69474df771dafab0d4144d1d517a40,0.9000
Kri21c,Adapting to misspecification in contextual bandits with offline regression oracles,"Sanath Kumar Krishnamurthy, Vitor Hadad, and S. Athey",2021,2021-02-26,ArXiv,abs/2102.13240,,"Computationally efficient contextual bandits are often based on estimating a predictive model of rewards given contexts and arms using past data. However, when the reward model is not well-specified, the bandit algorithm may incur unexpected regret, so recent work has focused on algorithms that are robust to misspecification. We propose a simple family of contextual bandit algorithms that adapt to misspecification error by reverting to a good safe policy when there is evidence that misspecification is causing a regret increase. Our algorithm requires only an offline regression oracle to ensure regret guarantees that gracefully degrade in terms of a measure of the average misspecification level. Compared to prior work, we attain similar regret guarantees, but we do no rely on a master algorithm, and do not require more robust oracles like online or constrained regression oracles (e.g., Foster et al. (2020a); Krishnamurthy et al. (2020)). This allows us to design algorithms for more general function approximation classes.",27,5.2,,https://www.semanticscholar.org/paper/6c4f209e2a378d3bc0b33bdb81906a6e6725e2f8,0.9000
Via21,Improved Algorithms for Misspecified Linear Markov Decision Processes,"Daniel Vial, Advait Parulekar, S. Shakkottai, and R. Srikant",2021,2021-09-12,ArXiv,abs/2109.05546,,"For the misspecified linear Markov decision process (MLMDP) model of Jin et al. [2020], we propose an algorithm with three desirable properties. (P1) Its regret after $K$ episodes scales as $K \max \{ \varepsilon_{\text{mis}}, \varepsilon_{\text{tol}} \}$, where $\varepsilon_{\text{mis}}$ is the degree of misspecification and $\varepsilon_{\text{tol}}$ is a user-specified error tolerance. (P2) Its space and per-episode time complexities remain bounded as $K \rightarrow \infty$. (P3) It does not require $\varepsilon_{\text{mis}}$ as input. To our knowledge, this is the first algorithm satisfying all three properties. For concrete choices of $\varepsilon_{\text{tol}}$, we also improve existing regret bounds (up to log factors) while achieving either (P2) or (P3) (existing algorithms satisfy neither). At a high level, our algorithm generalizes (to MLMDPs) and refines the Sup-Lin-UCB algorithm, which Takemura et al. [2021] recently showed satisfies (P3) for contextual bandits. We also provide an intuitive interpretation of their result, which informs the design of our algorithm.",7,1.5,,https://www.semanticscholar.org/paper/1ff7d5cbad5d320c8d4da773095d4bb22d423565,0.9000
Li20,Detecting and Adapting to Irregular Distribution Shifts in Bayesian Online Learning,"Aodong Li, Alex Boyd, Padhraic Smyth, and S. Mandt",2020,2020-12-15,Neural Information Processing Systems,,6816-6828,"We consider the problem of online learning in the presence of distribution shifts that occur at an unknown rate and of unknown intensity. We derive a new Bayesian online inference approach to simultaneously infer these distribution shifts and adapt the model to the detected changes by integrating ideas from change point detection, switching dynamical systems, and Bayesian online learning. Using a binary 'change variable,' we construct an informative prior such that--if a change is detected--the model partially erases the information of past model updates by tempering to facilitate adaptation to the new data distribution. Furthermore, the approach uses beam search to track multiple change-point hypotheses and selects the most probable one in hindsight. Our proposed method is model-agnostic, applicable in both supervised and unsupervised learning settings, suitable for an environment of concept drifts or covariate drifts, and yields improvements over state-of-the-art Bayesian online learning approaches.",31,5.7,,https://www.semanticscholar.org/paper/4b891bc552f51b9396511202d9d6f6c697382126,0.9000
Woo06,A Non-Parametric Bayesian Method for Inferring Hidden Causes,"F. Wood, T. Griffiths, and Zoubin Ghahramani",2006,2006-07-13,ArXiv,abs/1206.6865,,"We present a non-parametric Bayesian approach to structure learning with hidden causes. Previous Bayesian treatments of this problem define a prior over the number of hidden causes and use algorithms such as reversible jump Markov chain Monte Carlo to move between solutions. In contrast, we assume that the number of hidden causes is unbounded, but only a finite number influence observable variables. This makes it possible to use a Gibbs sampler to approximate the distribution over causal structures. We evaluate the performance of both approaches in discovering hidden causes in simulated data, and use our non-parametric approach to discover hidden causes in a real medical dataset.",99,5.0,,https://www.semanticscholar.org/paper/77d1549b43efe3a89f0c072135924553f37118a5,0.9000
Spe23,A generative model of memory construction and consolidation,Eleanor Spens and N. Burgess,2023,2023-05-30,Nature Human Behaviour,8,526 - 543,"Episodic memories are (re)constructed, combining unique features with familiar schemas, share neural substrates with imagination, and show schema-based distortions that increase with consolidation. Here we present a computational model in which hippocampal replay (from an autoassociative network) trains generative models (variational autoencoders) in neo-cortex to (re)create sensory experiences via latent variable representations in entorhinal, medial prefrontal, and anterolateral temporal cortices. Simulations show effects of memory age and hippocampal lesions in agreement with previous models, but also provide mechanisms for se-mantic memory, imagination, episodic future thinking, relational inference, and schema-based distortions including boundary extension. The model explains how unique sensory and predict-able conceptual or schematic elements of memories are stored and reconstructed by efficiently combining both hippocampal and neocortical systems, optimising the use of limited hippocam-pal storage for new and unusual information. Overall, we believe hippocampal replay training neocortical generative models provides a comprehensive account of memory construction, ima-gination and consolidation.",88,30,10.1038/s41562-023-01799-z,https://doi.org/10.1038/s41562-023-01799-z,0.9000
Erv07,Switching between Predictors with an Application in Density Estimation,"Van Erven, D. Rooij, and P. Grünwald",2007,,,,149-156,"Universal coding is the standard technique for combining multiple predictors. This technique is explicitly used in minimum description length modeling, and implicitly in Bayesian modeling. Using universal coding, one can predict nearly as well as the best single predictor. When the predictors are themselves universal codes for models (sets of predictors) with varying number of parameters, however, we may often achieve smaller loss by switching between predictors in a different manner, which takes the local relative behaviour of the predictors into account. In this paper we present the switch-code, which implements this idea. It can be applied to coding, model selection, prediction and density estimation problems. As a proof of concept we give a particular application to histogram density estimation. We show that the switch-code achieves smaller redundancy, O(n1/3 log log n), than standard universal coding, which achieves O(n1/3(log n)2/3).",0,,,https://www.semanticscholar.org/paper/fee6e8b6bfd008202590ce83c26cd89ae10967fe,0.9000
Wol08,Approximate predictive state representations,"Britton Wolfe, Michael R. James, and Satinder Singh",2008,2008-05-12,Adaptive Agents and Multi-Agent Systems,,363-370,"Predictive state representations (PSRs) are models that represent the state of a dynamical system as a set of predictions about future events. The existing work with PSRs focuses on trying to learn exact models, an approach that cannot scale to complex dynamical systems. In contrast, our work takes the first steps in developing a theory of approximate PSRs. We examine the consequences of using an approximate predictive state representation, bounding the error of the approximate state under certain conditions. We also introduce factored PSRs, a class of PSRs with a particular approximate state representation. We show that the class of factored PSRs allow one to tune the degree of approximation by trading off accuracy for compactness. We demonstrate this trade-off empirically on some example systems, using factored PSRs that were learned from data.",13,0.7,10.65109/wtqk6477,https://doi.org/10.65109/wtqk6477,0.9000
Kul15,Spectral Learning of Predictive State Representations with Insufficient Statistics,"Alex Kulesza, Nan Jiang, and Satinder Singh",2015,2015-01-25,AAAI Conference on Artificial Intelligence,,2715-2721,"'
 
 Predictive state representations (PSRs) are models of dynamical systems that represent state as a vector of predictions about future observable events (tests) conditioned on past observed events (histories). If a practitioner selects finite sets of tests and histories that are known to be sufficient to completely capture the system, an exact PSR can be learned in polynomial time using spectral methods. However, most real-world systems are complex, and in practice computational constraints limit us to small sets of tests and histories which are therefore never truly sufficient. How, then, should we choose these sets? Existing theory offers little guidance here, and yet we show that the choice is highly consequential -- tests and histories selected at random or by a naive rule significantly underperform the best sets. In this paper we approach the problem both theoretically and empirically. While any fixed system can be represented by an infinite number of equivalent but distinct PSRs, we show that in the computationally unconstrained setting, where existing theory guarantees accurate predictions, the PSRs learned by spectral methods always satisfy a particular spectral bound. Adapting this idea, we propose a simple algorithmic technique to search for sets of tests and histories that approximately satisfy the bound while respecting computational limits. Empirically, our method significantly reduces prediction errors compared to standard spectral learning approaches.
 
",29,2.6,10.1609/aaai.v29i1.9635,https://doi.org/10.1609/aaai.v29i1.9635,0.9000
Bia00,"Predictability, Complexity, and Learning","W. Bialek, I. Nemenman, and Naftali Tishby",2000,2000-07-19,Neural Computation,13,2409-2463,"We define predictive information Ipred(T) as the mutual information between the past and the future of a time series. Three qualitatively different behaviors are found in the limit of large observation times T: Ipred(T) can remain finite, grow logarithmically, or grow as a fractional power law. If the time series allows us to learn a model with a finite number of parameters, then Ipred(T) grows logarithmically with a coefficient that counts the dimensionality of the model space. In contrast, power-law growth is associated, for example, with the learning of infinite parameter (or non-parametric) models such as continuous functions with smoothness constraints. There are connections between the predictive information and measures of complexity that have been defined both in learning theory and the analysis of physical systems through statistical mechanics and dynamical systems theory. Furthermore, in the same way that entropy provides the unique measure of available information consistent with some simple and plausible conditions, we argue that the divergent part of Ipred(T) provides the unique measure for the complexity of dynamics underlying a time series. Finally, we discuss how these ideas may be useful in problems in physics, statistics, and biology.",216,8.4,10.1162/089976601753195969,https://doi.org/10.1162/089976601753195969,0.9000
Ay04,Reductions of Hidden Information Sources,N. Ay and J. Crutchfield,2004,2004-05-21,Journal of Statistical Physics,120,659-684,"In all but special circumstances, measurements of time-dependent processes reflect internal structures and correlations only indirectly. Building predictive models of such hidden information sources requires discovering, in some way, the internal states and mechanisms. Unfortunately, there are often many possible models that are observationally equivalent. Here we show that the situation is not as arbitrary as one would think. We show that generators of hidden stochastic processes can be reduced to a minimal form and compare this reduced representation to that provided by computational mechanics – the ε-machine. On the way to developing deeper, measure-theoretic foundations for the latter, we introduce a new two-step reduction process. The first step (internal-event reduction) produces the smallest observationally equivalent σ-algebra and the second (internal-state reduction) removes σ-algebra components that are redundant for optimal prediction. For several classes of stochastic dynamical systems these reductions produce representations that are equivalent to ε-machines.",15,0.7,10.1007/s10955-005-6797-4,https://doi.org/10.1007/s10955-005-6797-4,0.9000
Fin04,When do differences matter? On-line feature extraction through cognitive economy,D. Finton,2004,2004-04-14,ArXiv,cs.LG/0404032,,"For an intelligent agent to be truly autonomous, it must be able to adapt its representation to the requirements of its task as it interacts with the world. Most current approaches to on-line feature extraction are ad hoc; in contrast, this paper derives principled criteria for representational adequacy by applying the psychological principle of cognitive economy to reinforcement learning. The criteria are principled because they are based on an analysis of the amount of reward the agent forfeits when it generalizes over states. This analysis shows that action-value errors are sometimes irrelevant, and that the agent may optimize its performance with limited cognitive resources by grouping together states whose differences do not matter in its task. The paper presents an algorithm based on this analysis, incorporating an active form of Q-learning and partitioning continuous state-spaces by merging and splitting Voronoi regions. The experiments illustrate a new methodology for testing and comparing representations by means of learning curves. Results from the puck-on-a-hill task demonstrate the algorithm's ability to learn effective representations, superior to those produced by some other, well-known, methods.",7,0.3,10.1016/j.cogsys.2004.06.005,https://doi.org/10.1016/j.cogsys.2004.06.005,0.9000
Oka26,A Thermodynamic Theory of Learning Part II: Critical Period Closure and Continual Learning Failure,Daisuke Okanohara,2026,2026-02-08,ArXiv,abs/2602.07950,,"Learning performed over finite time is inherently irreversible. In Part~I of this series, we modeled learning as a transport process in the space of parameter distributions and derived the Epistemic Speed Limit (ESL), which lower-bounds entropy production under finite-time dynamics. In this work (Part~II), we show that irreversibility imposes a geometric restriction on future adaptability through the compositional structure of learning dynamics. Successive learning phases compose multiplicatively as transport maps, and their Jacobians form a semigroup whose rank and singular values are submultiplicative. As a result, dynamically usable degrees of reconfiguration can only decrease under composition. We formalize the remaining adaptability of a model in terms of compatible effective rank, defined as the log-volume of task-preserving directions that remain dynamically accessible. Although task performance may remain unchanged, finite-time learning can progressively reduce this reconfiguration capacity. We prove a capacity-threshold criterion for continual learning: let m_B denote the stable rank of the Hessian of a new task B restricted to the task-preserving manifold of a previously learned task A. If m_B exceeds the residual compatible effective rank, then task B is trajectory-level incompatible with task A; any sufficient adaptation necessarily induces forgetting. Thus catastrophic forgetting arises not from the absence of multi-task solutions, but from irreversible loss of reconfiguration capacity under compositional learning dynamics. This establishes a trajectory-level capacity limit for continual learning.",0,,10.48550/arXiv.2602.07950,https://doi.org/10.48550/arXiv.2602.07950,0.9000
Sha24,Order parameters and phase transitions of continual learning in deep neural networks,"Haozhe Shan, Qianyi Li, and H. Sompolinsky",2024,2024-07-14,Proceedings of the National Academy of Sciences of the United States of America,123,,"Significance Continual learning (CL), the ability to learn new tasks without forgetting existing ones, is one of the greatest challenges in AI. Our work provides an analytically tractable theory that captures some key phenomena of CL in deep, wide neural networks. We highlight several “order parameters” that measure the similarity between tasks and show that they can be highly predictive of CL behaviors on classic benchmark tasks. Strikingly, we identify a set of phase transitions where the network’s CL ability changes abruptly with the order parameter. Our results provide quantitative understanding of how CL ability depends on task relations, network architectures, and learning procedures.",12,6.5,10.1073/pnas.2501899123,https://doi.org/10.1073/pnas.2501899123,0.9000
Tah25,On the Theory of Continual Learning with Gradient Descent for Neural Networks,"Hossein Taheri, A. Ghosh, and Arya Mazumdar",2025,2025-10-07,ArXiv,abs/2510.05573,,"Continual learning, the ability of a model to adapt to an ongoing sequence of tasks without forgetting earlier ones, is a central goal of artificial intelligence. To better understand its underlying mechanisms, we study the limitations of continual learning in a tractable yet representative setting. Specifically, we analyze one-hidden-layer quadratic neural networks trained by gradient descent on a sequence of XOR-cluster datasets with Gaussian noise, where different tasks correspond to clusters with orthogonal means. Our analysis is based on a tight characterization of gradient descent dynamics for the training loss, which yields explicit bounds on the rate of train-time forgetting as functions of the number of iterations, sample size, number of tasks, and hidden-layer width. We then leverage an algorithmic stability framework to bound the generalization gap, leading to corresponding guarantees on test-time forgetting. Together, our results provide the first closed-form guarantees for forgetting in continual learning with neural networks and show how key problem parameters jointly govern forgetting dynamics. Numerical experiments corroborate our theoretical results.",0,,10.48550/arXiv.2510.05573,https://doi.org/10.48550/arXiv.2510.05573,0.9000
Iat25,Two-factor synaptic consolidation reconciles robustness with pruning and homeostatic scaling,"Georgios Iatropoulos, W. Gerstner, and Johanni Brea",2025,2025-10-31,Proceedings of the National Academy of Sciences of the United States of America,122,,"Significance While most experiences are forgotten after only a few days, some memories can last an entire lifetime. The neurophysiological mechanisms that enable such memory preservation are poorly understood but are believed to be active during sleep, when neurons replay past events, prune their synapses, and regulate their firing. We provide a unified mathematical explanation for these processes in the form of an algorithm that stores memories in neural networks with maximal noise robustness. By representing each synapse as a product of two factors, our model automatically removes and tunes appropriate connections, while homeostatically scaling each neuron’s input. Our model reproduces experimental signs of activity-dependent rewiring and long-term memory formation in synaptic, cortical, and psychological data, and offers testable predictions.",0,,10.1073/pnas.2422602122,https://doi.org/10.1073/pnas.2422602122,0.9000
Erv06,The Momentum Problem in MDL and Bayesian Prediction,T. Erven,2006,2006-05-01,,,,"Preface "" Prediction is very difficult, especially about the future. "" The Minimum Description Length (MDL) principle provides a powerful philosophy for learning from observations of the past [Grünwald et al., 2005; Ris-sanen, 1989]. It equates learning with compressing the observational data. As is common in science, there may be multiple contending explanations, or models, for the data. In this thesis we investigate an application of the MDL principle to prediction of the future when there are at least two such models. We will show that the regular, commonly used form of MDL can behave suboptimally and present a refinement of regular MDL that we call the Switch-Point procedure. Being based on data compression, the Switch-Point procedure may still be considered an application of the MDL principle, although it differs from the way in which MDL is usually applied. For the convenience of readers with a background in Bayesian statistics, we give an interpretation of the regular MDL procedure as an instance of Bayesian Model Averaging (BMA). As a consequence our results on MDL transfer to BMA directly. Our first contribution is to identify the momentum phenomenon, which arises when one model enables the most accurate predictions of the future given few observations of the past, but predictions based on another model become more accurate when more data are collected. Essentially, this may happen whenever the models themselves represent compound explanations. i ii Preface The momentum phenomenon will not occur, for example, if one model, M 0 , represents the conjecture that the data come from repeated tosses of a biased coin with probability 3/5 of coming up heads, and the other model, M 1 , describes the data as tosses of a coin with probability 4/7 of coming up heads. It can occur, however, if M 1 were to represent the hypothesis that the data come from a coin with unknown probability p of coming up heads. This latter model basically combines all the specific explanations "" the probability of coming up heads is 4/7 "" into the compound explanation "" the probability of coming up heads may be any fixed value p "". The momentum phenomenon can occur, in that case, if the relative frequency of heads in the data converges to some number f , which is close to, but not equal to 3/5. If this happens, then for few observations of the past the slightly incorrect, …",3,0.1,,https://www.semanticscholar.org/paper/5c817187ca78dc3171853b6fe4ddd0d2999aaca8,0.8600
Tit23,Kalman Filter for Online Classification of Non-Stationary Data,Michalis K. Titsias et al.,2023,2023-06-14,ArXiv,abs/2306.08448,,"In Online Continual Learning (OCL) a learning system receives a stream of data and sequentially performs prediction and training steps. Important challenges in OCL are concerned with automatic adaptation to the particular non-stationary structure of the data, and with quantification of predictive uncertainty. Motivated by these challenges we introduce a probabilistic Bayesian online learning model by using a (possibly pretrained) neural representation and a state space model over the linear predictor weights. Non-stationarity over the linear predictor weights is modelled using a parameter drift transition density, parametrized by a coefficient that quantifies forgetting. Inference in the model is implemented with efficient Kalman filter recursions which track the posterior distribution over the linear weights, while online SGD updates over the transition dynamics coefficient allows to adapt to the non-stationarity seen in data. While the framework is developed assuming a linear Gaussian model, we also extend it to deal with classification problems and for fine-tuning the deep learning representation. In a set of experiments in multi-class classification using data sets such as CIFAR-100 and CLOC we demonstrate the predictive ability of the model and its flexibility to capture non-stationarity.",14,4.8,10.48550/arXiv.2306.08448,https://doi.org/10.48550/arXiv.2306.08448,0.8400
Yam07,Dynamic Model Selection With its Applications to Novelty Detection,K. Yamanishi and Y. Maruyama,2007,2007-06-01,IEEE Transactions on Information Theory,53,2180-2189,,33,1.7,10.1109/TIT.2007.896890,https://doi.org/10.1109/TIT.2007.896890,0.8200
Eff21,Efﬁcient Streaming Inference for Inﬁnite Latent Feature Models,,2021,,,,,"Bayesian nonparametrics are a classic Bayesian approach to continual learning, in which the non-parametric model grows in representational capacity as more data are observed. One Bayesian nonparametric model, the Indian Buffet Process (IBP), is used when the stream of data is assumed to be generated by an unknown number of binary latent features. However, use of the IBP has been limited by the lack of inference algorithms for the online setting. Here we propose a Bayesian recursion called the Recursive IBP (R-IBP) that efﬁciently ﬁlters a posterior distribution over latent features from a sequence of observations in a streaming manner. R-IBP can be combined with a variety of other models whenever the number of components is unknown, including independent component analysis (ICA), non-negative matrix factorization (NMF), and factor analysis (FA). Our recursive ﬁlter has quasilinear average time complexity and logarithmic average space complexity in the number of observations.",0,,,https://www.semanticscholar.org/paper/8feb1c850b773d06d7231136f3af4d9b9b50975e,0.8000
Spe22,Constructing Memory: Consolidation as Teacher-Student Training of a Generative Model,Eleanor Spens and Neil Burgess,2022,,,,,"Human episodic memories are (re)constructed, share neural substrates with imag-ination, and show systematic biases that increase as they are consolidated into semantic memory. Here we suggest that these main features of human memory are characteristic of ‘teacher-student’ training of a neocortical generative model by a one-shot memory system in the hippocampal formation (HF). As we simulate with image datasets, the ‘students’ (variational autoencoders) in association cortex develop a compressed ‘latent variable’ representation of experience by learning to reconstruct replayed samples from the ‘teacher’ (a modern Hopfield network). Recall and imagination require these representations to be decoded into sensory experience by the HF and return projections to sensory cortex, whereas semantic memory and inference rely directly on the latent variables without requiring the HF. We extend preceding models to explain the construction of episodic memory, and the interaction between semantic memory and episode generation more broadly.",0,,,https://www.semanticscholar.org/paper/6ab939fac97b770f045ea17bce0a3697fcb003ea,0.8000
San16,Memory Transformation Enhances Reinforcement Learning in Dynamic Environments,"Adam Santoro, P. Frankland, and B. Richards",2016,2016-11-30,The Journal of Neuroscience,36,12228 - 12242,"Over the course of systems consolidation, there is a switch from a reliance on detailed episodic memories to generalized schematic memories. This switch is sometimes referred to as “memory transformation.” Here we demonstrate a previously unappreciated benefit of memory transformation, namely, its ability to enhance reinforcement learning in a dynamic environment. We developed a neural network that is trained to find rewards in a foraging task where reward locations are continuously changing. The network can use memories for specific locations (episodic memories) and statistical patterns of locations (schematic memories) to guide its search. We find that switching from an episodic to a schematic strategy over time leads to enhanced performance due to the tendency for the reward location to be highly correlated with itself in the short-term, but regress to a stable distribution in the long-term. We also show that the statistics of the environment determine the optimal utilization of both types of memory. Our work recasts the theoretical question of why memory transformation occurs, shifting the focus from the avoidance of memory interference toward the enhancement of reinforcement learning across multiple timescales. SIGNIFICANCE STATEMENT As time passes, memories transform from a highly detailed state to a more gist-like state, in a process called “memory transformation.” Theories of memory transformation speak to its advantages in terms of reducing memory interference, increasing memory robustness, and building models of the environment. However, the role of memory transformation from the perspective of an agent that continuously acts and receives reward in its environment is not well explored. In this work, we demonstrate a view of memory transformation that defines it as a way of optimizing behavior across multiple timescales.",22,2.3,10.1523/JNEUROSCI.0763-16.2016,https://doi.org/10.1523/JNEUROSCI.0763-16.2016,0.8000
Way18,Unsupervised Predictive Memory in a Goal-Directed Agent,Greg Wayne et al.,2018,2018-03-28,ArXiv,abs/1803.10760,,"Animals execute goal-directed behaviours despite the limited range and scope of their sensors. To cope, they explore environments and store memories maintaining estimates of important information that is not presently available. Recently, progress has been made with artificial intelligence (AI) agents that learn to perform tasks from sensory input, even at a human level, by merging reinforcement learning (RL) algorithms with deep neural networks, and the excitement surrounding these results has led to the pursuit of related ideas as explanations of non-human animal learning. However, we demonstrate that contemporary RL algorithms struggle to solve simple tasks when enough information is concealed from the sensors of the agent, a property called ""partial observability"". An obvious requirement for handling partially observed tasks is access to extensive memory, but we show memory is not enough; it is critical that the right information be stored in the right format. We develop a model, the Memory, RL, and Inference Network (MERLIN), in which memory formation is guided by a process of predictive modeling. MERLIN facilitates the solution of tasks in 3D virtual reality environments for which partial observability is severe and memories must be maintained over long durations. Our model demonstrates a single learning agent architecture that can solve canonical behavioural tasks in psychology and neurobiology without strong simplifying assumptions about the dimensionality of sensory input or the duration of experiences.",204,25,,https://www.semanticscholar.org/paper/c6a5e6a594adcfb8b1a9bb67975ebc439ceab4a9,0.8000
Maa02,Model Growth,J. V. Maanen and Marcus Hutter,2002,,,,,"The algorithmic method of inductive inference that Ray Solomonoff proposes in (Solomonoff, 1964) is not interactive. Marcus Hutter defines how to add interactivity to the inductive method based on the assumption that the environment supplies a utility function (Hutter, 2000). This paper discusses the possibility of a framework based on a utility function that is internal to the learning subject and independent of the environment. The internal utility function should measure the amount of information extracted from the interaction with the environment. The Minimum Description Length principle (MDL) proposed by Jorma Rissanen (Rissanen, 1989) supplies a framework that clearly separates a statistical model that represents the extracted information from the exact representation of the data. Algorithmic Statistics (Gács et al., 2001) should be able to bridge the gap between the algorithmic approach of Solomonoff and the statistical approach of Rissanen.",221,9.1,,https://www.semanticscholar.org/paper/eb1da3a0e70ecad7fca3f64265a7a7434cf8849f,0.8000
Mar16,Predictive Rate-Distortion for Infinite-Order Markov Processes,Sarah E. Marzen and J. Crutchfield,2016,2016-05-03,Journal of Statistical Physics,163,1312 - 1338,,35,3.5,10.1007/s10955-016-1520-1,https://doi.org/10.1007/s10955-016-1520-1,0.8000
Mar14b,Circumventing the Curse of Dimensionality in Prediction: Causal Rate-Distortion for Infinite-Order Markov Processes,Sarah E. Marzen and J. Crutchfield,2014,2014-12-08,ArXiv,abs/1412.2859,,"Author(s): Marzen, Sarah; Crutchfield, James P | Abstract: Predictive rate-distortion analysis suffers from the curse of dimensionality: clustering arbitrarily long pasts to retain information about arbitrarily long futures requires resources that typically grow exponentially with length. The challenge is compounded for infinite-order Markov processes, since conditioning on finite sequences cannot capture all of their past dependencies. Spectral arguments show that algorithms which cluster finite-length sequences fail dramatically when the underlying process has long-range temporal correlations and can fail even for processes generated by finite-memory hidden Markov models. We circumvent the curse of dimensionality in rate-distortion analysis of infinite-order processes by casting predictive rate-distortion objective functions in terms of the forward- and reverse-time causal states of computational mechanics. Examples demonstrate that the resulting causal rate-distortion theory substantially improves current predictive rate-distortion analyses.",10,0.9,,https://www.semanticscholar.org/paper/5308a461868cde8b8d175eee0de4eea699028d14,0.8000
Asa06,Simultaneous Learning of Action and Space Hierarchies in Reinforcement Learning,Mehran Asadi and A. Agah,2006,,International Conference on Artificial Intelligence,,250-255,"This paper presents a new method for the autonomous construction of hierarchical action and state representations in reinforcement learning, aimed at accel erating learning and extending the scope of such systems. In this approach, the agent uses information acquired while learning one task to discover subgoals for similar tasks by analyzing the learned policy using Monte Carlo sampling. The agent is able to transfer this knowledge to subsequent tasks and to accelerate learning by creating corresponding subtask policies as abstract actions (options). At the same time, the subgoal actions are used to construct a more abstract state representation using action-dependent sta te space partitioning, adding a new level to the state space hierarchy. This level serves as the initial representation for new learning tasks. In order to ensure that tasks are learnable, value functions are built simultaneously at different levels of hierarchy and inconsistencies are used to identify actions to be used to refine relevant portions of the abstract state space.",0,,,https://www.semanticscholar.org/paper/12e6d20386166840176d3c5a29b902d351452882,0.8000
Cha25d,On Understanding of the Dynamics of Model Capacity in Continual Learning,Supriyo Chakraborty and Krishnan Raghavan,2025,2025-08-11,ArXiv,abs/2508.08052,,"The stability-plasticity dilemma, closely related to a neural network's (NN) capacity-its ability to represent tasks-is a fundamental challenge in continual learning (CL). Within this context, we introduce CL's effective model capacity (CLEMC) that characterizes the dynamic behavior of the stability-plasticity balance point. We develop a difference equation to model the evolution of the interplay between the NN, task data, and optimization procedure. We then leverage CLEMC to demonstrate that the effective capacity-and, by extension, the stability-plasticity balance point is inherently non-stationary. We show that regardless of the NN architecture or optimization method, a NN's ability to represent new tasks diminishes when incoming task distributions differ from previous ones. We conduct extensive experiments to support our theoretical findings, spanning a range of architectures-from small feedforward network and convolutional networks to medium-sized graph neural networks and transformer-based large language models with millions of parameters.",0,,10.48550/arXiv.2508.08052,https://doi.org/10.48550/arXiv.2508.08052,0.8000
Zha23,On the Interplay Between Misspecification and Sub-optimality Gap in Linear Contextual Bandits,"Weitong Zhang, Jiafan He, Zhiyuan Fan, and Quanquan Gu",2023,2023-03-16,ArXiv,abs/2303.09390,,"We study linear contextual bandits in the misspecified setting, where the expected reward function can be approximated by a linear function class up to a bounded misspecification level $\zeta>0$. We propose an algorithm based on a novel data selection scheme, which only selects the contextual vectors with large uncertainty for online regression. We show that, when the misspecification level $\zeta$ is dominated by $\tilde O (\Delta / \sqrt{d})$ with $\Delta$ being the minimal sub-optimality gap and $d$ being the dimension of the contextual vectors, our algorithm enjoys the same gap-dependent regret bound $\tilde O (d^2/\Delta)$ as in the well-specified setting up to logarithmic factors. In addition, we show that an existing algorithm SupLinUCB (Chu et al., 2011) can also achieve a gap-dependent constant regret bound without the knowledge of sub-optimality gap $\Delta$. Together with a lower bound adapted from Lattimore et al. (2020), our result suggests an interplay between misspecification level and the sub-optimality gap: (1) the linear contextual bandit model is efficiently learnable when $\zeta \leq \tilde O(\Delta / \sqrt{d})$; and (2) it is not efficiently learnable when $\zeta \geq \tilde \Omega({\Delta} / {\sqrt{d}})$. Experiments on both synthetic and real-world datasets corroborate our theoretical results.",6,1.9,10.48550/arXiv.2303.09390,https://doi.org/10.48550/arXiv.2303.09390,0.8000
Har19,Continuous Meta-Learning without Tasks,"James Harrison, Apoorva Sharma, Chelsea Finn, and M. Pavone",2019,2019-09-25,ArXiv,abs/1912.08866,,"Meta-learning is a promising strategy for learning to efficiently learn within new tasks, using data gathered from a distribution of tasks. However, the meta-learning literature thus far has focused on the task segmented setting, where at train-time, offline data is assumed to be split according to the underlying task, and at test-time, the algorithms are optimized to learn in a single task. In this work, we enable the application of generic meta-learning algorithms to settings where this task segmentation is unavailable, such as continual online learning with a time-varying task. We present meta-learning via online changepoint analysis (MOCA), an approach which augments a meta-learning algorithm with a differentiable Bayesian changepoint detection scheme. The framework allows both training and testing directly on time series data without segmenting it into discrete tasks. We demonstrate the utility of this approach on a nonlinear meta-regression benchmark as well as two meta-image-classification benchmarks.",83,12,,https://www.semanticscholar.org/paper/48e8fa777c89132b82902ffaa2f2c889c494a9a8,0.7800
Ngu12c,Transfer Learning as Representation Selection,"Trung Nguyen-Thanh, T. Silander, and T. Leong",2012,,,,,"An appropriate representation of the environment is often key to efficient problem solving. Consequently, it may be helpful for an agent to use different representations in different environments. In this paper, we study selecting and adapting multiple abstractions or representations of environments in reinforcement learning. We address the challenges of transfer learning in heterogeneous environments with varying tasks. We present a system that, through a sequence of tasks, learns a set of world representations to be used in future tasks. We demonstrate the jumpstart and faster convergence to near optimum effects of our system. We also discuss several important variants of our system and highlight assumptions under which these variants should improve the current system.",1,0.1,,https://www.semanticscholar.org/paper/c73852c058ad25d022b396ed92deb7b58e81f8b6,0.7500
Gof13,Regret Minimization for Branching Experts,"Eyal Gofer, Nicolò Cesa-Bianchi, Claudio Gentile, and Yishay Mansour",2013,2013-06-13,Annual Conference Computational Learning Theory,,618-638,"We study regret minimization bounds in which the dependence on the number of experts is replaced by measures of the realized complexity of the expert class. The measures we consider are defined in retrospect given the realized losses. We concentrate on two interesting cases. In the first, our measure of complexity is the number of different “leading experts”, namely, experts that were best at some point in time. We derive regret bounds that depend only on this measure, independent of the total number of experts. We also consider a case where all experts remain grouped in just a few clusters in terms of their realized cumulative losses. Here too, our regret bounds depend only on the number of clusters determined in retrospect, which serves as a measure of complexity. Our results are obtained as special cases of a more general analysis for a setting of branching experts, where the set of experts may grow over time according to a tree-like structure, determined by an adversary. For this setting of branching experts, we give algorithms and analysis that cover both the full information and the bandit scenarios.",21,1.6,,https://www.semanticscholar.org/paper/a50fccee10dc45a560c05241f14af52c1499aae4,0.7300
Bia99,Predictive Information,W. Bialek and Naftali Tishby,1999,1999-02-25,,,,"Observations on the past provide some hints about what will happen in the future, and this can be quantified using information theory. The ``predictive information'' defined in this way has connections to measures of complexity that have been proposed both in the study of dynamical systems and in mathematical statistics. In particular, the predictive information diverges when the observed data stream allows us to learn an increasingly precise model for the dynamics that generate the data, and the structure of this divergence measures the complexity of the model. We argue that divergent contributions to the predictive information provide the only measure of complexity or richness that is consistent with certain plausible requirements.",54,2.0,,https://www.semanticscholar.org/paper/3068a485e76bc6e7d274aa8e7b68ccb979a39a3d,0.7000
Tam16,Dynamic Choice of State Abstraction in Q-Learning,"M. Tamassia, Fabio Zambetta, W. Raffe, F. Mueller, and Xiaodong Li",2016,,European Conference on Artificial Intelligence,,46-54,"Q-learning associates states and actions of a Markov Decision Process to expected future reward through online learning. In practice, however, when the state space is large and experience is still limited, the algorithm will not find a match between current state and experience unless some details describing states are ignored. On the other hand, reducing state information affects long term performance because decisions will need to be made on less informative inputs. We propose a variation of Q-learning that gradually enriches state descriptions, after enough experience is accumulated. This is coupled with an ad-hoc exploration strategy that aims at collecting key information that allows the algorithm to enrich state descriptions earlier. Experimental results obtained by applying our algorithm to the arcade game Pac-Man show that our approach significantly outperforms Q-learning during the learning process while not penalizing long-term performance.",7,0.7,10.3233/978-1-61499-672-9-46,https://doi.org/10.3233/978-1-61499-672-9-46,0.7000
Rao19,Continual Unsupervised Representation Learning,Dushyant Rao et al.,2019,2019-10-01,Neural Information Processing Systems,,7645-7655,"Continual learning aims to improve the ability of modern learning systems to deal with non-stationary distributions, typically by attempting to learn a series of tasks sequentially. Prior art in the field has largely considered supervised or reinforcement learning tasks, and often assumes full knowledge of task labels and boundaries. In this work, we propose an approach (CURL) to tackle a more general problem that we will refer to as unsupervised continual learning. The focus is on learning representations without any knowledge about task identity, and we explore scenarios when there are abrupt changes between tasks, smooth transitions from one task to another, or even when the data is shuffled. The proposed approach performs task inference directly within the model, is able to dynamically expand to capture new concepts over its lifetime, and incorporates additional rehearsal-based techniques to deal with catastrophic forgetting. We demonstrate the efficacy of CURL in an unsupervised learning setting with MNIST and Omniglot, where the lack of labels ensures no information is leaked about the task. Further, we demonstrate strong performance compared to prior art in an i.i.d setting, or when adapting the technique to supervised tasks such as incremental class learning.",289,44,,https://www.semanticscholar.org/paper/5faaa08809c85c7affea0ad49f60528445df5bd5,0.6800
Xie12,Change-Point Detection for High-Dimensional Time Series With Missing Data,"Yao Xie, Jiaji Huang, and R. Willett",2012,2012-08-24,IEEE Journal of Selected Topics in Signal Processing,7,12-27,"This paper describes a novel approach to change-point detection when the observed high-dimensional data may have missing elements. The performance of classical methods for change-point detection typically scales poorly with the dimensionality of the data, so that a large number of observations are collected after the true change-point before it can be reliably detected. Furthermore, missing components in the observed data handicap conventional approaches. The proposed method addresses these challenges by modeling the dynamic distribution underlying the data as lying close to a time-varying low-dimensional submanifold embedded within the ambient observation space. Specifically, streaming data is used to track a submanifold approximation, measure deviations from this approximation, and calculate a series of statistics of the deviations for detecting when the underlying manifold has changed in a sharp or unexpected manner. The approach described in this paper leverages several recent results in the field of high-dimensional data analysis, including subspace tracking with missing data, multiscale analysis techniques for point clouds, online optimization, and change-point detection performance analysis. Simulations and experiments highlight the robustness and efficacy of the proposed approach in detecting an abrupt change in an otherwise slowly varying low-dimensional manifold.",128,9.3,10.1109/JSTSP.2012.2234082,https://doi.org/10.1109/JSTSP.2012.2234082,0.6500
Kov10,Multimodeling Control via System Balancing,N. Kovačević and D. Škatarić,2010,2010-07-18,Mathematical Problems in Engineering,2010,1-20,"A new approach in multimodeling strategy is proposed. Multimodel strategies in which control agents use different simplified models of the same system are being developed using balancing transformation and the corresponding order reduction concepts. Traditionally, the multimodeling concept was studied using the ideas of multitime scales (singular perturbations) and weak subsystem coupling. For all reduced-order models obtained, a Linear Quadratic Gaussian (LQG) control problem was solved. Different order reduction techniques were compared based on the values of the optimized criteria for the closed-loop case where the full-order balanced model utilizes regulators calculated to be the optimal for various reduced-order models. The results obtained were demonstrated on a real-world example: a multiarea power system consisting of two identical areas, that is, two identical power plants.",3,0.2,10.1155/2010/841830,https://doi.org/10.1155/2010/841830,0.5500
Har02,Nonlinear robust disturbance rejection,B. Harbin,2002,,,,,"This thesis studies the problem of robust disturbance rejection for nonlinear systems based on three different methods: H∞ control, singular perturbation theory and multiple model adaptive control. Firstly, the disturbance suppression problem for nonlinear systems based on H∞ control is examined. We review the so-called nonstandard mixed sensitivity problem, which introduces an integrator into a selected weight, as well as the linear classical disturbance suppression problem and the linear H∞ disturbance suppression problem. We extend this H∞ problem to the nonlinear case, and present a method to reduce the order of the state feedback Hamilton-Jacobi PDE (Partial Differential Equation) for this nonlinear H∞ problem by extending the concept of comprehensive stability. Finally, we investigate the structure of the output feedback H∞ controller for disturbance suppression, and draw the conclusion that, as in the linear case, there must also be an integrator in the controller. Secondly, a relatively practical method of suppressing the effect of constant disturbances on nonlinear systems is presented. By adding an integrator to a stabilising controller, it is possible to achieve both constant disturbance rejection and zero tracking error. Sufficient conditions for the rejection of a constant input disturbance are given. We give both local and global conditions such that the inclusion of an integrator in the closed loop maintains closed loop stability. The analysis is based on singular perturbation theory. Furthermore, we present some alternative locations for adding an integrator into the closed loop system and extend these methods to deal with Multiple-input Multiple-output nonlinear systems. Finally, we implement our method in the control of a simulated helicopter model. The simulation results show that this method achieves satisfactory performance. In the last part of this thesis, we apply multiple model adaptive control to deal with the robust disturbance rejection problem for an unknown plant. Firstly, a stable multi-estimator for an unstable nonlinear plant is constructed, based on the concept of a stable kernel representation. An example is presented demonstrating the design of a multi-estimator and a multi-controller to ensure constant disturbance rejection as well as constant reference tracking under plant variation. The simulation results indicate that satisfactory performance is achieved. Finally, an efficient way to achieve",2,0.1,10.25911/5D514D62F355D,https://doi.org/10.25911/5D514D62F355D,0.3500
