Cite Key,Title,Authors,Year,Publication Date,Journal,Volume,Pages,Abstract,Citation Count,Citations/Year,DOI,URL,Relevance Score
Ort08,A Minimum Relative Entropy Principle for Learning and Acting,Pedro A. Ortega and Daniel A. Braun,2008,2008-10-20,ArXiv,abs/0810.3605,,"This paper proposes a method to construct an adaptive agent that is universal with respect to a given class of experts, where each expert is designed specifically for a particular environment. This adaptive control problem is formalized as the problem of minimizing the relative entropy of the adaptive agent from the expert that is most suitable for the unknown environment. If the agent is a passive observer, then the optimal solution is the well-known Bayesian predictor. However, if the agent is active, then its past actions need to be treated as causal interventions on the I/O stream rather than normal probability conditions. Here it is shown that the solution to this new variational problem is given by a stochastic controller called the Bayesian control rule, which implements adaptive behavior as a mixture of experts. Furthermore, it is shown that under mild assumptions, the Bayesian control rule converges to the control law of the most suitable expert.",126,7.2,10.1613/JAIR.3062,https://doi.org/10.1613/JAIR.3062,2.6000
Ort09,A Bayesian Rule for Adaptive Control based on Causal Interventions,Pedro A. Ortega and Daniel A. Braun,2009,2009-11-26,ArXiv,abs/0911.5104,,"Explaining adaptive behavior is a central problem in artificial intelligence research. Here we formalize adaptive agents as mixture distributions over sequences of inputs and outputs (I/O). Each distribution of the mixture constitutes a ‘possible world’, but the agent does not know which of the possible worlds it is actually facing. The problem is to adapt the I/O stream in a way that is compatible with the true world. A natural measure of adaptation can be obtained by the KullbackLeibler (KL) divergence between the I/O distribution of the true world and the I/O distribution expected by the agent that is uncertain about possible worlds. In the case of pure input streams, the Bayesian mixture provides a well-known solution for this problem. We show, however, that in the case of I/O streams this solution breaks down, because outputs are issued by the agent itself and require a different probabilistic syntax as provided by intervention calculus. Based on this calculus, we obtain a Bayesian control rule that allows modeling adaptive behavior with mixture distributions over I/O streams. This rule might allow for a novel approach to adaptive control based on a minimum KLprinciple.",23,1.4,10.2991/AGI.2010.39,https://doi.org/10.2991/AGI.2010.39,2.4000
Pea94b,A Probabilistic Calculus of Actions,J. Pearl,1994,1994-07-29,ArXiv,abs/1302.6835,,"We present a symbolic machinery that admits both probabilistic and causal information about a given domain and produces probabilistic statements about the effect of actions and the impact of observations. The calculus admits two types of conditioning operators: ordinary Bayes conditioning, P(y|X = x), which represents the observation X = x, and causal conditioning, P(y|do(X = x)), read the probability of Y = y conditioned on holding X constant (at x) by deliberate action. Given a mixture of such observational and causal sentences, together with the topology of the causal graph, the calculus derives new conditional probabilities of both types, thus enabling one to quantify the effects of actions (and policies) from partially specified knowledge bases, such as Bayesian networks in which some conditional probabilities may not be available.",130,4.1,10.1016/B978-1-55860-332-5.50062-6,https://doi.org/10.1016/B978-1-55860-332-5.50062-6,2.3000
Pea94,From Imaging and Stochastic Control to a Calculus of Actions,J. Pearl,1994,,,,,"This paper highlights relationships among stochastic control theory, Lewis’ notion of ""imaging"", and the representation of actions in AI systems. We show that the language of causal graphs offers a practical solution to the frame problem and its two satellites: the ramification and concurrency problems. Finally, we present a symbolic machinery that admits both probabilistic and causal information and produces probabilistic statements about the effect of actions and the impact of observations.",7,0.2,,https://www.semanticscholar.org/paper/868abc852a46c8448c74c28da7781c5263a2da19,1.9000
Pea95b,Probabilistic evaluation of sequential plans from causal models with hidden variables,J. Pearl and J. Robins,1995,1995-08-18,Conference on Uncertainty in Artificial Intelligence,,444-453,"The paper concerns the probabilistic evaluation of plans in the presence of unmeasured variables, each plan consisting of several concurrent or sequential actions. We establish a graphical criterion for recognizing when the effects of a given plan can be predicted from passive observations on measured variables only. When the criterion is satisfied, a closed-form expression is provided for the probability that the plan will achieve a specified goal.",208,6.8,,https://www.semanticscholar.org/paper/afff0ccdca925f0c48bb836c291c84d1ce14156f,1.8000
Pea95,Action as a Local Surgery,J. Pearl,1995,,,,,"What gives us the audacity to expect that actions should have neat and compact representations? Why did the authors of STRIPS [Fikes & Nilsson, 1971] and BURIDAN [Kushmerick et al., 1993] believe they could get away with such short specification for actions? Whether we take the probabilistic paradigm that actions are transformations from probability distributions to probability distributions, or the deterministic paradigm that actions are transformations from states to states, such transformations could in principle be infinitely complex. Yet, in practice, people teach each other rather quickly what actions normally do to the world, people predict the consequences of any given action without much hustle, and AI researchers are writing languages for actions as if it is a God given truth that action representation should be compact, elegant and meaningful. Why? The paradigm I wish to explore in this paper is that these expectations are not only justified but, mainly, that once we understand the justification, we will be in better shape to craft effective representations for actions.",5,0.2,,https://www.semanticscholar.org/paper/39eb2f1af69818dd9a21bc7316dedb5a2e63ed6e,1.3000
Tia08,Identifying Dynamic Sequential Plans,Jin Tian,2008,2008-07-09,Conference on Uncertainty in Artificial Intelligence,,554-561,"We address the problem of identifying dynamic sequential plans in the framework of causal Bayesian networks, and show that the problem is reduced to identifying causal effects, for which there are complete identification algorithms available in the literature.",49,2.7,,https://www.semanticscholar.org/paper/f194a45fb846441d013a560970f79d96c0912851,1.2400
Gho21b,Execution Ordering in AND/OR Graphs with Failure Probabilities,"Priyankar Ghosh, P. Chakrabarti, and P. Dasgupta",2021,2021-08-20,Symposium on Combinatorial Search,,41-48,"'
 
 In this paper we consider finding solutions for problems represented using AND/OR graphs, which contain tasks that can fail when executed. In our  setting each node represent an atomic task which is associated with a failure probability and a rollback penalty. This paper reports the following contributions - (a) an algorithm for finding the optimal ordering of the atomic tasks in a given solution graph which minimizes the expected penalty, (b) an algorithm for finding the optimal ordering in the presence of user defined ordering constraints, and (c) a counter example showing the lack of optimal substructure property for the problem of finding the solution graph having minimum expected penalty, and a pseudo-polynomial algorithm for finding the solution graph with minimum expected penalty.
 
",0,,10.1609/socs.v3i1.18246,https://doi.org/10.1609/socs.v3i1.18246,1.2200
Hec95,Decision-Theoretic Foundations for Causal Reasoning,D. Heckerman and Ross D. Shachter,1995,1995-06-01,J. Artif. Intell. Res.,3,405-430,"We present a definition of cause and effect in terms of decision-theoretic primitives and thereby provide a principled foundation for causal reasoning. Our definition departs from the traditional view of causation in that causal assertions may vary with the set of decisions available. We argue that this approach provides added clarity to the notion of cause. Also in this paper, we examine the encoding of causal relationships in directed acyclic graphs. We describe a special class of influence diagrams, those in canonical form, and show its relationship to Pearl's representation of cause and effect. Finally, we show how canonical form facilitates counterfactual reasoning.",139,4.5,10.1613/JAIR.202,https://doi.org/10.1613/JAIR.202,1.1800
Bry06,Using Interaction to Compute Better Probability Estimates in Plan Graphs,D. Bryce and David E. Smith,2006,,,,,"Plan graphs are commonly used in planning to help compute heuristic “distance” estimates between states and goals. A few authors have also attempted to use plan graphs in probabilistic planning to compute estimates of the probability that propositions can be achieved and actions can be performed. This is done by propagating probability information forward through the plan graph from the initial conditions through each possible action to the action effects, and hence to the propositions at the next layer of the plan graph. The problem with these calculations is that they make very strong independence assumptions in particular, they usually assume that the preconditions for each action are independent of each other. This can lead to gross overestimates in probability when the plans for those preconditions interfere with each other. It can also lead to gross underestimates of probability when there is synergy between the plans for two or more preconditions. In this paper we introduce a notion of the binary interaction between two propositions and actions within a plan graph, show how to propagate this information within a plan graph, and show how this improves probability estimates for planning. This notion of interaction can be thought of as a continuous generalization of the notion of mutual exclusion (mutex) often used in plan graphs. At one extreme (interaction = 0) two propositions or actions are completely mutex. With interaction= 1, two propositions or actions are independent, and with interaction> 1, two propositions or actions are synergistic. Intermediate values can and do occur indicating different degrees to which propositions and action interfere or are synergistic. We compare this approach with another recent approach by Bryce that computes probability estimates using Monte Carlo simulation of possible worlds in plan graphs.",11,0.5,,https://www.semanticscholar.org/paper/0a535bf2697982ff8a6febef7ecff8087a7ee7b6,1.1500
Daw10,Identifying the consequences of dynamic treatment strategies: A decision-theoretic overview,A. Dawid and V. Didelez,2010,2010-10-17,ArXiv,abs/1010.3425,,"We consider the problem of learning about and comparing the consequences of dynamic treatment strategies on the basis of observational data. We formulate this within a probabilistic decision-theoretic framework. Our approach is compared with related work by Robins and others: in particular, we show how Robins's 'G-computation' algorithm arises naturally from this decision-theoretic perspective. Careful attention is paid to the mathematical and substantive conditions required to justify the use of this formula. These conditions revolve around a property we term stability, which relates the probabilistic behaviours of observational and interventional regimes. We show how an assumption of 'sequential randomization' (or 'no unmeasured confounders'), or an alternative assumption of 'sequential irrelevance', can be used to infer stability. Probabilistic influence diagrams are used to simplify manipulations, and their power and limitations are discussed. We compare our approach with alternative formulations based on causal DAGs or potential response models. We aim to show that formulating the problem of assessing dynamic treatment strategies as a problem of decision analysis brings clarity, simplicity and generality.",110,7.1,10.1214/10-SS081,https://doi.org/10.1214/10-SS081,1.1200
Xin05,RELIABILITY MODELING AND ANALYSIS OF COMPLEX HIERARCHICAL SYSTEMS,L. Xing,2005,2005-12-01,"International Journal of Reliability, Quality and Safety Engineering",12,477-492,In this paper we consider the problem of reliability modeling and analysis of hierarchical computer-based systems (HS) with modular imperfect coverage (MIPC) and common-cause failures (CCF). The MIPC and CCF can cause vertical dependence that runs through different levels of the system as well as horizontal dependence that runs across components or modules on the same system level. The consideration of these dependencies poses unique challenges to existing HS reliability analysis methods. We propose an efficient decomposition and aggregation approach named EDA-HS to the reliability evaluation of complex hierarchical systems with both MIPC and CCF as one way to meet the above challenges in an efficient and elegant manner. Our approach is to decouple the effects of both MIPC and CCF from the combinatorics of the solution. The approach is represented in a dynamic fault tree by a proposed probabilistic functional dependency gate and a proposed CCF gate modeled after the existing FDEP gate. We present the basics and advantages of the EDA-HS approach by working through an analysis of an example HS subject to MIPC and CCF.,10,0.5,10.1142/S0218539305001963,https://doi.org/10.1142/S0218539305001963,1.1200
Hec94,A Decision-based View of Causality,D. Heckerman and Ross D. Shachter,1994,1994-07-29,ArXiv,abs/1302.6816,,"Most traditional models of uncertainty have focused on the associational relationship among variables as captured by conditional dependence. In order to successfully manage intelligent systems for decision making, however, we must be able to predict the effects of actions. In this paper, we attempt to unite two branches of research that address such predictions: causal modeling and decision analysis. First, we provide a definition of causal dependence in decision-analytic terms, which we derive from consequences of causal dependence cited in the literature. Using this definition, we show how causal dependence can be represented within an influence diagram. In particular, we identify two inadequacies of an ordinary influence diagram as a representation for cause. We introduce a special class of influence diagrams, called causal influence diagrams, which corrects one of these problems, and identify situations where the other inadequacy can be eliminated. In addition, we describe the relationships between Howard Canonical Form and existing graphical representations of cause.",45,1.4,10.1016/B978-1-55860-332-5.50043-2,https://doi.org/10.1016/B978-1-55860-332-5.50043-2,1.0800
Bar83,Optimal searches from and ornodes,J. Barnett,1983,1983-08-08,International Joint Conference on Artificial Intelligence,,786-788,"The problem is to organize search from an AND node in a way that minimizes expected cost. The result is derived as a corollary to earlier work of Simon and Kadane. It is shown that, unless knowledge gained during the search changes the probability or cost estimates of remaining parts of the search, the original a priori strategy remains optimal. The effect of approximating the search statistics used to determine the optimal strategy is examined, and it is found that the impact on expected cost is linearly bounded by the quality of the approximation. Then the case of searching an infinite conjunct is considered. Finally, some related research topics are discussed.",0,,,https://www.semanticscholar.org/paper/24443bab1120fd3ab503d1375ef605f20b21f02f,1.0700
Lu21,Causal Markov Decision Processes: Learning Good Interventions Efficiently,"Yangyi Lu, A. Meisami, and Ambuj Tewari",2021,2021-02-15,ArXiv,abs/2102.07663,,"We introduce causal Markov Decision Processes (C-MDPs), a new formalism for sequential decision making which combines the standard MDP formulation with causal structures over state transition and reward functions. Many contemporary and emerging application areas such as digital healthcare and digital marketing can benefit from modeling with C-MDPs due to the causal mechanisms underlying the relationship between interventions and states/rewards. We propose the causal upper confidence bound value iteration (C-UCBVI) algorithm that exploits the causal structure in C-MDPs and improves the performance of standard reinforcement learning algorithms that do not take causal knowledge into account. We prove that C-UCBVI satisfies an Õ(HS √ ZT ) regret bound, where T is the the total time steps, H is the episodic horizon, and S is the cardinality of the state space. Notably, our regret bound does not scale with the size of actions/interventions (A), but only scales with a causal graph dependent quantity Z which can be exponentially smaller than A. By extending C-UCBVI to the factored MDP setting, we propose the causal factored UCBVI (CF-UCBVI) algorithm, which further reduces the regret exponentially in terms of S. Furthermore, we show that RL algorithms for linear MDP problems can also be incorporated in C-MDPs. We empirically show the benefit of our causal approaches in various settings to validate our algorithms and theoretical results.",13,2.5,,https://www.semanticscholar.org/paper/7990ed58591c23dbef01bc8010220d20c13156d2,1.0600
Caz97,Development and Evaluation of Strategic Plans,T. Cazenave and Regis Moneret,1997,1997-10-01,,,,"At the strategic level, a Go program has to manage uncertainty because of the difficulty to correctly evaluate
middle game positions (strength of groups, battles). It has to be cautious not to rely on too many uncertain
assumptions, otherwise its opponent will find a weakness in the plan.
When faced with multiple choices for achieving a given strategic goal, we provide a method for assessing the
least hazardous plan (a plan is a subtree of goals that leads to the success of the root goal). We combine
AND/OR tree search with probability estimations of success of the achievement of the goal. Intuitively, errors
cumulate at AND nodes because different conditions have to be satisfied at the same time.",2,0.1,,https://www.semanticscholar.org/paper/0034a1e6711a52dca8743e6e47aeeae38ac984aa,1.0600
Pap81,Effect of sympathetic failures on redundant system reliability,I. Papazoglou and S. Mitra,1981,,,,,Purpose of this paper is to analyze the effect on the reliability of redundant systems of a class of dependent failures due to causes internal to the system (sympathetic failures). A general Markovian model incorporating both common cause (externally generated) and sympathetic failures is developed. This model includes the ..beta..-factor and the Marshall-Olkin models as special cases. Three specialized versions of the general model are presented. It is shown that sympathetic failures can lower the reliability of a system beyond the limit set by common-cause failures.,0,,,https://www.semanticscholar.org/paper/7131745b5fbb0820f7f1326919976f56386a6dc9,1.0400
Daw02,Influence Diagrams for Causal Modelling and Inference,A. Dawid,2002,2002-08-01,International Statistical Review,70,,,294,12,10.1111/j.1751-5823.2002.tb00354.x,https://doi.org/10.1111/j.1751-5823.2002.tb00354.x,1.0300
Vau02,Treatment of general dependencies in system fault-tree and risk analysis,J. Vaurio,2002,2002-11-07,IEEE Trans. Reliab.,51,278-287,"Implicit and explicit methods are described for reliability and risk analysis of systems with dependent or correlated basic events. General rules are presented for modeling any group of n mutually s-dependent events with 2/sup n/-1 s-independent events. The probabilities of these virtual events are determined based on the joint probabilities of the original s-dependent events, typically known by s-correlation or conditional probabilities. The transformations preserve the values of all terms (e.g., minimal cut sets), independent of system success criteria. This facilitates general use of ordinary fault-tree computer codes that assume basic events to be s-independent. Explicit basic event probabilities are obtained for calculating the probability of failure on demand of standby safety systems when the s-dependency is caused by scheduling and synchronization of test episodes between n redundant components (1 /spl les/ n /spl les/ 4), and by statistical variation of failure rates. Interesting ""negative probabilities"" are encountered in this exercise, mainly due to negative s-correlation between the component unavailabilities with staggered testing. Results obtained for human-error events are useful when the conditional probability to repeat an error is larger than the probability of an error in a single isolated task. Explicit results are obtained for systems with time-related common-cause failures modeled by general multiple failure rates. The impacts of test intervals and test staggering are included. Staggered testing is optimal with an ETR (extra-testing rule), although ETR is not important for 1-out-of-n:G systems. An economic model provides insights into the impacts of various parameters: the optimal test interval increases with increasing redundancy and testing cost, and it decreases with increasing accident cost and initiating event rate. Staggered testing with ETR allows for the longest optimal test intervals. Rules are presented for changing s-dependency probabilities when some component is known to be failed. Current fault-tree quantification tools are not well geared to use the implicit method in spite of the fact that it would simplify the fault-tree construction, reduce the number of cut sets, and allow different types of dependencies or correlations in the analysis. A recommendation is to computerize the implicit method or include it as an option to current codes. It would need only a data table for joint probabilities and the ability to pick-up data from this table whenever two or more of the s-dependent events appear in a term (or a cut set).",35,1.5,10.1109/TR.2002.801848,https://doi.org/10.1109/TR.2002.801848,1.0300
Zha16c,Markov Decision Processes with Unobserved Confounders : A Causal Approach,Junzhe Zhang and E. Bareinboim,2016,,,,,"Markov decision processes (MDPs) constitute one of the most general frameworks for modeling decision-making under uncertainty, being used in multiple fields, including economics, medicine, and engineering. The goal of the agent in an MDP setting is to learn more about the environment so as to optimize a certain criterion. This task is pursued through the exploration of the environment by actively performing interventions (i.e., through the randomization of its actions), which contrasts with the agent passively observing the environment and not exerting any control over it (i.e., through random sampling). The existence of unobserved confounders, namely, unmeasured variables affecting both the action and the outcome or both the action and the state variables, implies that these two datacollection modes (passive and active) will in general not coincide. It is clear that by performing interventions, any potential inclination (intuition) of the agent will be ignored, which will imply a loss of information and failure to achieve an optimal behavior. In this paper, we formalize this observation and study its conceptual and algorithmic implications. We first demonstrate that standard algorithms may act sub-optimally when unobserved confounders are present. We then propose a systematic method to enhance these algorithms using causal inference theory and leveraging observational data. We formally and empirically show that this new approach produces superior results than current state-of-the-art MDP algorithms.",53,5.1,,https://www.semanticscholar.org/paper/69c68d804e7c052665d5b4049c0d9c9d8baa11c0,1.0000
Daw08b,Identifying Optimal Sequential Decisions,P. Dawid and V. Didelez,2008,2008-07-09,Conference on Uncertainty in Artificial Intelligence,,113-120,"We consider conditions that allow us to find an optimal strategy for sequential decisions from a given data situation. For the case where all interventions are unconditional (atomic), identifiability has been discussed by Pearl & Robins (1995). We argue here that an optimal strategy must be conditional, i.e. take the information available at each decision point into account. We show that the identification of an optimal sequential decision strategy is more restrictive, in the sense that conditional interventions might not always be identified when atomic interventions are. We further demonstrate that a simple graphical criterion for the identifiability of an optimal strategy can be given.",9,0.5,,https://www.semanticscholar.org/paper/c43385a150a13bb0d06787050e2b9c2173b617cb,1.0000
Gul97,A modular approach for analyzing static and dynamic fault trees,R. Gulati and J. Dugan,1997,1997-01-13,Annual Reliability and Maintainability Symposium,,57-63,,224,7.6,10.1109/RAMS.1997.571665,https://doi.org/10.1109/RAMS.1997.571665,1.0000
Pag89,A model for system reliability with common-cause failures,L. Page and J. Perry,1989,1989-10-01,IEEE Transactions on Reliability,38,406-410,"A model for the analysis of systems subject to common-cause failures is proposed. The system consists of a finite number of components that are subject to: (1) statistically independent failures, and (2) external failure causes (they need not be mutually statistically independent) for groups of components. Applications to fault-tree analysis and network reliability problems are discussed. >",51,1.4,10.1109/24.46447,https://doi.org/10.1109/24.46447,1.0000
Dar94,Action Networks: A Framework for Reasoning about Actions and Change under Uncertainty,Adnan Darwiche and M. Goldszmidt,1994,1994-07-29,Conference on Uncertainty in Artificial Intelligence,,136-144,"This work proposes action networks as a semantically well founded framework for reasoning about actions and change under uncertainty. Action networks add two primitives to probabilistic causal networks: controllable variables and persistent variables. Controllable variables allow the representation of actions as directly setting the value of specific events in the domain, subject to preconditions. Persistent variables provide a canonical model of persistence according to which both the state of a variable and the causal mechanism dictating its value persist over time unless intervened upon by an action (or its consequences). Action networks also allow different methods for quantifying the uncertainty in causal relationships, which go beyond traditional probabilistic quantification. This paper describes both recent results and work in progress.",71,2.2,10.1016/B978-1-55860-332-5.50023-7,https://doi.org/10.1016/B978-1-55860-332-5.50023-7,0.9800
Sch24b,Why Online Reinforcement Learning is Causal,Oliver Schulte and Pascal Poupart,2024,2024-03-07,ArXiv,abs/2403.04221,,"Reinforcement learning (RL) and causal modelling naturally complement each other. The goal of causal modelling is to predict the effects of interventions in an environment, while the goal of reinforcement learning is to select interventions that maximize the rewards the agent receives from the environment. Reinforcement learning includes the two most powerful sources of information for estimating causal relationships: temporal ordering and the ability to act on an environment. This paper examines which reinforcement learning settings we can expect to benefit from causal modelling, and how. In online learning, the agent has the ability to interact directly with their environment, and learn from exploring it. Our main argument is that in online learning, conditional probabilities are causal, and therefore offline RL is the setting where causal learning has the most potential to make a difference. Essentially, the reason is that when an agent learns from their {\em own} experience, there are no unobserved confounders that influence both the agent's own exploratory actions and the rewards they receive. Our paper formalizes this argument. For offline RL, where an agent may and typically does learn from the experience of {\em others}, we describe previous and new methods for leveraging a causal model, including support for counterfactual queries.",2,0.9,10.48550/arXiv.2403.04221,https://doi.org/10.48550/arXiv.2403.04221,0.9500
Xin09,Incorporating Common-Cause Failures Into the Modular Hierarchical Systems Analysis,"L. Xing, A. Shrestha, L. Meshkat, and Wendai Wang",2009,2009-02-10,IEEE Transactions on Reliability,58,10-19,,38,2.2,10.1109/TR.2008.2011855,https://doi.org/10.1109/TR.2008.2011855,0.9500
Vau98,An implicit method for incorporating common-cause failures in system analysis,J. Vaurio,1998,1998-06-01,IEEE Transactions on Reliability,47,173-180,"A general procedure incorporates common-cause (CC) failures into system analysis by an implicit method; i.e., after first solving the system probability equation without CC failures. Components of subsets are assumed to be equally vulnerable to CC of any particular multiplicity. The method allows for age-dependent hazard rates, repairable and nonrepairable components, systems with multiple CC groups, and systems where not all components are statistically-identical or subject to CC failures. Key equations are given both for reliability block-diagrams and fault-trees (success and failure models), considering the system reliability, availability and failure intensity functions. Initial failures and certain human errors are included, mainly for standby-system applications. The implicit method can dramatically simplify the Boolean manipulation and quantification of fault trees. Possible limitations and extensions are discussed.",113,4.0,10.1109/24.722285,https://doi.org/10.1109/24.722285,0.9500
Bal94,"Counterfactual Probabilities: Computational Methods, Bounds and Applications",Alexander Balke and J. Pearl,1994,1994-07-29,Conference on Uncertainty in Artificial Intelligence,,46-54,"Evaluation of counterfactual queries (e.g., ""If A were true, would C have been true?"") is important to fault diagnosis, planning, and determination of liability. In this paper we present methods for computing the probabilities of such queries using the formulation proposed in [Balke and Pearl, 1994], where the antecedent of the query is interpreted as an external action that forces the proposition A to be true. When a prior probability is available on the causal mechanisms governing the domain, counterfactual probabilities can be evaluated precisely. However, when causal knowledge is specified as conditional probabilities on the observables, only bounds can computed. This paper develops techniques for evaluating these bounds, and demonstrates their use in two applications: (1) the determination of treatment efficacy from studies in which subjects may choose their own treatment, and (2) the determination of liability in product-safety litigation.",273,8.6,10.1016/B978-1-55860-332-5.50011-0,https://doi.org/10.1016/B978-1-55860-332-5.50011-0,0.9400
Dar94b,Symbolic Causal Networks for Reasoning about Actions and Plans,Adnan Darwiche and J. Pearl,1994,,,,,"We present an approach for reasoning about actions and plans when domain knowledge is represented by a symbolic causal network, which is a principled, logical representation of a domain that explicates its perceived causal structure. The proposed approach shows that causal structures can play a key role in logical reasoning about actions given their effective role in dealing with some of the problems associated with such reasoning, including the frame, ramification, and concurrency problems.",20,0.6,,https://www.semanticscholar.org/paper/f3552ebb16a70b8f19ea332468115efa63bcc7c5,0.9200
Con89,Dependent Failure Modelling by Fault Tree Technique,S. Contini,1989,,,,131-143,,0,,10.1007/978-94-017-0629-2_9,https://doi.org/10.1007/978-94-017-0629-2_9,0.9200
Fle78,Comparison of three methods for the quantitative analysis of common cause failures,K. N. Fleming and P. Raabe,1978,1978-05-01,,,,"A comparison is presented of three methods to predict the reliability characteristics of redundant systems subject to independent and common cause failures. Markov models are used to show that the ''beta factor'' method, developed and used in the HTGR risk assessment study conducted at General Atomic, is theoretically consistent with alternative approaches that are based on the multivariate exponential distribution developed by Marshall and Olkin. Comparative assessments of simple redundant systems based on actual reliability data are used to investigate differences between the ''beta factor'' method and the ''geometric mean'' approach used in the Reactor Safety Study.",12,0.2,,https://www.semanticscholar.org/paper/27f9b82b00388babf1d0bdd2aab7b3bb06332b94,0.9100
Dra94b,Probabilistic Planning with Information Gathering and Contingent Execution,"Denise Draper, S. Hanks, and Daniel S. Weld",1994,1994-06-13,International Conference on Artificial Intelligence Planning Systems,,31-36,"Most AI representations and algorithms for plan generation have not included the concept of information-producing actions (also called diagnostics, or tests, in the decision making literature). We present a planning representation and algorithm that models information-producing actions and constructs plans that exploit the information produced by those actions. We extend the BURIDAN (Kushmerick et al. 1994) probabilistic planning algorithm, adapting the action representation to model the behavior of imperfect sensors, and combine it with a framework for contingent action that extends the CNLP algorithm (Peot and Smith 1992) for conditional execution. The result, C-BURIDAN, is an implemented planner that builds plans with probabilistic information-producing actions and contingent execution.",271,8.5,,https://www.semanticscholar.org/paper/5205d4ab167f83c6f1098cc45e04249e8314db5d,0.9100
Sch25,When Should Reinforcement Learning Use Causal Reasoning?,Oliver Schulte and Pascal Poupart,2025,,Trans. Mach. Learn. Res.,2025,,"Reinforcement learning (RL) and causal reasoning naturally complement each other. The goal of causal reasoning is to predict the effects of interventions in an environment, while the goal of reinforcement learning is to select interventions that maximize the rewards the agent receives from the environment. Reinforcement learning includes the two most powerful sources of information for estimating causal relationships: temporal ordering and the ability to act on an environment. This paper provides a theoretical study examining which reinforcement learning settings we can expect to benefit from causal reasoning, and how. According to our analysis, the key factor is whether the behavioral policy—which generates the data—can be executed by the learning agent , meaning that the observation signal available to the learning agent comprises all observations used by the behavioral policy. Common RL settings with behavioral policies that are executable by the learning agent include on-policy learning and online exploration, where the learning agent uses a behavioral policy to explore the environment. Common RL settings with behavioral policies that are not executable by the learning agent include offline learning with a partially observable state space and asymmetric imitation learning where the demonstrator has access to more observations than the imitator. Using the theory of causal graphs, we show formally that when the behavioral policy is executable by the learning agent, conditional probabilities are causal, and can therefore be used to estimate expected rewards as done in traditional RL. However, when the behavioral policy is not executable by the learning agent, conditional probabilities may be confounded and provide misleading estimates of expected rewards. For confounded settings, we describe previous and new methods for leveraging causal reasoning.",0,,,https://www.semanticscholar.org/paper/1ea0a4c86eaf441a6aafe6b52213985cd06304d9,0.9000
Ort21,Shaking the foundations: delusions in sequence models for interaction and control,Pedro A. Ortega et al.,2021,2021-10-20,ArXiv,abs/2110.10819,,"The recent phenomenal success of language models has reinvigorated machine learning research, and large sequence models such as transformers are being applied to a variety of domains. One important problem class that has remained relatively elusive however is purposeful adaptive behavior. Currently there is a common perception that sequence models""lack the understanding of the cause and effect of their actions""leading them to draw incorrect inferences due to auto-suggestive delusions. In this report we explain where this mismatch originates, and show that it can be resolved by treating actions as causal interventions. Finally, we show that in supervised learning, one can teach a system to condition or intervene on data by training with factual and counterfactual error signals respectively.",72,16,,https://www.semanticscholar.org/paper/bc031724d5323b294e22a895977928b79fbe8a29,0.9000
Dra94,A Probablistic Model of Action for Least-Commitment Planning with Information Gathering,"Denise Draper, S. Hanks, and Daniel S. Weld",1994,1994-07-29,Conference on Uncertainty in Artificial Intelligence,,178-186,"AI planning algorithms have addressed the problem of generating sequences of operators that achieve some input goal, usually assuming that the planning agent has perfect control over and information about the world. Relaxing these assumptions requires an extension to the action representation that allows reasoning both about the changes an action makes and the information it provides. This paper presents an action representation that extends the deterministic STRIPS model, allowing actions to have both causal and informational effects, both of which can be context dependent and noisy. We also demonstrate how a standard least-commitment planning algorithm can be extended to include informational actions and contingent execution.",51,1.6,10.1016/B978-1-55860-332-5.50028-6,https://doi.org/10.1016/B978-1-55860-332-5.50028-6,0.9000
Oco16,A general cause based methodology for analysis of common cause and dependent failures in system risk and reliability assessments,A. O'Connor and A. Mosleh,2016,,Reliab. Eng. Syst. Saf.,145,341-350,,63,6.1,10.1016/j.ress.2015.06.007,https://doi.org/10.1016/j.ress.2015.06.007,0.9000
Xin07,Reliability analysis of hierarchical computer-based systems subject to common-cause failures,"L. Xing, L. Meshkat, and S. Donohue",2007,2007-03-01,Reliab. Eng. Syst. Saf.,92,351-359,,46,2.4,10.1016/j.ress.2006.04.010,https://doi.org/10.1016/j.ress.2006.04.010,0.9000
Daw20,Decision-theoretic foundations for statistical causality,P. Dawid,2020,2020-04-26,Journal of Causal Inference,9,39 - 77,"Abstract We develop a mathematical and interpretative foundation for the enterprise of decision-theoretic (DT) statistical causality, which is a straightforward way of representing and addressing causal questions. DT reframes causal inference as “assisted decision-making” and aims to understand when, and how, I can make use of external data, typically observational, to help me solve a decision problem by taking advantage of assumed relationships between the data and my problem. The relationships embodied in any representation of a causal problem require deeper justification, which is necessarily context-dependent. Here we clarify the considerations needed to support applications of the DT methodology. Exchangeability considerations are used to structure the required relationships, and a distinction drawn between intention to treat and intervention to treat forms the basis for the enabling condition of “ignorability.” We also show how the DT perspective unifies and sheds light on other popular formalisations of statistical causality, including potential responses and directed acyclic graphs.",60,9.9,10.1515/jci-2020-0008,https://doi.org/10.1515/jci-2020-0008,0.8900
Kus94,An Algorithm for Probabilistic Least-Commitment Planning,"N. Kushmerick, S. Hanks, and Daniel S. Weld",1994,1994-08-01,AAAI Conference on Artificial Intelligence,,1073-1078,"We define the probabilistic planning problem in terms of a probability distribution over initial world states, a boolean combination of goal propositions, a probability threshold, and actions whose effects depend on the execution-time state of the world and on random chance. Adopting a probabilistic model complicates the definition of plan success: instead of demanding a plan that provably achieves the goal, we seek plans whose probability of success exceeds the threshold. 
 
This paper describes a probabilistic semantics for planning under uncertainty, and presents a fully implemented algorithm that generates plans that succeed with probability no less than a user-supplied probability threshold. The algorithm is sound (if it terminates then the generated plan is sufficiently likely to achieve the goal) and complete (the algorithm will generate a solution if one exists).",128,4.0,,https://www.semanticscholar.org/paper/3288fce6e3b69b2f03d323f7ac20acaece5a55ef,0.8900
Pea93,From Conditional Oughts to Qualitative Decision Theory,J. Pearl,1993,1993-07-09,Conference on Uncertainty in Artificial Intelligence,,12-22,"The primary theme of this investigation is a decision theoretic account of conditional ought statements (e.g., ""You ought to do A, if C"") that rectifies glaring deficiencies in classical deontic logic. The resulting account forms a sound basis for qualitative decision theory, thus providing a framework for qualitative planning under uncertainty. In particular, we show that adding causal relationships (in the form of a single graph) as part of an epistemic state is sufficient to facilitate the analysis of action sequences, their consequences their interaction with observations, their expected utilities and, hence, the synthesis of plans and strategies under uncertainty.",125,3.8,10.1016/B978-1-4832-1451-1.50006-8,https://doi.org/10.1016/B978-1-4832-1451-1.50006-8,0.8800
Fus76,On the Quantitative Analysis of Priority-AND Failure Logic,"J. B. Fussell, E. F. Aber, and R. Rahl",1976,1976-12-01,IEEE Transactions on Reliability,R-25,324-326,,103,2.1,10.1109/TR.1976.5220025,https://doi.org/10.1109/TR.1976.5220025,0.8700
Mee94,Conditioning and Intervening,Christopher Meek and C. Glymour,1994,1994-12-01,The British Journal for the Philosophy of Science,45,1001 - 1021,We consider the dispute between causal decision theorists and evidential decision theorists over Newcomb-like problems. We introduce a framework relating causation and directed graphs developed by Spirtes et al. (1993) and evaluate several arguments in this context. We argue that much of the debate between the two camps is misplaced; the disputes turn on the distinction between conditioning on an event E as against conditioning on an event I which is an action to bring about E. We give the essential machinery for calculating the effect of an intervention and consider recent work which extends the basic account given here to the case where causal Knowledge is incomplete.,144,4.6,10.1093/bjps/45.4.1001,https://doi.org/10.1093/bjps/45.4.1001,0.8600
Ort13,Generalized Thompson sampling for sequential decision-making and causal inference,Pedro A. Ortega and Daniel A. Braun,2013,2013-03-18,Complex Adaptive Systems Modeling,2,1-23,"PurposeSampling an action according to the probability that the action is believed to be the optimal one is sometimes called Thompson sampling.MethodsAlthough mostly applied to bandit problems, Thompson sampling can also be used to solve sequential adaptive control problems, when the optimal policy is known for each possible environment. The predictive distribution over actions can then be constructed by a Bayesian superposition of the policies weighted by their posterior probability of being optimal.ResultsHere we discuss two important features of this approach. First, we show in how far such generalized Thompson sampling can be regarded as an optimal strategy under limited information processing capabilities that constrain the sampling complexity of the decision-making process. Second, we show how such Thompson sampling can be extended to solve causal inference problems when interacting with an environment in a sequential fashion.ConclusionIn summary, our results suggest that Thompson sampling might not merely be a useful heuristic, but a principled method to address problems of adaptive sequential decision-making and causal inference.",53,4.0,10.1186/2194-3206-2-2,https://doi.org/10.1186/2194-3206-2-2,0.8500
Lat16,Causal Bandits: Learning Good Interventions via Causal Inference,"Finnian Lattimore, Tor Lattimore, and Mark D. Reid",2016,2016-06-10,Neural Information Processing Systems,,1181-1189,We study the problem of using causal models to improve the rate at which good interventions can be learned online in a stochastic environment. Our formalism combines multi-arm bandits and causal inference to model a novel type of bandit feedback that is not exploited by existing approaches. We propose a new algorithm that exploits the causal feedback and prove a bound on its simple regret that is strictly better (in all quantities) than algorithms that do not use the additional causal information.,186,19,,https://www.semanticscholar.org/paper/4d9f776cb5bf419a8ff1c1a65e54141ddc976ec1,0.8500
Kus95c,An Algorithm for Probabilistic Planning,"N. Kushmerick, S. Hanks, and Daniel S. Weld",1995,1995-07-01,Artif. Intell.,76,239-286,,433,14,10.1016/0004-3702(94)00087-H,https://doi.org/10.1016/0004-3702(94)00087-H,0.8500
Mer10,"Algebraic modelling of Dynamic Fault Trees, contribution to qualitative and quantitative analysis",G. Merle,2010,2010-07-07,,,,"In the context of the reliability of critical systems, we focus on Dynamic Fault Tree (DFT) analysis. Our contribution is the definition of an algebraic framework allowing to determine the structure function of DFTs and to extend the analytical methods commonly used to analyze Static Fault Trees to DFTs. First, we review the main approaches which allow to analyze DFTs, as well as their limits. Then, the algebraic framework allowing the modelling of DFTs is presented. This algebraic framework is based on a temporal model of events, and on the definition of three temporal operators allowing to model the sequences of appearance of events. These temporal operators allow to algebraically define the behaviour of dynamic gates, and hence the structure function of DFTs. A probabilistic model of these dynamic gates is given to determine the failure probability of the top event of DFTs from this structure function. Finally, we show how the structure function of DFTs can be simplified to a canonical form thanks to some theorems and to a minimal form thanks to the definition of a minimization criterion. Last, we show how DFTs can be analyzed analytically and directly from this minimal canonical form of the structure function. We illustrate this approach on two DFT examples from the literature.",36,2.3,,https://www.semanticscholar.org/paper/0ea912813d4c7f5840d40458d477268d44dd62d6,0.8500
Gol94b,Epsilon-Safe Planning,R. Goldman and M. Boddy,1994,1994-07-29,Conference on Uncertainty in Artificial Intelligence,,253-261,"We introduce an approach to high-level conditional planning we call e-safe planning. This probabilistic approach commits us to planning to meet some specified goal witch a probability of success of at least 1 - e for some user-supplied e. We describe several algorithms for e-safe planning based on conditional planners. The two conditional planners we discuss are Peot and Smith's nonlinear conditional planner, CNLP, and our own linear conditional planner, PLINTH. We present a straightforward extension to conditional planners for which computing the necessary probabilities is simple, employing a commonly-made but perhaps overly-strong independence assumption. We also discuss a second approach to e-safe planning which relaxes this independence assumption, involving the incremental construction of a probability dependence model in conjunction with the construction of the plan graph.",51,1.6,10.1016/B978-1-55860-332-5.50037-7,https://doi.org/10.1016/B978-1-55860-332-5.50037-7,0.8400
Lee20c,Characterizing Optimal Mixed Policies: Where to Intervene and What to Observe,Sanghack Lee and E. Bareinboim,2020,,Neural Information Processing Systems,33,,"Intelligent agents are continuously faced with the challenge of optimizing a policy based on what they can observe (see) and which actions they can take (do) in the environment where they are deployed. Most policy can be parametrized in terms of these two dimensions, i.e., as a function of what can be seen and done given a certain situation, which we call a mixed policy . In this paper, we investigate several properties of the class of mixed policies and provide an efﬁcient and effective characterization, including optimality and non-redundancy. Speciﬁcally, we introduce a graphical criterion to identify unnecessary contexts for a set of actions, leading to a natural characterization of non-redundancy of mixed policies. We then derive sufﬁcient conditions under which one strategy can dominate the other with respect to their maximum achievable expected rewards (optimality). This characterization leads to a fundamental understanding of the space of mixed policies and a possible reﬁnement of the agent’s strategy so that it converges to the optimum faster and more robustly. One surprising result of the causal characterization is that the agent following a more standard approach—intervening on all intervenable variables and observing all available contexts—may be hurting itself, and will never achieve an optimal performance.",37,5.8,,https://www.semanticscholar.org/paper/93ac56f4431cb7d0d3389887c56817dab246967d,0.8400
Had96b,"A Logic of Time, Chance, and Action for Representing Plans",P. Haddawy,1996,1996-02-01,Artif. Intell.,80,243-308,"Abstract This paper integrates logical and probabilistic approaches to the representation of planning problems by developing a first-order logic of time, chance, and action. We start by making explicit and precise commonsense notions about time, chance, and action central to the planning problem. We then develop a logic, the semantics of which incorporates these intuitive properties. The logical language integrates both modal and probabilistic constructs and allows quantification over time points, probability values, and domain individuals. Probability is treated as a sentential operator in the language, so it can be arbitrarily nested and combined with other logical operators. The language can represent the chance that facts hold and events occur at various times. It can represent the chance that actions and other events affect the future. The model of action distinguishes between action feasibility, executability, and effects. We present a proof theory for the logic and show how the logic can be used to describe actions in such a way that the action descriptions can be composed to infer properties of plans via the proof theory.",28,0.9,10.1016/0004-3702(94)00070-0,https://doi.org/10.1016/0004-3702(94)00070-0,0.8300
Bry06d,Using Correlation to Compute Better Probability Estimates in Plan Graphs,D. Bryce and David E. Smith,2006,,,,,"Plan graphs are commonly used in planning to help compute heuristic ""distance"" estimates between states and goals. A few authors have also attempted to use plan graphs in probabilistic planning to compute estimates of the probability that propositions can be achieved and actions can be performed. This is done by propagating probability information forward through the plan graph from the initial conditions through each possible action to the action effects, and hence to the propositions at the next layer of the plan graph. The problem with these calculations is that they make very strong independence assumptions - in particular, they usually assume that the preconditions for each action are independent of each other. This can lead to gross overestimates in probability when the plans for those preconditions interfere with each other. It can also lead to gross underestimates of probability when there is synergy between the plans for two or more preconditions. In this paper we introduce a notion of the binary correlation between two propositions and actions within a plan graph, show how to propagate this information within a plan graph, and show how this improves probability estimates for planning. This notion of correlation can be thought of as a continuous generalization of the notion of mutual exclusion (mutex) often used in plan graphs. At one extreme (correlation=0) two propositions or actions are completely mutex. With correlation = 1, two propositions or actions are independent, and with correlation > 1, two propositions or actions are synergistic. Intermediate values can and do occur indicating different degrees to which propositions and action interfere or are synergistic. We compare this approach with another recent approach by Bryce that computes probability estimates using Monte Carlo simulation of possible worlds in plan graphs.",6,0.3,,https://www.semanticscholar.org/paper/d08bcdb673651830d662a6b75918cefb20ee9554,0.8300
Hag09,Decision makers conceive of their choices as interventions.,Y. Hagmayer and S. Sloman,2009,2009-02-01,Journal of experimental psychology. General,138 1,"'
          22-38
        ","Causal considerations must be relevant for those making decisions. Whether to bring an umbrella or leave it at home depends on the causal consequences of these options. However, most current decision theories do not address causal reasoning. Here, the authors propose a causal model theory of choice based on causal Bayes nets. The critical ideas are (a) that people decide using causal models of the decision situation and (b) that people conceive of their own choice as an intervention. Four corroborating experiments are reported. The first 2 experiments showed that participants chose on the basis of the causal structure underlying a choice scenario rather than the statistical relation among actions and outcomes. Experiments 3 and 4 showed that participants treated choices and interventions similarly. They also suggest that decision makers use causal models to derive inferences about expected outcomes. Boundary conditions on causal decision making and examples of faulty causal inferences in choice (e.g., self-deception) are discussed. (PsycINFO Database Record (c) 2009 APA, all rights reserved).",88,5.1,10.1037/a0014585,https://doi.org/10.1037/a0014585,0.8300
Tol24,Fault Tree Analysis Including Component Dependencies,S. Tolo and J. Andrews,2024,2024-03-01,IEEE Transactions on Reliability,73,413-421,"Fault Tree (FT) analysis is not only the most common technique used in engineering practice for the estimation of system reliability, but is also a key tool shared between designers, analysts, and regulators for the safe operation and licensing purposes. In spite of its long lasting success, traditional FT analysis presents significant limitations in modeling a wide range of features frequently encountered in modern systems. The most critical of these is the assumption of failure events independence, which is often not justified by the realistic behavior of the engineering system, undermining modeling accuracy. This article introduces a novel methodology for the analysis of FTs allowing for component dependencies and dynamic features. The proposed approach, based on the use of binary decision diagrams, is demonstrated using a simple numerical application for verification. Its applicability and computational feasibility is discussed in details.",17,7.7,10.1109/TR.2023.3264943,https://doi.org/10.1109/TR.2023.3264943,0.8200
Xin06,An Efficient Approach for the Reliability Analysis of Phased-Mission Systems with Dependent Failures,"L. Xing, L. Meshkat, and S. Donahue",2006,2006-05-01,,,,"We consider the reliability analysis of phased-mission systems with common-cause failures in this paper. Phased-mission systems (PMS) are systems supporting missions characterized by multiple, consecutive, and nonoverlapping phases of operation. System components may be subject to different stresses as well as different reliability requirements throughout the course of the mission. As a result, component behavior and relationships may need to be modeled differently from phase to phase when performing a system-level reliability analysis. This consideration poses unique challenges to existing analysis methods. The challenges increase when common-cause failures (CCF) are incorporated in the model. CCF are multiple dependent component failures within a system that are a direct result of a shared root cause, such as sabotage, flood, earthquake, power outage, or human errors. It has been shown by many reliability studies that CCF tend to increase a system's joint failure probabilities and thus contribute significantly to the overall unreliability of systems subject to CCF.We propose a separable phase-modular approach to the reliability analysis of phased-mission systems with dependent common-cause failures as one way to meet the above challenges in an efficient and elegant manner. Our methodology is twofold: first, we separate the effects of CCF from the PMS analysis using the total probability theorem and the common-cause event space developed based on the elementary common-causes; next, we apply an efficient phase-modular approach to analyze the reliability of the PMS. The phase-modular approach employs both combinatorial binary decision diagram and Markov-chain solution methods as appropriate. We provide an example of a reliability analysis of a PMS with both static and dynamic phases as well as CCF as an illustration of our proposed approach. The example is based on information extracted from a Mars orbiter project. The reliability model for this orbiter considers the various phases of Launch, Cruise, Mars Orbit Insertion, and Orbit. Some of the CCF for the orbiter in this mission include environmental effects, such as micrometeoroids, human operator errors, and software errors.",3,0.1,10.1115/1.802442.paper3,https://doi.org/10.1115/1.802442.paper3,0.8100
Lee18b,Structural Causal Bandits: Where to Intervene?,Sanghack Lee and E. Bareinboim,2018,2018-12-03,Neural Information Processing Systems,,2573-2583,"We study the problem of identifying the best action in a sequential decision-making setting when the reward distributions of the arms exhibit a non-trivial dependence structure, which is governed by the underlying causal model of the domain where the agent is deployed. In this setting, playing an arm corresponds to intervening on a set of variables and setting them to specific values. In this paper, we show that whenever the underlying causal model is not taken into account during the decision-making process, the standard strategies of simultaneously intervening on all variables or on all the subsets of the variables may, in general, lead to suboptimal policies, regardless of the number of interventions performed by the agent in the environment. We formally acknowledge this phenomenon and investigate structural properties implied by the underlying causal model, which lead to a complete characterization of the relationships between the arms' distributions. We leverage this characterization to build a new algorithm that takes as input a causal structure and finds a minimal, sound, and complete set of qualified arms that an agent should play to maximize its expected reward. We empirically demonstrate that the new strategy learns an optimal policy and leads to orders of magnitude faster convergence rates when compared with its causal-insensitive counterparts.",114,15,,https://www.semanticscholar.org/paper/615b2c912cb6f17ab2f5b15a44b06d64147a5ed5,0.8000
Kab17,An overview of fault tree analysis and its application in model based dependability analysis,Sohag Kabir,2017,2017-07-01,Expert Syst. Appl.,77,114-135,"I provide an overview of the Fault Tree Analysis method.I review different extensions of fault trees.A number of model-based dependability analysis approaches are reviewed.I outline the future outlook for model-based dependability analysis. Fault Tree Analysis (FTA) is a well-established and well-understood technique, widely used for dependability evaluation of a wide range of systems. Although many extensions of fault trees have been proposed, they suffer from a variety of shortcomings. In particular, even where software tool support exists, these analyses require a lot of manual effort. Over the past two decades, research has focused on simplifying dependability analysis by looking at how we can synthesise dependability information from system models automatically. This has led to the field of model-based dependability analysis (MBDA). Different tools and techniques have been developed as part of MBDA to automate the generation of dependability analysis artefacts such as fault trees. Firstly, this paper reviews the standard fault tree with its limitations. Secondly, different extensions of standard fault trees are reviewed. Thirdly, this paper reviews a number of prominent MBDA techniques where fault trees are used as a means for system dependability analysis and provides an insight into their working mechanism, applicability, strengths and challenges. Finally, the future outlook for MBDA is outlined, which includes the prospect of developing expert and intelligent systems for dependability analysis of complex open systems under the conditions of uncertainty.",382,43,10.1016/j.eswa.2017.01.058,https://doi.org/10.1016/j.eswa.2017.01.058,0.8000
Rid00,Dependency modelling using fault-tree and cause-consequence analysis,L. M. Ridley,2000,,,,,"The technique of fault tree analysis is commonly used to assess the probability of
failure of industrial systems. During the analysis of the fault tree the component
failures are assumed to occur independently. When this condition is not satisfied
alternative approaches such as the Markov method can be used. Constructing the
Markov representation of a system is not such as intuitive process for engineers as
fault tree construction since the state-transition diagram does not readily document the
failure logic. In addition to this the size of the Markov diagram increases rapidly as
the number of components in the system increases.
This thesis presents the development of a new model which uses a combination of
conventional fault tree methods with those of Markov methods to solve systems
containing sequential or standby failures. New gates were developed in order to
incorporate the dependent failures on the fault tree structure. The new assessment
method was shown to efficiently solve these systems. With theses extended fault tree
capabilities in place the technique was embedded within an optimisation framework to
obtain the best system performance for systems containing standby failures.
Sequential failures can be represented on a fault tree by using the Priority-And gate,
however they can also be represented on a Cause-Consequence diagram. As with the
fault tree analysis method, the Cause-Consequence Diagram method documents the
failure logic of the system. In addition to this the Cause-Consequence Diagram
produces the exact failure probability in a very efficient calculation procedure and has
significant implications in terms of efficiency for static systems. Construction and
analysis rules were devised for a cause-consequence diagram and used on systems
containing independent and dependent failures.",4,0.2,,https://www.semanticscholar.org/paper/75760a38c2a4b06b58fa5d31ead3793872316006,0.8000
Ber12,Assessing dynamic treatment strategies,"C. Berzuini, A. Dawid, V. Didelez, P. Dawid, and L. Bernardinelli",2012,2012-08-13,,,85-100,"Of interest here are sequential data-gathering and decision-making processes, started in the preceding chapter in this volume. The archetypical context is that of a sequence of medical decisions, taken at different time points during the follow-up of the patient, each decision involving choice of a treatment in the light of any interim responses or adverse reactions to earlier treatments. The problem consists of predicting the consequences that a (possibly new and possibly hypothetical) treatment plan will have on a future patient, on the basis of what we have learnt from the performances of past medical decision makers on past patients. While we make constant reference to a medical application context, the scope of the method is of much broader relevance. Our approach to this problem owes immensely to the seminal work of James Robins. In a rich series of papers, Robins (1986, 1987, 1988, 1989, 1992, 1997, 2000, 2004), Robins and Wasserman (1997) and Robins et al. (1999) introduce the idea of different treatment strategies applied in different hypothetical studies (these studies being analogous to our notion of ?regimes'). These papers examine conditions on the relationships between these studies, under which those treatment strategies can be compared. Among these, the sequential ran-domization condition is closely related to the ?stability' assumption used in this chapter. Furthermore, Robins (1986) introduced the G-computation algorithm (a special version of dynamic programming) to evaluate a sequential treatment strategy, which works where stan-dard regression ? even under the sequential randomization assumption ? fails. Most of the concepts expounded in this chapter have a counterpart in Robins' work, although, in the interest of readability, we shall frequently abstain from making the relationships with his work explicit. We shall assume that we have an idea of which variables informed past decisions, without assuming that these variables have all been observed in the past. Nor shall we assume that the rules that governed past decisions are discernible or similar to those that will guide future actions. In contrast with the previous chapter, we do use (fully stochastic) causal diagrams (more precisely, influence diagrams). In the context of sequential plan identification, graphical rep-resentations of causality were first advocated by Pearl and Robins (1995). In accord with these authors, we assume that the relevant causal knowledge is encoded in the form of a diagram with a completely specified topology, whose associated numerical conditional probabilities are given only for a subset of its variables, so-called observed variables. The remaining variables in the diagram are ?unobserved' or ?latent'. We shall, however, introduce a form of graphical representation of causality that differs from Pearl and Robins's diagrams in some respects. Part of the problem will be to characterize situations in which the estimation of the causal effects of the treatment plan of interest is not invalidated by unobserved confounding introduced by the latent variables. Throughout this chapter we use previous results by Dawid and Didelez (2010). Elja Arjas, both in his chapter (Chapter 7) in this volume and in the joint paper Arjas and Parner (2004), considers two probability models. One (called the ?obs' model) models the observational study that has generated the data. The other (called the ?ex' model) models the consequences of the future (perhaps hypothetical) application of the treatment plan of interest. In our approach, this distinction is embodied in a decision parameter, called the ?regime indicator', which indicates the particular regime, ?obs' or ?ex', in operation. Supplementing the set of domain variables with the mentioned regime indicator results in an ?augmented' set of variables. In our approach, conditions for the equivalence of Arjas's ?obs' and ?ex' distributions are phrased in terms of conditional independence conditions on this augmented set. Both chapters, ours and that of Arjas, avoid formulations based on ideas of potential outcomes or counterfactuals. We illustrate the methods and their motivations with the aid of two examples. Following Robins, we choose the first example in the area of the treatment of HIV infection. The second example will be in the treatment of abdominal aortic aneurysm. This chapter is about the identifiability of treatment plan effects, rather than about the methods of estimation and computation one is supposed to use if the problem turns out to be identifiable. The latter problems are discussed in greater detail in Chapter 17 in this volume, by Daniel, De Stavola and Cousens, who illustrate their method with the aid of the same HIV example we use here.",8,0.6,10.1002/9781119945710.CH8,https://doi.org/10.1002/9781119945710.CH8,0.8000
Mes02,"Dependability analysis of systems with on-demand and active failure modes, using dynamic fault trees","L. Meshkat, J. Dugan, and J. Andrews",2002,2002-08-07,IEEE Trans. Reliab.,51,240-251,"Safety systems and protection systems can experience two phases of operation (standby and active); an accurate dependability analysis must combine an analysis of both phases. The standby mode can last for a long time, during which the safety system is periodically tested and maintained. Once a demand occurs, the safety system must operate successfully for the length of demand. The failure characteristics of the system are different in the two phases, and the system can fail in two ways: (1) it can fail to start (fail on-demand), or (2) it can fail while in active mode. Failure on demand requires an availability analysis of components (typically electromechanical components) which are required to start or support the safety system. These support components are usually maintained periodically while not in active use. Active failure refers to the failure while running (once started) of the active components of the safety system. These active components can be fault tolerant and use spares or other forms of redundancy, but are not maintainable while in use. The approach, in this paper, automatically combines the ""availability analysis of the system in standby mode"" with the ""reliability analysis of the system in its active mode."" The general approach uses an availability analysis of the standby phase to determine the initial state probabilities for a Markov model of the demand phase. A detailed method is presented in terms of a dynamic fault-tree model. A new ""dynamic fault-tree construct"" captures the dependency of the demand-components on the support systems, which are required to detect the demand or to start the demand system. The method is discussed using a single example sprinkler system and then applied to a more complete system taken from the off-shore industry.",73,3.1,10.1109/TR.2002.1011531,https://doi.org/10.1109/TR.2002.1011531,0.7900
Mat05c,Describing and Valuing Interventions That Observe or Control Decision Situations,D. Matheson and J. Matheson,2005,2005-09-01,Decis. Anal.,2,165-181,"The value of information and value of control calculations have long been two separate parts of a decision analyst's efforts to extract as much insight as possible from a decision model. This paper unifies these concepts as interventions that modify the structure of the original problem, which have two key properties, purity and quality. Purity is an idealization that leads to Howard canonical form, clarifies the definition of control intervention, and allows us to extend and correct the calculation of the value of control. Quality is a characteristic that leads to generic models of imperfect intervention, which, because of their equivalence to any pure intervention, prevent misguided recommendations when the value of a perfect intervention is high but the value of a somewhat imperfect intervention is low. Quality is a number between 0 and 1 that normalizes and allows comparison of imperfect interventions between applications having very different value scales.",22,1.1,10.1287/deca.1050.0045,https://doi.org/10.1287/deca.1050.0045,0.7900
Ort11,A Unified Framework for Resource-Bounded Autonomous Agents Interacting with Unknown Environments,Pedro A. Ortega,2011,2011-07-12,,,,"The aim of this thesis is to present a mathematical framework for conceptualizing and constructing adaptive autonomous systems under resource constraints. The first part of this thesis contains a concise presentation of the foundations of classical agency: namely the formalizations of decision making and learning. Decision making includes: (a) subjective expected utility (SEU) theory, the framework of decision making under uncertainty; (b) the maximum SEU principle to choose the optimal solution; and (c) its application to the design of autonomous systems, culminating in the Bellman optimality equations. Learning includes: (a) Bayesian probability theory, the theory for reasoning under uncertainty that extends logic; and (b) Bayes-Optimal agents, the application of Bayesian probability theory to the design of optimal adaptive agents. Then, two major problems of the maximum SEU principle are highlighted: (a) the prohibitive computational costs and (b) the need for the causal precedence of the choice of the policy. The second part of this thesis tackles the two aforementioned problems. First, an information-theoretic notion of resources in autonomous systems is established. Second, a framework for resource-bounded agency is introduced. This includes: (a) a maximum bounded SEU principle that is derived from a set of axioms of utility; (b) an axiomatic model of probabilistic causality, which is applied for the formalization of autonomous systems having uncertainty over their policy and environment; and (c) the Bayesian control rule, which is derived from the maximum bounded SEU principle and the model of causality, implementing a stochastic adaptive control law that deals with the case where autonomous agents are uncertain about their policy and environment.",20,1.3,10.17863/CAM.14005,https://doi.org/10.17863/CAM.14005,0.7800
Fus72,NEW METHODOLOGY FOR OBTAINING CUT SETS FOR FAULT TREES.,J. B. Fussell and W. Vesely,1972,,Transactions of the American Nuclear Society,,,,124,2.3,,https://www.semanticscholar.org/paper/7ed80b7c4667c80cad01d91e4e0fc96cbd3d4562,0.7800
Ves87,Fault Tree Handbook,"W. E. Vesely, F. Goldberg, N. Roberts, and D. Haasl",1987,1987-12-17,,,,"Introduction: Since 1975, a short course entitled ""System Safety and Reliability Analysis"" has been presented to over 200 NRC personnel and contractors. The course has been taught jointly by David F. Haasl, Institute of System Sciences, Professor Norman H. 
Roberts, University of Washington, and members of the Probabilistic Analysis Staff, NRC, as part of a risk assessment training program sponsored by the Probabilistic Analysis Staff. This handbook has been developed not only to serve as text for the System Safety 
and Reliability Course, but also to make available to others a set of otherwise undocumented material on fault tree construction and evaluation. The publication of this handbook is in accordance with the recommendations of the Risk Assessment Review Group Report (NUREG/CR-0400) in which it was stated that the fault/event tree methodology both can and should be used more widely by the NRC. It is hoped that this document will help to codify and systematize the fault tree approach to systems analysis.",1431,37,,https://www.semanticscholar.org/paper/c0f501211a34b13356a0cd43f2ebd0050abd5e10,0.7700
Men22c,Causal Discovery and Reinforcement Learning: A Synergistic Integration,"Arquímides Méndez-Molina, E. Morales, and L. Sucar",2022,,European Workshop on Probabilistic Graphical Models,,421-432,"Both Reinforcement Learning (RL) and Causal Modeling (CM) are indispensable parts in the road for general artificial intelligence, however, they are usually treated separately, despite the fact that both areas can effectively complement each other in problem solving. On one hand, the interventional nature of the data generating process in RL favors the discovery of the underlying causal structure. On the other hand, if an agent knows the possible consequences of its actions, given by causal models, it can make better selections of them, reducing exploration and, therefore, accelerating the learning process. Also, ensuring that such an agent maintains a causal model for the world it operates in, improves interpretability and transfer learning, among other benefits. In this article, we propose a combination strategy to provide an intelligent agent with the ability to simultaneously learn and use causal models in the context of reinforcement learning. The proposed method learns a Causal Dynamic Bayesian Network for each of the agent actions and uses those models to improve the action selection process. To test our algorithm, experiments were performed on a simple synthetic scenario called the “coffee-task"". Our method achieves better results in policy learning than a traditional model-free algorithm (Q-Learning), and it also learns the underlying causal models. We believe that the results obtained reveal several interesting and challenging directions for future work.",15,3.5,,https://www.semanticscholar.org/paper/a45df3efbd472d4d43ddc4072c61f7f674981ac6,0.7500
Bar77,Reliability and Fault Tree Analysis,"R. Barlow, J. B. Fussell, and N. Singpurwalla",1977,1977-08-01,Technometrics,19,346,,162,3.3,10.2307/1267714,https://doi.org/10.2307/1267714,0.7500
Gen05,Aspects of casual inference in a non-counterfactual framework.,S. Geneletti,2005,,,,,"Since the mid 1970s and increasingly over the last decade, causal inference has generated interest and controversy in statistics. Mathematical frame works have been developed to make causal inference in fields ranging from epidemiology to social science. However, most frameworks rely on the existence of counterfactuals, and the assumptions that underpin them are not always made explicit. This thesis analyses such assumptions and proposes an alternative model. This is then used to tackle problems that have been formulated in counterfactual terms. The proposed framework is based on decision theory. Causes are seen in terms of interventions which in turn are seen as decisions. Decisions are thus explicitly included as intervention variables, in both algebraic expressions for causal effects and the in DAGs which represent the probabilistic structure between the variables. The non-counterfactual framework introduces a novel way of determining whether causal quantities are identifiable. Two such quantities are considered and conditions for their identification are presented. These are the direct effect of treatment on response in the presence of a mediating variable, and the effect of treatment on the treated. To determine whether these are identifiable, intervention nodes are introduced on the variables that are thought to be causal in the problem. By manipulating the conditional independences between the observed variables and the intervention nodes it is possible to determine whether the quantities of interest can be expressed in terms of the a) specific settings and/or b) the idle setting of the intervention nodes, corresponding to experimental regimes and the observational regimes of the causal variables. This method can be easily tailored to any specific context, as it relies only on the understanding of conditional independences.",9,0.4,,https://www.semanticscholar.org/paper/19ad06c43ffb0105811a86b9456b510324419d23,0.7400
Bre96,Decision-Theoretic Troubleshooting: A Framework for Repair and Experiment,J. Breese and D. Heckerman,1996,1996-08-01,ArXiv,abs/1302.3563,,"We develop and extend existing decision-theoretic methods for troubleshooting a nonfunctioning device. Traditionally, diagnosis with Bayesian networks has focused on belief updating--determining the probabilities of various faults given current observations. In this paper, we extend this paradigm to include taking actions. In particular, we consider three classes of actions: (1) we can make observations regarding the behavior of a device and infer likely faults as in traditional diagnosis, (2) we can repair a component and then observe the behavior of the device to infer likely faults, and (3) we can change the configuration of the device, observe its new behavior, and infer the likelihood of faults. Analysis of latter two classes of troubleshooting actions requires incorporating notions of persistence into the belief-network formalism used for probabilistic inference.",74,2.5,10.1007/978-1-4615-5089-1_15,https://doi.org/10.1007/978-1-4615-5089-1_15,0.7200
Bal94b,Probabilistic Evaluation of Counterfactual Queries,Alexander Balke and J. Pearl,1994,1994-10-05,Probabilistic and Causal Inference,,,,198,6.3,10.1145/3501714.3501733,https://doi.org/10.1145/3501714.3501733,0.7200
Dug93,Fault trees and Markov models for reliability analysis of fault-tolerant digital systems,"J. Dugan, S. Bavuso, and M. Boyd",1993,,Reliability Engineering & System Safety,39,291-307,,143,4.3,10.1016/0951-8320(93)90005-J,https://doi.org/10.1016/0951-8320(93)90005-J,0.7100
Lan20,Towards intervention-centric causal reasoning in learning agents,B. Lansdell,2020,2020-05-26,ArXiv,abs/2005.12968,,"Interventions are central to causal learning and reasoning. Yet ultimately an intervention is an abstraction: an agent embedded in a physical environment (perhaps modeled as a Markov decision process) does not typically come equipped with the notion of an intervention -- its action space is typically ego-centric, without actions of the form `intervene on X'. Such a correspondence between ego-centric actions and interventions would be challenging to hard-code. It would instead be better if an agent learnt which sequence of actions allow it to make targeted manipulations of the environment, and learnt corresponding representations that permitted learning from observation. Here we show how a meta-learning approach can be used to perform causal learning in this challenging setting, where the action-space is not a set of interventions and the observation space is a high-dimensional space with a latent causal structure. A meta-reinforcement learning algorithm is used to learn relationships that transfer on observational causal learning tasks. This work shows how advances in deep reinforcement learning and meta-learning can provide intervention-centric causal learning in high-dimensional environments with a latent causal structure.",0,,,https://www.semanticscholar.org/paper/e450e2febab59255c6d39460429a674b291e6fae,0.7000
Sky82,Causal Decision Theory,B. Skyrms,1982,1982-11-01,The Journal of Philosophy,79,695-711,,64,1.5,10.2307/2026547,https://doi.org/10.2307/2026547,0.7000
Mes03,An overview of the phase-modular fault tree approach to phased mission system analysis,Leila Meshkat,2003,2003-07-13,,,,"Phased-mission systems (PMS) are systems supporting missions consisting of multiple, consecutive, and non-overlapping operational phases. System composition, structure, and behavior can change from phase to phase; as a result, components may be modeled in different modes over the course of the mission. The need to model components and relationships in different modes poses unique challenges to analysis methods. We look at how fault tree analysis (FTA), a primary means of performing reliability analysis of PMS, can meet this challenge in this paper by presenting an overview of the modular approach to solving fault trees that represent PMS. Traditional solution methods are either combinatorial or Markov-chain based. The modular approach uses both combinatorial and Markov-chain solution methods as appropriate. This approach works by initially identifying modules that are independent throughout the PMS. This is accomplished by finding the union of all the components that are interdependent in any phase. It then solves for the reliability of each module within each phase and uses a combinatorial approach for finding the PMS system reliability based on the reliability of the modules. Further for solving for the reliability of the independent modules, if they correspond to static fault trees throughout all phases, it uses a combinatorial approach suitable for static PMS’s (combined BDD’s) and if they correspond to a dynamic fault tree in at least one phase, it uses a combined Markov Chain approach, Since the",40,1.8,,https://www.semanticscholar.org/paper/089479ccc615413a3da66a63ca875e1e1223982f,0.7000
Pea96,"Causation, Action and Counterfactuals",J. Pearl,1996,1996-03-17,Theoretical Aspects of Rationality and Knowledge,,51-73,,76,2.5,10.1007/978-94-017-0487-8_18,https://doi.org/10.1007/978-94-017-0487-8_18,0.7000
Tol25,Modelling complexity in system safety: generalizing the D2T2 methodology,S. Tolo and J. Andrews,2025,2025-10-20,Reliab. Eng. Syst. Saf.,270,112140,"Although Fault Tree and Event Tree analysis are still today the standard approach to system safety analysis for many engineering sectors, these techniques lack the capabilities of fully capturing the realistic, dynamic behaviour of complex systems, which results in a dense network of dependencies at any level, i.e. between components, trains of components or subsystems. While these limitations are well recognised across both industry and academia, the shortage of alternative tools able to tackle such challenges while retaining the computational feasibility of the analysis keeps fuelling the long-lived success of Fault Tree and Event Tree modelling. Analysts and regulators often rely on the use of conservative assumptions to mitigate the effect of oversimplifications associated with the use of such techniques. However, this results in the analysis output to be characterised by an unknown level of conservatism, with potential consequences on market competitiveness (i.e., over-conservatism) or safety (i.e., under-conservatism). This study proposes a generalization of the Dynamic and Dependent Tree Theory, which offers theoretical tools for the systematic integration of dependency modelling within the traditional Fault and Event Tree analysis framework. This is achieved by marrying the traditional combinatorial nature of failure analysis, formalised by the Fault and Event Tree language, with more flexible modelling solutions, which provide the flexibility required to capture complex system features. The main advantage of the proposed approach in comparison to existent solutions is the ability to take into account, under the same modelling framework, any type of dependency regardless of its nature and location, while retaining the familiarity and effectiveness of traditional safety modelling.",1,1.7,10.48550/arXiv.2510.17351,https://doi.org/10.48550/arXiv.2510.17351,0.6900
Ema13,Progressive heuristic search for probabilistic planning based on interaction estimates,"Yolanda E-Martín, M. Rodríguez-Moreno, and David E. Smith",2013,2013-07-19,Expert Systems,31,421 - 436,"Development of real planning and scheduling applications often requires the ability to handle uncertainty. Often this uncertainty is represented using probability information on the initial conditions and on the outcomes of actions. In this paper, we describe a novel probabilistic plan graph heuristic that computes information about the interaction between actions and between propositions. This information is used to find better relaxed plans and to compute their probability of success. This information guides a forward state space search for high probability, non‐branching seed plans. These plans are then used in a planning and scheduling system that handles unexpected outcomes by runtime replanning. We briefly describe the heuristic, the search process, and the results on different domains from recent international planning competitions. We discuss the results of this study and some of the issues involved in advancing this work further.",6,0.5,10.1111/exsy.12037,https://doi.org/10.1111/exsy.12037,0.6700
Gon19,A Guiding Principle for Causal Decision Problems,"Mauricio Gonzalez-Soto, L. Sucar, and Hugo Jair Escalante",2019,2019-02-06,ArXiv,abs/1902.02279,,"We define a Causal Decision Problem as a Decision Problem where the available actions, the family of uncertain events and the set of outcomes are related through the variables of a Causal Graphical Model $\mathcal{G}$. A solution criteria based on Pearl's Do-Calculus and the Expected Utility criteria for rational preferences is proposed. The implementation of this criteria leads to an on-line decision making procedure that has been shown to have similar performance to classic Reinforcement Learning algorithms while allowing for a causal model of an environment to be learned. Thus, we aim to provide the theoretical guarantees of the usefulness and optimality of a decision making procedure based on causal information.",0,,,https://www.semanticscholar.org/paper/de69caf350e7a52882943d326c718910cf5d8247,0.6500
Eel84,Causal Decision Theory,E. Eells,1984,1984-01-01,PSA: Proceedings of the Biennial Meeting of the Philosophy of Science Association,1984,177 - 200,,261,6.2,10.1086/psaprocbienmeetp.1984.2.192504,https://doi.org/10.1086/psaprocbienmeetp.1984.2.192504,0.6500
Blu99,Probabilistic Planning in the Graphplan Framework,Avrim Blum and J. Langford,1999,1999-09-08,European Conference on Planning,,319-332,,155,5.8,10.1007/10720246_25,https://doi.org/10.1007/10720246_25,0.6500
Pan75,Computerized Fault Tree Analysis: TREEL and MICSUP.,"P. Pande, Mitchell Spector, and P. Chatterjee",1975,1975-04-01,,,,"Abstract : Fault tree analysis has proven to be extremely useful in studying large scale systems in both industry and research. Due to the size and complexity of most trees, it has been necessary to develop computer programs for efficient analysis. Vessely and Narum developed a computer package called PREP and KITT in 1970. In 1974, Fussell, Henry and Marshall produced a program called MOCUS. The computer programs presented in this paper perform functions similar to the PREP and MOCUS codes, though the methodology and efficiency are greatly advanced. In addition, this paper provides a basic understanding of the terminology and concepts of fault trees, discusses planned objectives, and gives some insight into a topic called 'Tree Trimming.' All concepts and explanations are illustrated by example.",21,0.4,,https://www.semanticscholar.org/paper/26dc0922ed8118378ba3eef33bc46320a3d80059,0.6400
Mis24,Characterising Interventions in Causal Games,"Manuj Mishra, James Fox, and Michael Wooldridge",2024,2024-06-13,Conference on Uncertainty in Artificial Intelligence,,2560-2572,"Causal games are probabilistic graphical models that enable causal queries to be answered in multi-agent settings. They extend causal Bayesian networks by specifying decision and utility variables to represent the agents' degrees of freedom and objectives. In multi-agent settings, whether each agent decides on their policy before or after knowing the causal intervention is important as this affects whether they can respond to the intervention by adapting their policy. Consequently, previous work in causal games imposed chronological constraints on permissible interventions. We relax this by outlining a sound and complete set of primitive causal interventions so the effect of any arbitrarily complex interventional query can be studied in multi-agent settings. We also demonstrate applications to the design of safe AI systems by considering causal mechanism design and commitment.",0,,10.48550/arXiv.2406.09318,https://doi.org/10.48550/arXiv.2406.09318,0.6400
Mon04,Causal identification in design networks,"R. Monroy, G. Arroyo-Figueroa, L. Sucar, and H. Sossa",2004,,,,,"When planning and designing a policy intervention and evaluation, the policy maker will have to define a strategy which will define the (conditional independence) structure of the available data. Here, Dawid's extended influence diagrams are augmented by including 'experimental design' decisions nodes within the set of intervention strategies to provide semantics to discuss how a 'design' decision strategy (such as randomisation) might assist the systematic identification of intervention causal effects. By introducing design decision nodes into the framework, the experimental design underlying the data available is made explicit. We show how influence diagrams might be used to discuss the efficacy of different designs and conditions under which one can identify 'causal' effects of a future policy intervention. The approach of this paper lies primarily within probabilistic decision theory.",0,,,https://www.semanticscholar.org/paper/dbf561769baf139f69157aa75a1f5c1855fda293,0.6300
Pro21,Dependency-aware Fault Tree Analysis,Alexander Prohaska,2021,2021-11-24,2021 5th International Conference on System Reliability and Safety (ICSRS),,22-31,"The proposed method enables fault tree analysis (FTA) to handle specific dependencies between basic events innately. The supported dependencies are mutual exclusion, negation, implication and influencing dependency. Dependent events have unique event labels which are traced throughout the fault tree. Depending on the set of traced events included in a gate, several conditional probabilities are calculated to measure the influence of single events or event groups at that gate. Logical modeling errors, like the presence of two mutually exclusive events, are recognized and the occurrences of dependent and repeated events are taken into account during probability calculation. This also includes negated events, making the approach suitable for non-coherent FTA. In dependency-aware fault tree analysis (DaFTA), standard fault tree gates are calculated by splitting the solution space into several sub-results which are calculated using the conditional probabilities of including and excluding selections of labeled events. For a moderate fraction of traced events, DaFTA leads to a significantly lower number of terms during inclusion-exclusion calculation, compared to precise minimal cut set analysis, without losing precision. Optionally, any basic event of interest can be selected for tracing, making it possible to perform impact analyses for single events or event combinations.",1,0.2,10.1109/icsrs53853.2021.9660639,https://doi.org/10.1109/icsrs53853.2021.9660639,0.6300
Ort10b,A Minimum Relative Entropy Controller for Undiscounted Markov Decision Processes,Pedro A. Ortega and Daniel A. Braun,2010,2010-02-07,ArXiv,abs/1002.1480,,"Adaptive control problems are notoriously difficult to solve even in the presence of plant-specific controllers. One way to by-pass the intractable computation of the optimal policy is to restate the adaptive control as the minimization of the relative entropy of a controller that ignores the true plant dynamics from an informed controller. The solution is given by the Bayesian control rule-a set of equations characterizing a stochastic adaptive controller for the class of possible plant dynamics. Here, the Bayesian control rule is applied to derive BCR-MDP, a controller to solve undiscounted Markov decision processes with finite state and action spaces and unknown dynamics. In particular, we derive a non-parametric conjugate prior distribution over the policy space that encapsulates the agent's whole relevant history and we present a Gibbs sampler to draw random policies from this distribution. Preliminary results show that BCR-MDP successfully avoids sub-optimal limit cycles due to its built-in mechanism to balance exploration versus exploitation.",0,,,https://www.semanticscholar.org/paper/64d315f5055eaa6003be2f7ce15a49a1ebd24860,0.6200
Pea93b,"[Bayesian Analysis in Expert Systems]: Comment: Graphical Models, Causality and Intervention",J. Pearl,1993,1993-08-01,Statistical Science,8,266-269,,218,6.6,10.1214/SS/1177010894,https://doi.org/10.1214/SS/1177010894,0.6200
Ste93,CSM-184 - Planning and Execution using Partial Decision Trees,S. Steel and Lee Ho,1993,,,,,"We present a planning system which combines decision theory and AI planning techniques. Since actions have costs and uncertain outcomes, decision theory is used as a criterion for choosing among different courses of action in the plan tree. The plan representation can be seen as either a tree-structured conditional plan or a decision tree. In order to be reasonably responsive to the external environment, the system has a meta level control structure which lets it trade off further planning against execution by reasoning about the utility of planning. After executing an object level action, the system monitors the outcome and recurses on the appropriate remaining parts of the tree.",0,,,https://www.semanticscholar.org/paper/35c6ca88165fc68e73f9705100b337a71046eec7,0.6200
Olm77,A modular approach to fault tree and reliability analysis,J. Olmos and Wolf Lothar,1977,1977-06-01,Transactions of the American Nuclear Society,26,,"Originally presented as the first author's thesis, (Sc. D.)--in the M.I.T. Dept. of Nuclear Engineering, 1977",6,0.1,,https://www.semanticscholar.org/paper/086ac506b0311116302fedd7f4ed06298aee3e94,0.6100
Lew88,"Decision, probability, and utility: Causal decision theory",David Lewis,1988,,,,,,0,,10.1017/CBO9780511609220.023,https://doi.org/10.1017/CBO9780511609220.023,0.6000
Lit06b,Concurrent Probabilistic Planning in the Graphplan Framework,Iain Little and S. Thiébaux,2006,2006-06-06,International Conference on Automated Planning and Scheduling,,263-273,"We consider the problem of planning optimally in potentially concurrent probabilistic domains: actions have probabilistic effects and may execute in parallel under certain conditions; we seek a contingency plan that maximises the probability of reaching the goal. The Graphplan framework has proven to be highly successful at solving classical planning problems, but has not previously been applied to probabilistic planning in its entirety. We present an extension of the full framework to probabilistic domains that demonstrates a method of efficiently finding optimal contingency plans using a goal regression search. Paragraph, the resulting planner, is competitive with the state of the art, producing acyclic or cyclic plans that optionally exploit a problem's potential for concurrency.",47,2.4,,https://www.semanticscholar.org/paper/58d299cff784301523725f9887516ee0352bb7ab,0.6000
Zho18c,Condition Fault Tree: An Extension of Traditional Fault Tree to Handle Uncertainty,Zhenxu Zhou and Qin Zhang,2018,2018-07-22,Volume 9: Student Paper Competition,,,"Fault Tree Analysis (FTA) is a powerful and well-established tool, widely-used to evaluate system reliability. The logical connections between faults and causes in Fault Trees (FT) are assumed to be deterministic and are represented graphically via logical gates (such as AND gate, OR gate, NOT gate, etc.). However, sometimes the causalities can be uncertain. Considering that some of the causal relationships in FTs may be uncertain or non-deterministic, we propose a new model to represent the uncertainties, so called as Condition Fault Tree (CFT). We extend the traditional FTA by introducing a new parameter U, which illustrates the random mechanism of how parent event can cause child event. The probability of U (which is denoted by u = Pr{U}), is used to measure the uncertainty between parent event and child event. By introducing rules of parameter U in CFT, we explore its properties and corollaries. We also introduce a methodology to simplify CFTs based on Contraction, Elimination and Extraction rules. With the simplification rules, the structure of CFT can be simplified and the size of CFT can be significantly reduced. Since CFT is an extension of traditional FT, a qualitative analysis method and a quantitative method are introduced. For qualitative analysis, one can simplify a given CFT into the simplest form with the aforementioned rules, properties, and corollaries. With the simplest form of CFT, one can then get the Minimum Cut Sets with uncertainties, as an extension of Minimum Cut Sets. For quantitative analysis, exact calculation methods based on Inclusion-Exclusion and Disjoint-Sum-of-Product are proposed. Some examples are used to illustrate how CFT works.",0,,10.1115/ICONE26-81243,https://doi.org/10.1115/ICONE26-81243,0.6000
Sri95,Exploiting System Hierarchy to Compute Repair Plans in Probabilistic Model-Based Diagnosis,S. Srinivas and E. Horvitz,1995,1995-08-18,Conference on Uncertainty in Artificial Intelligence,,523-531,"The goal of model-based diagnosis is to isolate causes of anomalous system behavior and recommend cost-effective repair actions. In general, precomputing optimal repair policies is intractable. To date, investigators addressing this problem have explored approximations that either impose restrictions on the system model, such as a single fault assumption, or that compute an immediate best action with limited lookahead. In this paper, we develop a formulation of repair in model-based diagnosis and a repair algorithm that computes optimal sequences of actions. This optimal approach is costly but can be applied to precompute an optimal repair strategy for compact systems. We show how we can exploit a hierarchical system specification to make this approach tractable for large systems. When introducing hierarchy, we also consider the tradeoff between simply replacing a component and decomposing it to repair its subcomponents. The hierarchical repair algorithm is suitable for off-line precomputation of an optimal repair strategy. A modification of the algorithm takes advantage of an iterative deepening scheme to trade off inference time and the quality of the computed strategy.",8,0.3,,https://www.semanticscholar.org/paper/1edbdab64c7948fd016b28fb53aa65774ba70349,0.6000
Hag05b,Causal Models of Decision Making: Choice as Intervention,Y. Hagmayer and S. Sloman,2005,,,,,"Causal considerations must be relevant to making decisions. Nevertheless, traditional decision theories like evidential expected utility theory do not have the means to distinguish causal from merely evidential relations. As a result, they fail to distinguish cases where a choice influences consequences from cases where a choice does not affect consequences even though they are correlated. Therefore a causal model theory of choice is introduced built on the causal Bayes net framework. The theory claims that people decide using causal models of the decision situation. Choice is represented as an intervention. Two experiments are presented testing predictions of the theory.",11,0.5,,https://www.semanticscholar.org/paper/5eb41804b55ae77657654354016ac311c13d28b5,0.6000
Ond97,Handling Contingency Selection Using Goal Values,Nilufer Onder and M. Pollack,1997,,,,,"A key question in conditional planning is: how many, and which of the possible execution failures should be planned for? One cannot, in general, plan for all the failures that can be anticipated: there axe simply too many. But neither can one ignore all the possible failures, or one will fail to produce sufficiently flexible plans. We describe a planning system that attempts to identify the contingencies that contribute the most to a plan’s overall value. Plan generation proceeds by extending the plan to include actions that will be taken in case the identified contingencies fail, iterating until either a given expected value threshold is reached or planning time is exhausted.",0,,,https://www.semanticscholar.org/paper/f4340e4df0e9223eb710e9032fe7d31766ab074d,0.6000
Daw13,A Formal Treatment of Sequential Ignorability,A. Dawid and Panayiota Constantinou,2013,2013-07-03,Statistics in Biosciences,6,166 - 188,"Taking a rigorous formal approach, we consider sequential decision problems involving observable variables, unobservable variables, and action variables. We can typically assume the property of extended stability, which allows identification (by means of “$$G$$G-computation”) of the consequence of a specified treatment strategy if the “unobserved” variables are, in fact, observed—but not generally otherwise. However, under certain additional special conditions we can infer simple stability (or sequential ignorability), which supports $$G$$G-computation based on the observed variables alone. One such additional condition is sequential randomization, where the unobserved variables essentially behave as random noise in their effects on the actions. Another is sequential irrelevance, where the unobserved variables do not influence future observed variables. In the latter case, to deduce sequential ignorability in full generality requires additional positivity conditions. We show here that these positivity conditions are not required when all variables are discrete.",9,0.7,10.1007/s12561-014-9110-8,https://doi.org/10.1007/s12561-014-9110-8,0.5900
Med10,Observing and Intervening: Rational and Heuristic Models of Causal Decision Making,"Björn Meder, Tobias Gerstenberg, Y. Hagmayer, and Michael R. Waldmann",2010,2010-07-13,The Open Psychology Journal,3,119-135,"Recently, a number of rational theories have been put forward which provide a coherent formal framework for modeling different types of causal inferences, such as prediction, diagnosis, and action planning. A hallmark of these theories is their capacity to simultaneously express probability distributions under observational and interventional scenar- ios, thereby rendering it possible to derive precise predictions about interventions (""doing"") from passive observations (""seeing""). In Part 1 of the paper we discuss different modeling approaches for formally representing interventions and review the empirical evidence on how humans draw causal inferences based on observations or interventions. We contrast deterministic interventions with imperfect actions yielding unreliable or unknown outcomes. In Part 2, we discuss alterna- tive strategies for making interventional decisions when the causal structure is unknown to the agent. A Bayesian approach of rational causal inference, which aims to infer the structure and its parameters from the available data, provides the benchmark model. This account is contrasted with a heuristic approach which knows categories of causes and effects but neglects further structural information. The results of computer simulations show that despite its computational parsimony the heuristic approach achieves very good performance compared to the Bayesian model.",42,2.6,10.2174/1874350101003010119,https://doi.org/10.2174/1874350101003010119,0.5800
Ort10,Convergence of Bayesian Control Rule,Pedro A. Ortega and Daniel A. Braun,2010,2010-02-16,ArXiv,abs/1002.3086,,"Recently, new approaches to adaptive control have sought to reformulate the problem as a minimization of a relative entropy criterion to obtain tractable solutions. In particular, it has been shown that minimizing the expected deviation from the causal input-output dependencies of the true plant leads to a new promising stochastic control rule called the Bayesian control rule. This work proves the convergence of the Bayesian control rule under two sufficient assumptions: boundedness, which is an ergodicity condition; and consistency, which is an instantiation of the sure-thing principle.",1,0.1,,https://www.semanticscholar.org/paper/a7f004a1ca2f9de8f2fe9c8adbef487ccf0b1415,0.5800
Fel61,"DUAL CONTROL THEORY, IV",A. Feldbaum,1961,1961-08-17,,,,"Abstract : A generalized algorithm is derived for the optimal dual control strategy for an object with several inputs and outputs, having memory. An example of the application of this algorithm is given. Methods are examined for further development in the field of dual control theory. (Author)",128,2.0,,https://www.semanticscholar.org/paper/bc1cf3fd03b7df35f7d31e228c99bdd557f91bc8,0.5800
Pim94,Robust Planning in Uncertain Environments,Stephen G. Pimentel and Lawrence M. Brem,1994,1994-07-29,Conference on Uncertainty in Artificial Intelligence,,463-469,"This paper describes a novel approach to planning which takes advantage of decision theory to greatly improve robustness in an uncertain environment. We present an algorithm which computes conditional plans of maximum expected utility. This algorithm relies on a representation of the search space as an AND/OR tree and employs a depth-limit to control computation costs. A numeric robustness factor, which parameterizes the utility function, allows the user to modulate the degree of risk-aversion employed by the planner. Via a look-ahead search, the planning algorithm seeks to find an optimal plan using expected utility as its optimization criterion. We present experimental results obtained by applying our algorithm to a non-deterministic extension of the blocks world domain. Our results demonstrate that the robustness factor governs the degree of risk embodied in the conditional plans computed by our algorithm.",1,0.0,10.1016/B978-1-55860-332-5.50063-8,https://doi.org/10.1016/B978-1-55860-332-5.50063-8,0.5700
Ves77,FRANTIC II: a computer code for time dependent unavailability analysis,W. Vesely et al.,1977,1977-03-01,,,,"The FRANTIC computer code evaluates the time dependent and average unavailability for any general system model. The code is written in FORTRAN IV for the IBM 370 computer. Non-repairable components, monitored components, and periodically tested components are handled. One unique feature of FRANTIC is the detailed, time dependent modeling of periodic testing which includes the effects of test downtimes, test overrides, detection inefficiencies, and test-caused failures. The exponential distribution is used for the component failure times and periodic equations are developed for the testing and repair contributions. Human errors and common mode failures can be included by assigning an appropriate constant probability for the contributors. The output from FRANTIC consists of tables and plots of the system unavailability along with a breakdown of the unavailability contributions. Sensitivity studies can be simply performed and a wide range of tables and plots can be obtained for reporting purposes. The FRANTIC code represents a first step in the development of an approach that can be of direct value in future system evaluations. Modifications resulting from use of the code, along with the development of reliability data based on operating reactor experience, can be expected to provide increased confidence in its use and potentialmore » application to the licensing process.« less",29,0.6,,https://www.semanticscholar.org/paper/6b5f8676c15b6c34c00dd6118fdb99f9c2d436ea,0.5600
Bar81,Stochastic dynamic programming: Caution and probing,Y. Bar-Shalom,1981,1981-10-01,IEEE Transactions on Automatic Control,26,1184-1195,"The purpose of this paper is to unify the concepts of caution and probing put forth by Feldbaum [14] with the mathematical technique of stochastic dynamic programming originated by Bellman [5]. The decomposition of the expected cost in a stochastic control problem, recently developed in [8], is used to assess quantitatively the caution and probing effects of the system uncertainties on the control. It is shown how in some problems, because of the uncertainties, the control becomes cautious (less aggressive) while in other problems it will probe (by becoming more aggressive) in order to enhance the estimation/identification while controlling the system. Following this a classification of stochastic control problems according to the dominant effect is discussed. This is then used to point out which are the stochastic control problems where substantial improvements can be expected from using a sophisticated algorithm versus a simple one.",154,3.5,10.1109/TAC.1981.1102793,https://doi.org/10.1109/TAC.1981.1102793,0.5500
Tse73,Wide-sense adaptive dual control for nonlinear stochastic systems,"E. Tse, Y. Bar-Shalom, and L. Meier",1973,1973-04-01,IEEE Transactions on Automatic Control,18,98-108,"A new approach is presented for the problem of stochastic control of nonlinear systems. It is well known that, except for the linear-quadratic problem, the optimal stochastic controller cannot be obtained in practice. In general it is the curse of dimensionality that makes the strict application of the principle of optimality infeasible. The two subproblems of stochastic control, estimation and control proper, are, except for the linear-quadratic case, intercoupled. As pointed out by Feldbaum, in addition to its effects on the state of the system, the control also affects the estimation performance. In this paper, the control problem is formulated such that this dual property of the control appears explicitly. The resulting control sequence exhibits the closed-loop property, i.e., it takes into account the past observations and also the future observation program. Thus, in addition to being adaptive, this control also plans its future learning according to the control objective. Some preliminary simulation results illustrate these properties of the control.",170,3.2,10.1109/TAC.1973.1100238,https://doi.org/10.1109/TAC.1973.1100238,0.5500
How66,Information Value Theory,R. Howard,1966,1966-08-01,IEEE Trans. Syst. Sci. Cybern.,2,22-26,"The information theory developed by Shannon was designed to place a quantitative measure on the amount of information involved in any communication. The early developers stressed that the information measure was dependent only on the probabilistic structure of the communication process. For example, if losing all your assets in the stock market and having whale steak for supper have the same probability, then the information associated with the occurrence of either event is the same. Attempts to apply Shannon's information theory to problems beyond communications have, in the large, come to grief. The failure of these attempts could have been predicted because no theory that involves just the probabilities of outcomes without considering their consequences could possibly be adequate in describing the importance of uncertainty to a decision maker. It is necessary to be concerned not only with the probabilistic nature of the uncertainties that surround us, but also with the economic impact that these uncertainties will have on us. In this paper the theory of the value of information that arises from considering jointly the probabilistic and economic factors that affect decisions is discussed and illustrated. It is found that numerical values can be assigned to the elimination or reduction of any uncertainty. Furthermore, it is seen that the joint elimination of the uncertainty about a number of even independent factors in a problem can have a value that differs from the sum of the values of eliminating the uncertainty in each factor separately.",979,16,10.1109/TSSC.1966.300074,https://doi.org/10.1109/TSSC.1966.300074,0.5500
Tio17,A Unified Bellman Equation for Causal Information and Value in Markov Decision Processes,Stas Tiomkin and Naftali Tishby,2017,2017-03-05,ArXiv,abs/1703.01585,,"The interaction between an artificial agent and its environment is bi-directional. The agent extracts relevant information from the environment, and affects the environment by its actions in return to accumulate high expected reward. Standard reinforcement learning (RL) deals with the expected reward maximization. However, there are always information-theoretic limitations that restrict the expected reward, which are not properly considered by the standard RL. In this work we consider RL objectives with information-theoretic limitations. For the first time we derive a Bellman-type recursive equa- tion for the causal information between the environment and the agent, which is combined plausibly with the Bellman recursion for the value function. The unified equitation serves to explore the typical behavior of artificial agents in an infinite time horizon.",30,3.3,,https://www.semanticscholar.org/paper/f5f235579f02d9fad0d18cd19795de7e45c2f8eb,0.5500
Vol20b,Resolving Spurious Correlations in Causal Models of Environments via Interventions,"S. Volodin, Nevan Wichers, and J. Nixon",2020,2020-02-12,ArXiv,abs/2002.05217,,"Causal models could increase interpretability, robustness to distributional shift and sample efficiency of RL agents. In this vein, we address the question of learning a causal model of an RL environment. This problem is known to be difficult due to spurious correlations. We overcome this difficulty by rewarding an RL agent for designing and executing interventions to discover the true model. We compare rewarding the agent for disproving uncertain edges in the causal graph, rewarding the agent for activating a certain node, or rewarding the agent for increasing the causal graph loss. We show that our methods result in a better causal graph than one generated by following the random policy, or a policy trained on the environment's reward. We find that rewarding for the causal graph loss works the best.",19,3.0,,https://www.semanticscholar.org/paper/98b49ec25f7b8526d512efe7bb8a81ab8ef7be17,0.5500
Fil00,Survey of adaptive dual control methods,N. Filatov and H. Unbehauen,2000,,,147,118-128,"A survey of adaptive dual control methods, elaborated from the early 1960s until the present, is given. The development of dual control methods is considered in chronological order, taking into account its close interconnection with general progress in adaptive control theory and applications. Detailed classifications of stochastic adaptive control methods and dual control methods are presented. The properties of a neutral control system and the nature of the dual effect in adaptive control systems are described. The historical stages of the development of the theory and applications of dual control are reviewed.",158,6.0,10.1049/IP-CTA:20000107,https://doi.org/10.1049/IP-CTA:20000107,0.5400
Bar74,"Dual effect, certainty equivalence, and separation in stochastic control",Y. Bar-Shalom and E. Tse,1974,1974-10-01,IEEE Transactions on Automatic Control,19,494-500,"In this paper the various policies in fixed end-time stochastic control are discussed first. The emphasis is on the difference between the feedback and closed-loop policies. It is shown how the closed-loop policy has the important property that it can be actively adaptive, while the feedback policy can only be passively adaptive. The feature of being actively adaptive is possible when the control has a dual effect, i.e., in addition to its effect on the state it affects the state uncertainty. The intimate connection between the neutrality (lack of dual effect) and certainty equivalence properties for a class of problems is proved. This new result is then used to widen the class of problems for which it was previously known that the certainty equivalence property holds.",396,7.7,10.1109/TAC.1974.1100635,https://doi.org/10.1109/TAC.1974.1100635,0.5000
Kle15,Dual Control for Approximate Bayesian Reinforcement Learning,Edgar D. Klenske and Philipp Hennig,2015,2015-10-13,J. Mach. Learn. Res.,17,127:1-127:30,"Control of non-episodic, finite-horizon dynamical systems with uncertain dynamics poses a tough and elementary case of the exploration-exploitation trade-off. Bayesian reinforcement learning, reasoning about the effect of actions and future observations, offers a principled solution, but is intractable. We review, then extend an old approximate approach from control theory---where the problem is known as dual control---in the context of modern regression methods, specifically generalized linear regression. Experiments on simulated systems show that this framework offers a useful approximation to the intractable aspects of Bayesian RL, producing structured exploration strategies that differ from standard RL approaches. We provide simple examples for the use of this framework in (approximate) Gaussian process regression and feedforward neural networks for the control of exploration.",68,6.4,,https://www.semanticscholar.org/paper/d5c48f3c6b1147c411957a06538e12fced2d60d5,0.5000
Tse74,Adaptive Dual Control Methods,E. Tse,1974,,,,65-84,,29,0.6,,https://www.semanticscholar.org/paper/b754a3c671772c52b9ae512fa9c9ff14fa6a1bd4,0.4500
Wit02,Adaptive dual control,B. Wittenmark,2002,,,,,"The paper discusses the solution to the optimal adaptive control problem over an extended time horizon. This leads to a controller that have dual features, i.e., tt uses control actions as well as probing actions. The solution of the optimal dual control problem is intractable from a computational point of view. Approximations to obtain simpler suboptimal dual controllers are thus important. There are many different approaches how to obtain suboptimal dual controllers. Many of the approximations use a cautious controller as a starting point and introduce different active probing features. This can be done by including a term in the loss function that reflects the quality of the estimates of the parameters of the process. To introduce a dual feature this term must be a function of the control signal that is going to be determined and it should also contain information about the quality of the parameter estimates. The suboptimal dual controllers should also be such that they easily can be used for higher-order systems. (Less)",54,2.2,,https://www.semanticscholar.org/paper/9c1fe4c9791bab12e3a494664a71acd442c496af,0.4500
Tes82,A dual approach to Bayesian inference and adaptive control,L. Tesfatsion,1982,1982-06-01,Theory and Decision,14,177-194,,10,0.2,10.1007/BF00133976,https://doi.org/10.1007/BF00133976,0.4500
Fri15,Active inference and epistemic value,Karl J. Friston et al.,2015,2015-02-17,Cognitive Neuroscience,6,187 - 214,"We offer a formal treatment of choice behavior based on the premise that agents minimize the expected free energy of future outcomes. Crucially, the negative free energy or quality of a policy can be decomposed into extrinsic and epistemic (or intrinsic) value. Minimizing expected free energy is therefore equivalent to maximizing extrinsic value or expected utility (defined in terms of prior preferences or goals), while maximizing information gain or intrinsic value (or reducing uncertainty about the causes of valuable outcomes). The resulting scheme resolves the exploration-exploitation dilemma: Epistemic value is maximized until there is no further information gain, after which exploitation is assured through maximization of extrinsic value. This is formally consistent with the Infomax principle, generalizing formulations of active vision based upon salience (Bayesian surprise) and optimal decisions based on expected utility and risk-sensitive (Kullback-Leibler) control. Furthermore, as with previous active inference formulations of discrete (Markovian) problems, ad hoc softmax parameters become the expected (Bayes-optimal) precision of beliefs about, or confidence in, policies. This article focuses on the basic theory, illustrating the ideas with simulations. A key aspect of these simulations is the similarity between precision updates and dopaminergic discharges observed in conditioning paradigms.",682,61,10.1080/17588928.2015.1020053,https://doi.org/10.1080/17588928.2015.1020053,0.4000
Mel86,AND/OR graph representation of assembly plans,L. H. D. Mello and A. Sanderson,1986,1986-08-11,IEEE Trans. Robotics Autom.,6,188-199,"This paper presents a compact representation of all possible assembly plans of a given product using AND/OR graphs. Such a representation forms the basis for efficient planning algorithms which enable an increase in assembly system flexibility by allowing an intelligent robot to pick a course of action according to instantaneous conditions. Two applications are discussed: the selection of the best assembly plan (off-line planning), and opportunistic scheduling (online planning). An example of an assembly with four parts illustrates the use of the AND/OR graph representation to find the best assembly plan based on weighing of operations according to complexity of manipulation and stability of subassemblies. In practice, a generic search algorithm, such as the AO* may be used to find this plan. The scheduling efficiency using this representation is compared to fixed sequence and precedence graph representations. The AND/OR graph consistently reduces the average number of operations.",827,21,10.1109/70.54734,https://doi.org/10.1109/70.54734,0.3500
