Cite Key,Title,Authors,Year,Publication Date,Journal,Volume,Pages,Abstract,Citation Count,Citations/Year,DOI,URL,Relevance Score
Tia06b,Lumpability and Commutativity of Markov Processes,J. Tian and D. Kannan,2006,2006-07-01,Stochastic Analysis and Applications,24,685 - 702,,36,1.8,10.1080/07362990600632045,https://doi.org/10.1080/07362990600632045,3.4000
Pap02,Consistent abstractions of affine control systems,George Pappas and S. Simic,2002,2002-08-07,IEEE Trans. Autom. Control.,47,745-756,"In this paper, we consider the problem of constructing abstractions of affine control systems that preserve reachability properties, and, in particular, local accessibility. In this framework, showing local accessibility of the higher level, abstracted model is equivalent to showing local accessibility of the, more detailed, lower level model. Given an affine control system and a smooth surjective map, we present a canonical construction for extracting an affine control system describing the trajectories of the abstracted variables. We then obtain conditions on the abstraction maps that render the original and abstracted system equivalent from a local accessibility point of view. Such consistent hierarchies of accessibility preserving abstractions of nonlinear control systems are then considered for various classes of affine control systems including linear, bilinear, drift free, and strict feedback systems.",85,3.6,10.1109/TAC.2002.1000269,https://doi.org/10.1109/TAC.2002.1000269,3.3000
Buc94,Exact and ordinary lumpability in finite Markov chains,P. Buchholz,1994,1994-03-01,Journal of Applied Probability,31,59 - 75,,365,11,10.2307/3215235,https://doi.org/10.2307/3215235,3.1000
Sim61,Aggregation of Variables in Dynamic Systems,H. Simon,1961,1961-04-01,Econometrica,29,183-213,,726,11,10.1007/978-94-010-9521-1_12,https://doi.org/10.1007/978-94-010-9521-1_12,2.9000
Aok68,Control of large-scale dynamic systems by aggregation,M. Aoki,1968,1968-06-01,IEEE Transactions on Automatic Control,13,246-253,"A method is proposed to obtain a model of a dynamic system with a state vector of high dimension. The model is derived by ""aggregating"" the original system state vector into a lower-dimensional vector. Some properties of the aggregation method are investigated in the paper. The concept of aggregation, a generalization of that of projection, is related to that of state vector partition and is useful not only in building a model of reduced dimension, but also in unifying several topics in the control theory such as regulators with incomplete state feedback, characteristic value computations, model controls, and bounds on the solution of the matrix Riccati equations, etc. Using the quantitative definition of weak coupling proposed by Milne, a suboptimal control policy for the weakly coupled system is derived. Questions of performance degradation and of stability of such suboptimally controlled systems are also answered in the paper.",510,8.8,10.1109/TAC.1968.1098900,https://doi.org/10.1109/TAC.1968.1098900,2.7000
Tab05,Quotients of Fully Nonlinear Control Systems,P. Tabuada and George Pappas,2005,2005-05-01,SIAM J. Control. Optim.,43,1844-1866,"In this paper, we introduce and study quotients of fully nonlinear control systems. Our definition is inspired by categorical definitions of quotients as well as recent work on abstractions of affine control systems. We show that quotients exist under mild regularity assumptions and characterize the structure of the quotient state/input space. This allows one to understand how states and inputs of the quotient system are related to states and inputs of the original system. We also introduce a notion of projectability which turns out to be equivalent to controlled invariance. This allows one to regard previous work on symmetries, partial symmetries, and controlled invariance as leading to special types of quotients. We also show the existence of quotients that are not induced by symmetries or controlled invariance. Such decompositions have a potential use in a theory of hierarchical control based on quotients.",44,2.1,10.1137/S0363012901399027,https://doi.org/10.1137/S0363012901399027,2.6000
Del81,Aggregability of dynamic systems and lumpability of Markov chains,"F. Delebecque, J. Quadrat, and P. Kokotovic",1981,1981-12-01,1981 20th IEEE Conference on Decision and Control including the Symposium on Adaptive Processes,,199-203,,1,0.0,10.1109/CDC.1981.269510,https://doi.org/10.1109/CDC.1981.269510,2.6000
Del84,A unified view of aggregation and coherency in networks and Markov chains,"F. Delebecque, J. Quadrat, and P. Kokotovic",1984,1984-10-01,International Journal of Control,40,939-952,"Abstract This paper presents a unified treatment of aggregability, lumpability, coherency, reversibility, partial balance and similar properties appearing in different fields including power systems and queueing theory. A coherency condition, well known in power systems, implies the existence of a finite state filter for Markov chains, while aggregability and coherency yield a new condition for decentralized computation of the invariant measure.",18,0.4,10.1080/00207178408933320,https://doi.org/10.1080/00207178408933320,2.4000
Run15,Compositional Construction of Approximate Abstractions of Interconnected Control Systems,M. Rungger and Majid Zamani,2015,2015-04-14,IEEE Transactions on Control of Network Systems,5,116-127,"We consider a compositional construction of approximate abstractions of interconnected control systems. In our framework, an abstraction acts as a substitute in the controller design process and is itself a continuous control system. The abstraction is related to the concrete control system via a so-called simulation function: a Lyapunov-like function, which is used to establish a quantitative bound between the behavior of the approximate abstraction and the concrete system. In the first part of the paper, we provide a small gain type condition that facilitates the compositional construction of an abstraction of an interconnected control system together with a simulation function from the abstractions and simulation functions of the individual subsystems. In the second part of the paper, we restrict our attention to linear control system and characterize simulation functions in terms of controlled invariant, externally stabilizable subspaces. Based on those characterizations, we propose a particular scheme to construct abstractions for linear control systems. We illustrate the compositional construction of an abstraction on an interconnected system consisting of four linear subsystems. We use the abstraction as a substitute to synthesize a controller to enforce a certain linear temporal logic specification.",63,5.7,10.1145/2728606.2728615,https://doi.org/10.1145/2728606.2728615,2.4000
Jan09,A Fundamental Limit on Productivity in Organizations Collaborative Entropy Costs,R. Janow,2009,,,,,"Many researchers and managers agree that small workgroups tend to lose productivity and speed as they grow large and that decision-making tends to become sluggish in very large organizations. These effects are attributed to collaborative coordination costs that grow in importance as functions of an organization’s scale. Understanding of these effects has however been primarily empirical and qualitative. This paper presents a first-principles mathematical model that quantitatively predicts such productivity variations. It is based on a fundamental cost mechanism that has been overlooked in the past but which nonetheless dramatically limits knowledge workers’ productivity and timely response: one must account for the information associated with each actor’s range of collaborator choices when trying to understand organizations as systems of human knowledge processors. A Shannon-like “collaborative entropy” is quantified and introduced to model the extra decision information that must be generated when an organization distributes its functions among collaborating internal actors. The implied coordination cost is a fundamental limit on the per capita productivity for knowledge work. The productivity limit would apply even if management made perfect resource allocations. Information is lost if actors try to exceed the maximum rates for exchanging decision information. The model compensates for value gained by accessing specialized expertise and hiding complexity. The productivity metric used assumes constant decision quality. In a single growing workgroup the per capita productivity increases while the group is small and lightly loaded, but it falls off logarithmically rather than remaining constant once the group size exceeds a saturation value at which raw decision capacity is all in use. The productivity fall-off is due entirely to collaborative entropy. For organizations as a whole two additional scale effects may apply: the fraction of an actor’s total effort spent in collaboration versus individual work may grow, and the average number of collaborators per actor may also grow owing to increasing specialization. Productivity is then strongly peaked around an optimum organization size and varies rapidly above or below the peak by a factor in the range of 2 5. The productivity impact of collaborative entropy is large enough to strongly affect competitive advantage. Impact is maximized when the ratio of collaborative to individual effort is large. Large organizations may thus be inherently disadvantaged versus small ones wherever fast decision-making or high knowledgeworker productivity are key drivers. Even a modest amount of collaboration significantly decreases the productivity of actors functioning primarily as individual contributors.",0,,,https://www.semanticscholar.org/paper/bdf23a4e9cadb3f669bb76e24fb51e64814ee2e3,2.4000
Pap03,Bisimilar linear systems,George Pappas,2003,2003-12-01,Autom.,39,2035-2047,"The notion of bisimulation in theoretical computer science is one of the main complexity reduction methods for the analysis and synthesis of labeled transition systems. Bisimulations are special quotients of the state space that preserve many important properties expressible in temporal logics, and, in particular, reachability. In this paper, the framework of bisimilar transition systems is applied to various transition systems that are generated by linear control systems. Given a discrete-time or continuous-time linear system, and a finite observation map, we characterize linear quotient maps that result in quotient transition systems that are bisimilar to the original system. Interestingly, the characterizations for discrete-time systems are more restrictive than for continuous-time systems, due to the existence of an atomic time step. We show that computing the coarsest bisimulation, which results in maximum complexity reduction, corresponds to computing the maximal controlled or reachability invariant subspace inside the kernel of the observations map. These results establish strong connections between complexity reduction concepts in control theory and computer science.",218,9.7,10.1016/j.automatica.2003.07.003,https://doi.org/10.1016/j.automatica.2003.07.003,2.3000
Smi18b,Approximate abstractions of control systems with an application to aggregation,"Stanley W. Smith, M. Arcak, and Majid Zamani",2018,2018-09-10,Autom.,119,109065,"Previous approaches to constructing abstractions for control systems rely on geometric conditions or, in the case of an interconnected control system, a condition on the interconnection topology. Since these conditions are not always satisfiable, we relax the restrictions on the choice of abstractions, instead opting to select ones which nearly satisfy such conditions via optimization-based approaches. To quantify the resulting effect on the error between the abstraction and concrete control system, we introduce the notions of practical simulation functions and practical storage functions. We show that our approach facilitates the procedure of aggregation, where one creates an abstraction by partitioning agents into aggregate areas. We demonstrate the results on an application where we regulate the temperature in three separate zones of a building.",15,1.9,10.1016/J.AUTOMATICA.2020.109065,https://doi.org/10.1016/J.AUTOMATICA.2020.109065,2.2000
Sch04,Equivalence of dynamical systems by bisimulation,A. Schaft,2004,2004-12-20,IEEE Trans. Autom. Control.,49,2160-2172,"A general notion of bisimulation is defined for linear input-state-output systems, using analogies with the theory of concurrent processes. A characterization of bisimulation and an algorithm for computing the maximal bisimulation relation is derived using geometric control theory. Bisimulation is shown to be a notion which unifies the concepts of state-space equivalence and state-space reduction, and which allows to study equivalence of systems with nonminimal state-space dimension. The notion of bisimulation is especially powerful for ""nondeterministic"" dynamical systems, and leads in this case to a notion of equivalence which is finer than equality of external behavior. For abstractions of systems it is shown how the results specialize to previously obtained results by other authors. Extensions of the main results to the nonlinear case are provided.",62,2.9,10.1109/TAC.2004.838497,https://doi.org/10.1109/TAC.2004.838497,2.1000
Hil22,Quantitative Coarse-Graining of Markov Chains,Bastian Hilder and U. Sharma,2022,2022-01-25,SIAM J. Math. Anal.,56,913-954,"Coarse-graining techniques play a central role in reducing the complexity of stochastic models, and are typically characterised by a mapping which projects the full state of the system onto a smaller set of variables which captures the essential features of the system. Starting with a continuous-time Markov chain, in this work we propose and analyse an effective dynamics, which approximates the dynamical information in the coarse-grained chain. Without assuming explicit scale-separation, we provide sufficient conditions under which this effective dynamics stays close to the original system and provide quantitative bounds on the approximation error. We also compare the effective dynamics and corresponding error bounds to the averaging literature on Markov chains which involve explicit scale-separation. We demonstrate our findings on an illustrative test example.",5,1.2,10.1137/22m1473996,https://doi.org/10.1137/22m1473996,2.0500
Phi81,A singular perturbation approach to modeling and control of Markov chains,R. Phillips and P. Kokotovic,1981,1981-10-01,IEEE Transactions on Automatic Control,26,1087-1094,Finite state continuous time Markov processes with weak interactions are modeled as singularly perturbed systems. Aggregate states are obtained using a grouping algorithm. Two-time scale expansions simplify cost equations and lead to decentralized optimization algorithms.,184,4.1,10.1109/TAC.1981.1102780,https://doi.org/10.1109/TAC.1981.1102780,2.0000
Gur15b,"Collaboration and Multitasking in Networks: Architectures, Bottlenecks, and Capacity",I. Gurvich and J. V. Mieghem,2015,,Manuf. Serv. Oper. Manag.,17,16-33,"Motivated by the trend toward more collaboration in work flows, we study networks where some activities require the simultaneous processing by multiple types of multitasking human resources. Collaboration imposes constraints on the capacity of the process because multitasking resources have to be simultaneously at the right place. We introduce the notions of collaboration architecture and unavoidable bottleneck idleness to study the maximal throughput or capacity of such networks. Collaboration and multitasking introduce synchronization requirements that may inflict unavoidable idleness of the bottleneck resources: even when the network is continuously busy (processing at capacity), bottleneck resources can never be fully utilized. The conventional approach that equates network capacity with bottleneck capacity is then incorrect because the network capacity is below that of the bottlenecks. In fact, the gap between the two can grow linearly with the number of collaborative activities. Our main result is that networks with nested collaboration architectures have no unavoidable bottleneck idleness. Then, regardless of the processing times of the various activities, the standard bottleneck procedure correctly identifies the network capacity. We also prove necessity in the sense that, for any nonnested architecture, there are values of processing times for which unavoidable idleness persists. The fundamental trade-off between collaboration and capacity does not disappear in multiserver networks and has important ramifications to service-system staffing. Yet, even in multiserver networks, a nested collaboration architecture still guarantees that the bottleneck capacity is achievable. Finally, simultaneous collaboration, as a process constraint, may limit the benefits of flexibility. We study the interplay of flexibility and unavoidable idleness and offer remedies derived from collaboration architectures.",30,2.6,10.1287/msom.2014.0498,https://doi.org/10.1287/msom.2014.0498,2.0000
Bam11,Coherence in Large-Scale Networks: Dimension-Dependent Limitations of Local Feedback,"Bassam Bamieh, M. Jovanović, P. Mitra, and S. Patterson",2011,2011-12-17,IEEE Transactions on Automatic Control,57,2235-2249,"We consider distributed consensus and vehicular formation control problems. Specifically we address the question of whether local feedback is sufficient to maintain coherence in large-scale networks subject to stochastic disturbances. We define macroscopic performance measures which are global quantities that capture the notion of coherence; a notion of global order that quantifies how closely the formation resembles a solid object. We consider how these measures scale asymptotically with network size in the topologies of regular lattices in 1, 2, and higher dimensions, with vehicular platoons corresponding to the 1-D case. A common phenomenon appears where a higher spatial dimension implies a more favorable scaling of coherence measures, with a dimensions of 3 being necessary to achieve coherence in consensus and vehicular formations under certain conditions. In particular, we show that it is impossible to have large coherent 1-D vehicular platoons with only local feedback. We analyze these effects in terms of the underlying energetic modes of motion, showing that they take the form of large temporal and spatial scales resulting in an accordion-like motion of formations. A conclusion can be drawn that in low spatial dimensions, local feedback is unable to regulate large-scale disturbances, but it can in higher spatial dimensions. This phenomenon is distinct from, and unrelated to string instability issues which are commonly encountered in control problems for automated highways.",435,30,10.1109/TAC.2012.2202052,https://doi.org/10.1109/TAC.2012.2202052,1.9000
And11,Bounding the coarse graining error in hidden Markov dynamics,D. Andrieux,2011,2011-04-06,Appl. Math. Lett.,25,1734-1739,Abstract Lumping a Markov process introduces a coarser level of description that is useful in many contexts and applications. The dynamics on the coarse grained states is often approximated by its Markovian component. In this paper we derive finite-time bounds on the error in this approximation. These results hold for non-reversible dynamics and for probabilistic mappings between microscopic and coarse grained states.,10,0.7,10.1016/j.aml.2012.02.002,https://doi.org/10.1016/j.aml.2012.02.002,1.8000
Tat04b,Control under communication constraints,S. Tatikonda and S. Mitter,2004,2004-07-12,IEEE Transactions on Automatic Control,49,1056-1068,,1745,80,10.1109/TAC.2004.831187,https://doi.org/10.1109/TAC.2004.831187,1.8000
Nai04,Stabilizability of Stochastic Linear Systems with Finite Feedback Data Rates,G. Nair and R. Evans,2004,2004-02-01,SIAM J. Control. Optim.,43,413-436,"Feedback control with limited data rates is an emerging area which incorporates ideas from both control and information theory. A fundamental question it poses is how low the closed-loop data rate can be made before a given dynamical system is impossible to stabilize by any coding and control law. Analogously to source coding, this defines the smallest error-free data rate sufficient to achieve ""reliable"" control, and explicit expressions for it have been derived for linear time-invariant systems without disturbances. In this paper, the more general case of finite-dimensional linear systems with process and observation noise is considered, the object being mean square state stability. By inductive arguments employing the entropy power inequality of information theory, and a new quantizer error bound, an explicit expression for the infimum stabilizing data rate is derived, under very mild conditions on the initial state and noise probability distributions.",753,34,10.1137/S0363012902402116,https://doi.org/10.1137/S0363012902402116,1.7000
Gir11,Approximate Bisimulation: A Bridge Between Computer Science and Control Theory,A. Girard and George Pappas,2011,,Eur. J. Control,17,568-578,"Fifty years ago, control and computing were part of a broader system science. After a long period of separate development within each discipline, embedded and hybrid systems have challenged us to reunite the, now sophisticated theories of continuous control and discrete computing on a broader system theoretic basis. In this paper, we present a framework of system approximation that applies to both discrete and continuous systems. We deﬁne a hierarchy of approximation metrics between two systems that quantify the quality of the approximation, and capture the established notions in computer science as zero sections. The central notions in this framework are that of approximate simulation and bisimulation relations and their functional characterizations called simulation and bisimulation functions and deﬁned by Lyapunov-type inequalities. In particular, these functions can provide computable upper-bounds on the approximation metrics by solving a static game. Our approximation framework will be illustrated by showing some of its applications in various problems such as reachability analysis of continuous systems and hybrid systems, approximation of continuous and hybrid systems by discrete systems, hierarchical control design, and simulation-based approaches to veriﬁcation of continuous and hybrid systems.",142,9.3,10.3166/ejc.17.568-578,https://doi.org/10.3166/ejc.17.568-578,1.7000
Smi18,Hierarchical Control via an Approximate Aggregate Manifold,"Stanley W. Smith, M. Arcak, and Majid Zamani",2018,2018-06-01,2018 Annual American Control Conference (ACC),,2378-2383,"Typical aggregation procedures rely on an invariant manifold on which a detailed model of a system reduces to an aggregate model. In this paper we propose using an approximate aggregate manifold which need not be invariant. As a result, there exists a residual term in the dynamics relative to the manifold, whose effect we limit by including additional constraints in a formal synthesis of the controller for the aggregate system. We then refine the aggregate controller into an interface controller resulting in a bound on the error between the concrete and aggregate system, which we formalize using the notion of a simulation function. We demonstrate our approach with two examples: a platoon of vehicles with affine dynamics and a network of water tanks which falls into a particular class of nonlinear systems that we describe.",6,0.8,10.23919/ACC.2018.8431887,https://doi.org/10.23919/ACC.2018.8431887,1.7000
Ber06,Information and closure in systems theory,"Nils Bertschinger, E. Olbrich, N. Ay, and J. Jost",2006,,,,,"The notion of closure plays a prominent role in systems theory where it is used to identify or deﬁne the system in distinction from its environment and to explain the autonomy of the system. Here, we present a quantitative measure, as opposed to the already existing qualitative notions, of closure. We shall elaborate upon the observation that cognitive systems can achieve informational closure by modeling their environment. Formally, then, a system is informationally closed if (almost) no information ﬂows into it from the environment. A system that is independent from its environment trivially achieves informational closure. Simulations of coupled hidden Markov models demonstrate that informational closure can also be realized non-trivially by modeling or controlling the environment. Our analysis of systems that actively inﬂuence their environment to achieve closure then reveals interesting connections to the related notion of autonomy. This discussion will then call into question the system-environment distinction that seems so innocent to begin with. It turns out that the notion of autonomy depends crucially on whether, not just the state observables, but also the dynamical processes are attributed to either the system or the environment. In that manner, our conceptualization of informational closure also sheds light on other, more ambitious notions of closure, e.g. organizational closure, semantic closure, closure to eﬃcient cause or operational closure, intended as a fundamental (deﬁning) concept of life itself.",32,1.6,,https://www.semanticscholar.org/paper/846a8c33af45d6175643627b4df8fb0a9b63d423,1.7000
Li06,Towards a Unified Theory of State Abstraction for MDPs,"Lihong Li, Thomas J. Walsh, and M. Littman",2006,,AI&M,,,"State abstraction (or state aggregation) has been extensively studied in the fields of artificial intelligence and operations research. Instead of working in the ground state space, the decision maker usually finds solutions in the abstract state space much faster by treating groups of states as a unit by ignoring irrelevant state information. A number of abstractions have been proposed and studied in the reinforcement-learning and planning literatures, and positive and negative results are known. We provide a unified treatment of state abstraction for Markov decision processes. We study five particular abstraction schemes, some of which have been proposed in the past in different forms, and analyze their usability for planning and learning.",560,28,,https://www.semanticscholar.org/paper/ca9a2d326b9de48c095a6cb5912e1990d2c5ab46,1.6500
Hoe16,When the Map Is Better Than the Territory,Erik P. Hoel,2016,2016-12-30,ArXiv,abs/1612.09592,,"The causal structure of any system can be analyzed at a multitude of spatial and temporal scales. It has long been thought that while higher scale (macro) descriptions may be useful to observers, they are at best a compressed description and at worse leave out critical information and causal relationships. However, recent research applying information theory to causal analysis has shown that the causal structure of some systems can actually come into focus and be more informative at a macroscale. That is, a macroscale description of a system (a map) can be more informative than a fully detailed microscale description of the system (the territory). This has been called “causal emergence.” While causal emergence may at first seem counterintuitive, this paper grounds the phenomenon in a classic concept from information theory: Shannon’s discovery of the channel capacity. I argue that systems have a particular causal capacity, and that different descriptions of those systems take advantage of that capacity to various degrees. For some systems, only macroscale descriptions use the full causal capacity. These macroscales can either be coarse-grains, or may leave variables and states out of the model (exogenous, or “black boxed”) in various ways, which can improve the efficacy and informativeness via the same mathematical principles of how error-correcting codes take advantage of an information channel’s capacity. The causal capacity of a system can approach the channel capacity as more and different kinds of macroscales are considered. Ultimately, this provides a general framework for understanding how the causal structure of some systems cannot be fully captured by even the most detailed microscale description.",139,15,10.3390/e19050188,https://doi.org/10.3390/e19050188,1.6000
Hof09,Bounding the lumping error in Markov chain dynamics,K. Hoffmann and P. Salamon,2009,2009-09-01,Appl. Math. Lett.,22,1471-1475,,17,1.0,10.1016/j.aml.2009.03.016,https://doi.org/10.1016/j.aml.2009.03.016,1.6000
Khu18,Approximate lumpability for Markovian agent-based models using local symmetries,"Wasiur R. KhudaBukhsh, Arnab Auddy, Y. Disser, and H. Koeppl",2018,2018-04-03,J. Appl. Probab.,56,647-671,"We study a Markovian agent-based model (MABM) in this paper. Each agent is endowed with a local state that changes over time as the agent interacts with its neighbours. The neighbourhood structure is given by a graph. Recently, Simon, Taylor, and Kiss [40] used the automorphisms of the underlying graph to generate a lumpable partition of the joint state space, ensuring Markovianness of the lumped process for binary dynamics. However, many large random graphs tend to become asymmetric, rendering the automorphism-based lumping approach ineffective as a tool of model reduction. In order to mitigate this problem, we propose a lumping method based on a notion of local symmetry, which compares only local neighbourhoods of vertices. Since local symmetry only ensures approximate lumpability, we quantify the approximation error by means of the Kullback–Leibler divergence rate between the original Markov chain and aliftedMarkov chain. We prove the approximation error decreases monotonically. The connections to fibrations of graphs are also discussed.",17,2.1,10.1017/jpr.2019.44,https://doi.org/10.1017/jpr.2019.44,1.6000
Bal21b,Can Decentralized Control Outperform Centralized? The Role of Communication Latency,"Luca Ballotta, M. Jovanovi'c, and L. Schenato",2021,2021-09-01,IEEE Transactions on Control of Network Systems,10,1629-1640,"In this article, we examine the influence of communication latency on performance of networked control systems. Even though distributed control architectures offer advantages in terms of communication, maintenance costs, and scalability, it is an open question how communication latency that varies with network topology influences closed-loop performance. For networks in which delays increase with the number of links, we establish the existence of a fundamental performance tradeoff that arises from control architecture. In particular, we utilize consensus dynamics with single- and double-integrator agents to show that, if delays increase fast enough, a sparse controller with nearest neighbor interactions can outperform the centralized one with all-to-all communication topology.",15,3.2,10.1109/TCNS.2023.3237483,https://doi.org/10.1109/TCNS.2023.3237483,1.6000
Won99,Systems with finite communication bandwidth constraints. II. Stabilization with limited information feedback,W. Wong and R. Brockett,1999,1999-05-01,IEEE Trans. Autom. Control.,44,1049-1053,"For part I, see ibid., vol.42, p.1294-8, 1997. In this paper a new class of feedback control problems is introduced. Unlike classical models, the systems considered here have communication channel constraints. As a result, the issue of coding and communication protocol becomes an integral part of the analysis. Since these systems cannot be asymptotically stabilized if the underlying dynamics are unstable, a weaker stability concept called containability is introduced. A key result connects containability with an inequality equation involving the communication data rate and the rate of change of the state.",930,34,10.1109/9.763226,https://doi.org/10.1109/9.763226,1.6000
Zam16,Compositional Abstraction for Networks of Control Systems: A Dissipativity Approach,Majid Zamani and M. Arcak,2016,2016-08-04,IEEE Transactions on Control of Network Systems,5,1003-1015,"In this paper, we propose a compositional scheme for the construction of abstractions for networks of control systems by using the interconnection matrix and joint dissipativity-type properties of subsystems and their abstractions. In the proposed framework, the abstraction, itself a control system (possibly with a lower dimension), can be used as a substitution of the original system in the controller design process. Moreover, we provide a procedure for constructing abstractions of a class of nonlinear control systems by using the bounds on the slope of system nonlinearities. We illustrate the proposed results on a network of linear control systems by constructing its abstraction in a compositional way without requiring any condition on the number or gains of the subsystems. We use the abstraction as a substitute to synthesize a controller enforcing a certain linear temporal logic specification. This example particularly elucidates the effectiveness of dissipativity-type compositional reasoning for large-scale systems.",66,6.7,10.1109/TCNS.2017.2670330,https://doi.org/10.1109/TCNS.2017.2670330,1.6000
Mic24,Formal error bounds for the state space reduction of Markov chains,Fabian Michel and Markus Siegle,2024,2024-03-12,Perform. Evaluation,167,102464,"We study the approximation of a Markov chain on a reduced state space, for both discrete- and continuous-time Markov chains. In this context, we extend the existing theory of formal error bounds for the approximated transient distributions. As a special case, we consider aggregated (or lumped) Markov chains, where the state space reduction is achieved by partitioning the state space into macro states. In the discrete-time setting, we bound the stepwise increment of the error, and in the continuous-time setting, we bound the rate at which the error grows. In addition, the same error bounds can also be applied to bound how far an approximated stationary distribution is from stationarity. Subsequently, we compare these error bounds with relevant concepts from the literature, such as exact and ordinary lumpability, as well as deflatability and aggregatability. These concepts define stricter than necessary conditions to identify settings in which the aggregation error is zero. We also consider possible algorithms for finding suitable aggregations for which the formal error bounds are low, and we analyse first experiments with these algorithms on a range of different models.",7,3.2,10.1016/j.peva.2024.102464,https://doi.org/10.1016/j.peva.2024.102464,1.5500
Tay08b,Bounding Performance Loss in Approximate MDP Homomorphisms,"Jonathan Taylor, Doina Precup, and P. Panangaden",2008,2008-12-08,Neural Information Processing Systems,,1649-1656,"We define a metric for measuring behavior similarity between states in a Markov decision process (MDP), which takes action similarity into account. We show that the kernel of our metric corresponds exactly to the classes of states defined by MDP homomorphisms (Ravindran & Barto, 2003). We prove that the difference in the optimal value function of different states can be upper-bounded by the value of this metric, and that the bound is tighter than previous bounds provided by bisimulation metrics (Ferns et al. 2004, 2005). Our results hold both for discrete and for continuous actions. We provide an algorithm for constructing approximate homomorphisms, by using this metric to identify states that can be grouped together, as well as actions that can be matched. Previous research on this topic is based mainly on heuristics.",83,4.8,,https://www.semanticscholar.org/paper/935f58066e63518f4e519ea44119772bc5b4ce1b,1.5200
Tan15b,LQG Control With Minimum Directed Information: Semidefinite Programming Approach,"Takashi Tanaka, Peyman Mohajerin Esfahani, and S. Mitter",2015,2015-10-14,IEEE Transactions on Automatic Control,63,37-52,"We consider a discrete-time linear–quadratic–Gaussian (LQG) control problem, in which Massey's directed information from the observed output of the plant to the control input is minimized, while required control performance is attainable. This problem arises in several different contexts, including joint encoder and controller design for data-rate minimization in networked control systems. We show that the optimal control law is a linear–Gaussian randomized policy. We also identify the state-space realization of the optimal policy, which can be synthesized by an efficient algorithm based on semidefinite programming. Our structural result indicates that the filter–controller separation principle from the LQG control theory and the sensor–filter separation principle from the zero-delay rate-distortion theory for Gauss–Markov sources hold simultaneously in the considered problem. A connection to the data-rate theorem for mean-square stability by Nair and Evans is also established.",113,11,10.1109/TAC.2017.2709618,https://doi.org/10.1109/TAC.2017.2709618,1.5000
Mon15,Biological organisation as closure of constraints.,Maël Montévil and M. Mossio,2015,2015-05-07,Journal of theoretical biology,372,"'
          179-91
        ","We propose a conceptual and formal characterisation of biological organisation as a closure of constraints. We first establish a distinction between two causal regimes at work in biological systems: processes, which refer to the whole set of changes occurring in non-equilibrium open thermodynamic conditions; and constraints, those entities which, while acting upon the processes, exhibit some form of conservation (symmetry) at the relevant time scales. We then argue that, in biological systems, constraints realise closure, i.e. mutual dependence such that they both depend on and contribute to maintaining each other. With this characterisation in hand, we discuss how organisational closure can provide an operational tool for marking the boundaries between interacting biological systems. We conclude by focusing on the original conception of the relationship between stability and variation which emerges from this framework.",233,21,10.1016/j.jtbi.2015.02.029,https://doi.org/10.1016/j.jtbi.2015.02.029,1.5000
Giv03,Equivalence notions and model minimization in Markov decision processes,"R. Givan, T. Dean, and M. Greig",2003,2003-07-01,Artif. Intell.,147,163-223,,435,19,10.1016/S0004-3702(02)00376-4,https://doi.org/10.1016/S0004-3702(02)00376-4,1.4700
Der03,Optimal state-space lumping in Markov chains,"Salem Derisavi, H. Hermanns, and W. Sanders",2003,2003-09-30,Inf. Process. Lett.,87,309-315,,224,9.9,10.1016/S0020-0190(03)00343-0,https://doi.org/10.1016/S0020-0190(03)00343-0,1.4500
Eli01,Stabilization of linear systems with limited information,N. Elia and S. Mitter,2001,2001-09-01,IEEE Trans. Autom. Control.,46,1384-1400,"We show that the coarsest, or least dense, quantizer that quadratically stabilizes a single input linear discrete time invariant system is logarithmic, and can be computed by solving a special linear quadratic regulator problem. We provide a closed form for the optimal logarithmic base exclusively in terms of the unstable eigenvalues of the system. We show how to design quantized state-feedback controllers, and quantized state estimators. This leads to the design of hybrid output feedback controllers. The theory is then extended to sampling and quantization of continuous time linear systems sampled at constant time intervals. We generalize the definition of density of quantization to the density of sampling and quantization in a natural way, and search for the coarsest sampling and quantization scheme that ensures stability. Finally, by relaxing the definition of quadratic stability, we show how to construct logarithmic quantizers with only finite number of quantization levels and still achieve practical stability of the closed-loop system.",1817,74,10.1109/9.948466,https://doi.org/10.1109/9.948466,1.4200
Hoe16b,Can the macro beat the micro? Integrated information across spatiotemporal scales.,"Erik P. Hoel, L. Albantakis, W. Marshall, and G. Tononi",2016,,Neuroscience of consciousness,2016 1,"'
          niw012
        ","Causal interactions within complex systems such as the brain can be analyzed at multiple spatiotemporal levels. It is widely assumed that the micro level is causally complete, thus excluding causation at the macro level. However, by measuring effective information-how much a system's mechanisms constrain its past and future states-we recently showed that causal power can be stronger at macro rather than micro levels. In this work, we go beyond effective information and consider additional requirements of a proper measure of causal power from the intrinsic perspective of a system: composition (the cause-effect power of the parts), state-dependency (the cause-effect power of the system in a specific state); integration (the causal irreducibility of the whole to its parts), and exclusion (the causal borders of the system). A measure satisfying these requirements, called Φ Max, was developed in the context of integrated information theory. Here, we evaluate Φ Max systematically at micro and macro levels in space and time using simplified neuronal-like systems. We show that for systems characterized by indeterminism and/or degeneracy, Φ can indeed peak at a macro level. This happens if coarse-graining micro elements produces macro mechanisms with high irreducible causal selectivity. These results are relevant to a theoretical account of consciousness, because for integrated information theory the spatiotemporal maximum of integrated information fixes the spatiotemporal scale of consciousness. More generally, these results show that the notions of macro causal emergence and micro causal exclusion hold when causal power is assessed in full and from the intrinsic perspective of a system.",127,12,10.1093/nc/niw012,https://doi.org/10.1093/nc/niw012,1.4000
Ber08b,Autonomy: An information theoretic perspective,"Nils Bertschinger, E. Olbrich, N. Ay, and J. Jost",2008,2008-02-01,Bio Systems,91 2,"'
          331-45
        ",,110,6.0,10.1016/j.biosystems.2007.05.018,https://doi.org/10.1016/j.biosystems.2007.05.018,1.4000
Tab01,Compositional Abstractions of Hybrid Control Systems,"P. Tabuada, George Pappas, and P. Lima",2001,2001-12-04,Discrete Event Dynamic Systems,14,203-238,"Abstraction is a natural way to hierarchically decompose the analysis and design of hybrid systems. Given a hybrid control system and some desired properties, one extracts an abstracted system while preserving the properties of interest. Abstractions of purely discrete systems is a mature area, whereas abstractions of continuous systems is a recent activity. In this paper we present a framework for abstraction that applies to discrete, continuous, and hybrid systems. We introduce a composition operator that allows to build complex hybrid systems from simpler ones and show compatibility between abstractions and this compositional operator. Besides unifying the existing methodologies we also propose constructions to obtain abstractions of hybrid control systems.",65,2.7,10.1109/CDC.2001.980125,https://doi.org/10.1109/CDC.2001.980125,1.4000
Fax04,Information flow and cooperative control of vehicle formations,J. A. Fax and R. Murray,2004,2004-09-13,IEEE Transactions on Automatic Control,49,1465-1476,,4731,218,10.3182/20020721-6-ES-1901.00100,https://doi.org/10.3182/20020721-6-ES-1901.00100,1.3800
Buc92,LUMPABILITY AND AGGREGATION OF MARKOVIAN SUBMODELS,P. Buchholz,1992,,,,,"Hierarchical Markovian models are an adequate paradigm for the modeling of complex systems. For the analysis of such models decomposition and aggregation techniques are very important, since the Markov chain described by a complex model often has a size that exceeds the capacity of contemporary computer equipment by orders of a magnitude. A class of hierarchical Markovian models is deened and a new aggregation technique is presented, which allows the aggregation of isolated submodels and the substitution of submodels by less complex aggregates and often reduces the size of the underlying Markov chain dramatically. The ag-gregation technique is based on the generation of (approximative) lumpable partitions on the submodels state space and allows the construction of aggregates introducing various degrees of approximation.",1,0.0,,https://www.semanticscholar.org/paper/19a406d08c3912bd9acf1163af5a8b4bed567a81,1.3500
Sil14,A Characterization of the Minimal Average Data Rate That Guarantees a Given Closed-Loop Performance Level,"Eduardo I. Silva, M. Derpich, Jan Østergaard, and Marco A. Encina",2014,2014-07-01,IEEE Transactions on Automatic Control,61,2171-2186,"This paper studies networked control systems closed over noiseless digital channels. We focus on noisy linear time-invariant (LTI) plants with stationary Gaussian disturbances, Gaussian initial state, scalar-valued control inputs and sensor outputs. For this set-up, we show that the absolute minimal directed information rate that allows one to achieve a prescribed level of performance (not necessarily stationary), over all combinations of encoder-controller-decoder, is achieved when the decoder output is jointly Gaussian with the other signals in the system. This directed information rate lower bounds the achievable operational data rates. When restricting our attention to encoder-controller-decoders which make the random processes in the loop (strongly) asymptotically wide-sense stationary, this bound can be expressed in terms of their asymptotic power spectral densities. Then we show that the directed information rate and stationary performance of any such scheme can be achieved when the concatenated encoder, channel, controller and decoder behave as an AWGN channel with LTI filters. We also present a simple coding scheme that allows one to achieve (operational) average data rates that are at most (approximately) 1.254 bits away from the derived lower bound, while satisfying the performance constraint. A numerical example is presented to illustrate our findings.",55,4.6,10.1109/TAC.2015.2500658,https://doi.org/10.1109/TAC.2015.2500658,1.3000
Zam15,Approximations of Stochastic Hybrid Systems: A Compositional Approach,"Majid Zamani, M. Rungger, and Peyman Mohajerin Esfahani",2015,2015-08-26,IEEE Transactions on Automatic Control,62,2838-2853,"In this paper we propose a compositional framework for the construction of approximations of the interconnection of a class of stochastic hybrid systems. As special cases, this class of systems includes both jump linear stochastic systems and linear stochastic hybrid automata. In the proposed framework, an approximation is itself a stochastic hybrid system, which can be used as a replacement of the original stochastic hybrid system in a controller design process. We employ a notion of so-called stochastic simulation function to quantify the error between the approximation and the original system. In the first part of the paper, we derive sufficient conditions which facilitate the compositional quantification of the error between the interconnection of stochastic hybrid subsystems and that of their approximations using the quantified error between the stochastic hybrid subsystems and their corresponding approximations. In particular, we show how to construct stochastic simulation functions for approximations of interconnected stochastic hybrid systems using the stochastic simulation function for the approximation of each component. In the second part of the paper, we focus on a specific class of stochastic hybrid systems, namely, jump linear stochastic systems, and propose a constructive scheme to determine approximations together with their stochastic simulation functions for this class of systems. Finally, we illustrate the effectiveness of the proposed results by constructing an approximation of the interconnection of four jump linear stochastic subsystems in a compositional way.",44,4.1,10.1109/TAC.2016.2619419,https://doi.org/10.1109/TAC.2016.2619419,1.3000
Ave17,Approximate and Exact Solutions of Intertwining Equations Through Random Spanning Forests,"L. Avena, F. Castell, A. Gaudilliere, and Clothilde Mélot",2017,2017-02-17,Progress in Probability,,,"For different reversible Markov kernels on finite state spaces, we look for families of probability measures for which the time evolution almost remains in their convex hull. Motivated by signal processing problems and metastability studies we are interested in the case when the size of such families is smaller than the size of the state space, and we want such distributions to be with small overlap among them. To this aim we introduce a squeezing function to measure the common overlap of such families, and we use random forests to build random approximate solutions of the associated intertwining equations for which we can bound from above the expected values of both squeezing and total variation errors. We also explain how to modify some of these approximate solutions into exact solutions by using those eigenvalues of the associated Laplacian with the largest absolute values.",11,1.2,10.1007/978-3-030-60754-8_3,https://doi.org/10.1007/978-3-030-60754-8_3,1.3000
Taz08,Bisimilar Finite Abstractions of Interconnected Systems,Y. Tazaki and J. Imura,2008,2008-04-22,International Conference on Hybrid Systems: Computation and Control,,514-527,,72,4.0,10.1007/978-3-540-78929-1_37,https://doi.org/10.1007/978-3-540-78929-1_37,1.3000
Wol14,Optimal high-level descriptions of dynamical systems,"D. Wolpert, Joshua A. Grochow, E. Libby, and S. Dedeo",2014,2014-09-25,arXiv: Information Theory,,,"To analyze high-dimensional systems, many fields in science and engineering rely on high-level descriptions, sometimes called ""macrostates,"" ""coarse-grainings,"" or ""effective theories"". Examples of such descriptions include the thermodynamic properties of a large collection of point particles undergoing reversible dynamics, the variables in a macroeconomic model describing the individuals that participate in an economy, and the summary state of a cell composed of a large set of biochemical networks. 
Often these high-level descriptions are constructed without considering the ultimate reason for needing them in the first place. Here, we formalize and quantify one such purpose: the need to predict observables of interest concerning the high-dimensional system with as high accuracy as possible, while minimizing the computational cost of doing so. The resulting State Space Compression (SSC) framework provides a guide for how to solve for the {optimal} high-level description of a given dynamical system, rather than constructing it based on human intuition alone. 
In this preliminary report, we introduce SSC, and illustrate it with several information-theoretic quantifications of ""accuracy"", all with different implications for the optimal compression. We also discuss some other possible applications of SSC beyond the goal of accurate prediction. These include SSC as a measure of the complexity of a dynamical system, and as a way to quantify information flow between the scales of a system.",22,1.9,,https://www.semanticscholar.org/paper/ba13d49c5b1c2a274b585094ea89c9a4e74ba5cb,1.3000
Rei15,Feedback Refinement Relations for the Synthesis of Symbolic Controllers,"G. Reissig, Alexander Weber, and M. Rungger",2015,2015-03-12,IEEE Transactions on Automatic Control,62,1781-1796,"We present an abstraction and refinement methodology for the automated controller synthesis to enforce general predefined specifications. The designed controllers require quantized (or symbolic) state information only and can be interfaced with the system via a static quantizer. Both features are particularly important with regard to any practical implementation of the designed controllers and, as we prove, are characterized by the existence of a feedback refinement relation between plant and abstraction. Feedback refinement relations are a novel concept introduced in this paper. Our work builds on a general notion of system with set-valued dynamics and possibly non-deterministic quantizers to permit the synthesis of controllers that robustly, and provably, enforce the specification in the presence of various types of uncertainties and disturbances. We identify a class of abstractions that is canonical in a well-defined sense, and provide a method to efficiently compute canonical abstractions. We demonstrate the practicality of our approach on two examples.",258,23,10.1109/TAC.2016.2593947,https://doi.org/10.1109/TAC.2016.2593947,1.3000
Zha24e,On Finding Optimal Collective Variables for Complex Systems by Minimizing the Deviation between Effective and Full Dynamics,Wei Zhang and Christof Schütte,2024,2024-05-03,Multiscale Model. Simul.,23,924-958,"This paper is concerned with collective variables, or reaction coordinates, that map a discrete-in-time Markov process $X_n$ in $\mathbb{R}^d$ to a (much) smaller dimension $k \ll d$. We define the effective dynamics under a given collective variable map $\xi$ as the best Markovian representation of $X_n$ under $\xi$. The novelty of the paper is that it gives strict criteria for selecting optimal collective variables via the properties of the effective dynamics. In particular, we show that the transition density of the effective dynamics of the optimal collective variable solves a relative entropy minimization problem from certain family of densities to the transition density of $X_n$. We also show that many transfer operator-based data-driven numerical approaches essentially learn quantities of the effective dynamics. Furthermore, we obtain various error estimates for the effective dynamics in approximating dominant timescales / eigenvalues and transition rates of the original process $X_n$ and how optimal collective variables minimize these errors. Our results contribute to the development of theoretical tools for the understanding of complex dynamical systems, e.g. molecular kinetics, on large timescales. These results shed light on the relations among existing data-driven numerical approaches for identifying good collective variables, and they also motivate the development of new methods.",4,2.0,10.1137/24m1658917,https://doi.org/10.1137/24m1658917,1.2800
Rav00,Approximate Homomorphisms : A framework for non-exact minimization in Markov Decision Processes,Balaraman Ravindran,,,,,,To operate effectively in complex environments learning agents require the ability to selectively ignore irrelevant details and form useful abstractions. In earlier work we explored in detail what constitutes a useful abstraction in a stochastic sequential decision problem modeled as a Markov Decision Process (MDP). We based our approach on the notion of an MDP homomorphism. In this article we look at relaxing the strict conditions imposed earlier and introduce approximate homomorphisms that allow us to construct useful abstract models even when the homomorphism conditions are not met exactly. We also present a result on bounding the loss resulting from this approximation.,102,102,,https://www.semanticscholar.org/paper/133583b9c4634702ab2579205ee3eb78714b7feb,1.2600
Kaw14,Network Entropy and Data Rates Required for Networked Control,C. Kawan and J. Delvenne,2014,2014-09-21,IEEE Transactions on Control of Network Systems,3,57-66,"We consider the problem of making a set of states invariant for a network of controlled systems. We assume that the subsystems, initially uncoupled, must be interconnected through controllers to be designed with a constraint on the data rate obtained by every subsystem from all other subsystems. As a measure for the smallest data rate arriving at a fixed subsystem, above which the overall system is able to achieve the control goal, we introduce the notion of subsystem invariance entropy. Moreover, we associate with a network of n subsystems, a closed convex subset of Rn encompassing all possible combinations of data rates within the network that guarantee the existence of corresponding feedback strategies for making a given set invariant. The extremal points of this convex set can be regarded as Pareto-optimal data rates for the control problem, expressing a tradeoff between the data rates required by different systems. For linear systems and for synchronization of chaos, these quantities are characterized.",26,2.2,10.1109/TCNS.2015.2440551,https://doi.org/10.1109/TCNS.2015.2440551,1.2500
Rub89,On weak lumpability in Markov chains,G. Rubino,1989,1989-09-01,Journal of Applied Probability,26,446 - 457,,53,1.4,10.2307/3214403,https://doi.org/10.2307/3214403,1.2000
Hee10,"Networked Control Systems With Communication Constraints: Tradeoffs Between Transmission Intervals, Delays and Performance","W. Heemels, A. Teel, N. Wouw, and D. Nešić",2010,2010-02-08,IEEE Transactions on Automatic Control,55,1781-1796,,882,54,10.1109/TAC.2010.2042352,https://doi.org/10.1109/TAC.2010.2042352,1.2000
Hes02,Towards the Control of Linear Systems with Minimum Bit-Rate,"J. Hespanha, Antonio Ortega, and L. Vasudevan",2002,,,,,"We address the problem of determining the minimum bit-rate needed to stabilize a linear time-invariant process. For the noise free case, we determine a bit-rate below which stabilization is not possible and above which asymptotic stabilization can be achieved. Inspired by differential pulse code modulation (DPCM) techniques, we propose practical encoding/decoding schemes that guarantee boundedness of the state for the case of a noisy linear time-invariant process. With fixed-step quantization, we are only able to approach the minimum bit-rate for the noiseless case. However, with variable-step quantization we are able to approach it even in the presence of noise and disturbances.",240,9.9,,https://www.semanticscholar.org/paper/b72f6715cece3f0d4fc696236313ddac141af641,1.2000
Mor15,Biological Autonomy: A Philosophical and Theoretical Enquiry,Á. Moreno and M. Mossio,2015,2015-05-04,,,,"Introduction: Life as autonomy.- I. Constraints and organisational closure.- II. Biological emergence and inter-levels causation.- III. Teleology, normativity, and functionality.- IV. Agency.- V. Evolution: the historical dimension of autonomy.- VI. Organisms and levels of autonomy.- VII. Cognition.- VIII. Opening conclusions.- Index.",338,31,10.1007/978-94-017-9837-2,https://doi.org/10.1007/978-94-017-9837-2,1.2000
Sub20,Approximate information state for approximate planning and reinforcement learning in partially observed systems,"Jayakumar Subramanian, Amit Sinha, Raihan Seraj, and A. Mahajan",2020,2020-10-17,ArXiv,abs/2010.08843,,"We propose a theoretical framework for approximate planning and learning in partially observed systems. Our framework is based on the fundamental notion of information state. We provide two equivalent definitions of information state---i) a function of history which is sufficient to compute the expected reward and predict its next value; ii) equivalently, a function of the history which can be recursively updated and is sufficient to compute the expected reward and predict the next observation. An information state always leads to a dynamic programming decomposition. Our key result is to show that if a function of the history (called approximate information state (AIS)) approximately satisfies the properties of the information state, then there is a corresponding approximate dynamic program. We show that the policy computed using this is approximately optimal with bounded loss of optimality. We show that several approximations in state, observation and action spaces in literature can be viewed as instances of AIS. In some of these cases, we obtain tighter bounds. A salient feature of AIS is that it can be learnt from data. We present AIS based multi-time scale policy gradient algorithms. and detailed numerical experiments with low, moderate and high dimensional environments.",112,20,,https://www.semanticscholar.org/paper/abde7540643e5093cba41a2e4554116bb9241980,1.2000
Gir08,Approximately Bisimilar Symbolic Models for Incrementally Stable Switched Systems,"A. Girard, G. Pola, and P. Tabuada",2008,2008-04-22,IEEE Transactions on Automatic Control,55,116-126,"Switched systems constitute an important modeling paradigm faithfully describing many engineering systems in which software interacts with the physical world. Despite considerable progress on stability and stabilization of switched systems, the constant evolution of technology demands that we make similar progress with respect to different, and perhaps more complex, objectives. This paper describes one particular approach to address these different objectives based on the construction of approximately equivalent (bisimilar) symbolic models for switched systems. The main contribution of this paper consists in showing that under standard assumptions ensuring incremental stability of a switched system (i.e., existence of a common Lyapunov function, or multiple Lyapunov functions with dwell time), it is possible to construct a finite symbolic model that is approximately bisimilar to the original switched system with a precision that can be chosen a priori. To support the computational merits of the proposed approach, we use symbolic models to synthesize controllers for two examples of switched systems, including the boost dc-dc converter.",376,21,10.1109/TAC.2009.2034922,https://doi.org/10.1109/TAC.2009.2034922,1.2000
Sha03,What Is a Macrostate? Subjective Observations and Objective Dynamics,C. Shalizi and Cristopher Moore,2003,2003-03-29,Foundations of Physics,55,,"We consider the question of whether thermodynamic macrostates are objective consequences of dynamics, or subjective reflections of our ignorance of a physical system. We argue that they are both; more specifically, that the set of macrostates forms the unique maximal partition of phase space which (1) is consistent with our observations (a subjective fact about our ability to observe the system) and (2) obeys a Markov process (an objective fact about the system’s dynamics). We review the ideas of computational mechanics, an information-theoretic method for finding optimal causal models of stochastic processes, and argue that macrostates coincide with the “causal states” of computational mechanics. Defining a set of macrostates thus consists of an inductive process where we start with a given set of observables, and then refine our partition of phase space until we reach a set of states which predict their own future, i.e. which are Markovian. Macrostates arrived at in this way are provably optimal statistical predictors of the future values of our observables.",54,2.3,10.1007/s10701-024-00814-1,https://doi.org/10.1007/s10701-024-00814-1,1.2000
Sza15,Toward major evolutionary transitions theory 2.0,E. Szathmáry,2015,2015-04-02,Proceedings of the National Academy of Sciences,112,10104 - 10111,"The impressive body of work on the major evolutionary transitions in the last 20 y calls for a reconstruction of the theory although a 2D account (evolution of informational systems and transitions in individuality) remains. Significant advances include the concept of fraternal and egalitarian transitions (lower-level units like and unlike, respectively). Multilevel selection, first without, then with, the collectives in focus is an important explanatory mechanism. Transitions are decomposed into phases of origin, maintenance, and transformation (i.e., further evolution) of the higher level units, which helps reduce the number of transitions in the revised list by two so that it is less top-heavy. After the transition, units show strong cooperation and very limited realized conflict. The origins of cells, the emergence of the genetic code and translation, the evolution of the eukaryotic cell, multicellularity, and the origin of human groups with language are reconsidered in some detail in the light of new data and considerations. Arguments are given why sex is not in the revised list as a separate transition. Some of the transitions can be recursive (e.g., plastids, multicellularity) or limited (transitions that share the usual features of major transitions without a massive phylogenetic impact, such as the micro- and macronuclei in ciliates). During transitions, new units of reproduction emerge, and establishment of such units requires high fidelity of reproduction (as opposed to mere replication).",394,35,10.1073/pnas.1421398112,https://doi.org/10.1073/pnas.1421398112,1.2000
Fer11,Bisimulation Metrics for Continuous Markov Decision Processes,"N. Ferns, P. Panangaden, and Doina Precup",2011,2011-11-01,SIAM J. Comput.,40,1662-1714,"In recent years, various metrics have been developed for measuring the behavioral similarity of states in probabilistic transition systems [J. Desharnais et al., Proceedings of CONCUR'99, Springer-Verlag, London, 1999, pp. 258-273; F. van Breugel and J. Worrell, Proceedings of ICALP'01, Springer-Verlag, London, 2001, pp. 421-432]. In the context of finite Markov decision processes (MDPs), we have built on these metrics to provide a robust quantitative analogue of stochastic bisimulation [N. Ferns, P. Panangaden, and D. Precup, Proceedings of UAI-04, AUAI Press, Arlington, VA, 2004, pp. 162-169] and an efficient algorithm for its calculation [N. Ferns, P. Panangaden, and D. Precup, Proceedings of UAI-06, AUAI Press, Arlington, VA, 2006, pp. 174-181]. In this paper, we seek to properly extend these bisimulation metrics to MDPs with continuous state spaces. In particular, we provide the first distance-estimation scheme for metrics based on bisimulation for continuous probabilistic transition systems. Our work, based on statistical sampling and infinite dimensional linear programming, is a crucial first step in formally guiding real-world planning, where tasks are usually continuous and highly stochastic in nature, e.g., robot navigation, and often a substitution with a parametric model or crude finite approximation must be made. We show that the optimal value function associated with a discounted infinite-horizon planning task is continuous with respect to metric distances. Thus, our metrics allow one to reason about the quality of solution obtained by replacing one model with another. Alternatively, they may potentially be used directly for state aggregation.",168,12,10.1137/10080484X,https://doi.org/10.1137/10080484X,1.1800
Cho02b,Conditional Expectations and Renormalization,A. Chorin,2002,2002-04-17,Multiscale Model. Simul.,1,105-118,"Suppose one wants to approximate m components of an n-dimensional system of nonlinear differential equations (m < n) without solving the full system. In general, a smaller system of m equations has right-hand sides which depend on all of the n variables. The simplest approximation is the replacement of those right-hand sides by their conditional expectations given the values of the m variables that are kept. It is assumed that an initial probability density of all the variables is known. This construction is first-order optimal prediction. We here address the problem of actually finding these conditional expectations in the Hamiltonian case.We start from Hald's observation that if the full system is Hamiltonian, then so is the reduced system whose right-hand sides are conditional expectations. The relation between the Hamiltonians of the full system and those of the reduced system is the same as the relation between a renormalized and a bare Hamiltonian in a renormalization group (RNG) transformation. Thi...",60,2.5,10.1137/S1540345902405556,https://doi.org/10.1137/S1540345902405556,1.1200
Won97,Systems with finite communication bandwidth constraints. I. State estimation problems,W. Wong and R. Brockett,1997,1997-09-01,IEEE Trans. Autom. Control.,42,1294-1299,"In this paper, we investigate a state estimation problem involving finite communication capacity constraints. Unlike classical estimation problems where the observation is a continuous process corrupted by additive noises, there is a constraint that the observations must be coded and transmitted over a digital communication channel with finite capacity. This problem is formulated mathematically, and some convergence properties are defined. Moreover, the concept of a finitely recursive coder-estimator sequence is introduced. A new upper bound for the average estimation error is derived for a large class of random variables. Convergence properties of some coder-estimator algorithms are analyzed. Various conditions connecting the communication data rate with the rate of change of the underlying dynamics are established for the existence of stable and asymptotically convergent coder-estimator schemes.",578,20,10.1109/9.623096,https://doi.org/10.1109/9.623096,1.1200
Bal93,Lumpability and marginalisability for continuous-time Markov chains,F. Ball and G. Yeo,1993,1993-09-01,Journal of Applied Probability,30,518 - 528,,70,2.1,10.2307/3214762,https://doi.org/10.2307/3214762,1.1000
Bai99,Feedback Designs for Controlling Device Arrays with Communication Channel Bandwidth Constraints,J. Baillieul,1999,,,,,This paper reports a tight bound on the data capacity a feedback channel must provide in order to stabilize a right half-plane pole.,117,4.3,,https://www.semanticscholar.org/paper/b58112fcd8f12e784345d7242d47c6a6c9c1e8ec,1.1000
Fox16c,Minimum-information LQG control part I: Memoryless controllers,Roy Fox and Naftali Tishby,2016,2016-06-06,2016 IEEE 55th Conference on Decision and Control (CDC),,5610-5616,"With the increased demand for power efficiency in feedback-control systems, communication is becoming a limiting factor, raising the need to trade off the external cost that they incur with the capacity of the controller's communication channels. With a proper design of the channels, this translates into a sequential rate-distortion problem, where we minimize the rate of information required for the controller's operation under a constraint on its external cost. Memoryless controllers are of particular interest both for the simplicity and frugality of their implementation and as a basis for studying more complex controllers. In this paper we present the optimality principle for memoryless linear controllers that utilize minimal information rates to achieve a guaranteed external-cost level. We also study the interesting and useful phenomenology of the optimal controller, such as the principled reduction of its order.",18,1.8,10.1109/CDC.2016.7799131,https://doi.org/10.1109/CDC.2016.7799131,1.1000
Fla17,Coarse-graining as a downward causation mechanism,J. Flack,2017,2017-11-13,"Philosophical transactions. Series A, Mathematical, physical, and engineering sciences",375,,Downward causation is the controversial idea that ‘higher’ levels of organization can causally influence behaviour at ‘lower’ levels of organization. Here I propose that we can gain traction on downward causation by being operational and examining how adaptive systems identify regularities in evolutionary or learning time and use these regularities to guide behaviour. I suggest that in many adaptive systems components collectively compute their macroscopic worlds through coarse-graining. I further suggest we move from simple feedback to downward causation when components tune behaviour in response to estimates of collectively computed macroscopic properties. I introduce a weak and strong notion of downward causation and discuss the role the strong form plays in the origins of new organizational levels. I illustrate these points with examples from the study of biological and social systems and deep neural networks. This article is part of the themed issue ‘Reconceptualizing the origins of life’.,160,19,10.1098/rsta.2016.0338,https://doi.org/10.1098/rsta.2016.0338,1.1000
Gir09,Hierarchical control system design using approximate simulation,A. Girard and George Pappas,2009,2009-02-01,Autom.,45,566-571,"In this paper, we present a new approach for hierarchical control based on the recent notions of approximate simulation and simulation functions, a quantitative version of the simulation relations. Given a complex system that need to be controlled and a simpler abstraction, we show how the knowledge of a simulation function allows us to synthesize hierarchical control laws by first controlling the abstraction and then lifting the abstract control law to the complex system using an interface. For the class of linear control systems, we give an effective characterization of the simulation functions and of the associated interfaces. This characterization allows us to use algorithmic procedures for their computation. We show how to choose an abstraction for a linear control system such that our hierarchical control approach can be used. Finally, we show the effectiveness of our approach on an example.",26,1.5,10.1016/j.automatica.2008.09.016,https://doi.org/10.1016/j.automatica.2008.09.016,1.1000
Var74,"Autopoiesis: the organization of living systems, its characterization and a model.","F. G. Varela, H. Maturana, and R. Uribe",1974,1974-05-01,Currents in modern biology,5 4,"'
          187-96
        ",,1773,34,10.1016/0303-2647(74)90031-8,https://doi.org/10.1016/0303-2647(74)90031-8,1.1000
Ros24,Software in the natural world: A computational approach to hierarchical emergence,F. Rosas et al.,2024,2024-02-14,,,,"Understanding the functional architecture of complex systems is crucial to illuminate their inner workings and enable effective methods for their prediction and control. Recent advances have introduced tools to characterise emergent macroscopic levels; however, while these approaches are successful in identifying when emergence takes place, they are limited in the extent they can determine how it does. Here we address this limitation by developing a computational approach to emergence, which characterises macroscopic processes in terms of their computational capabilities. Concretely, we articulate a view on emergence based on how software works, which is rooted on a mathematical formalism that articulates how macroscopic processes can express self-contained informational, interventional, and computational properties. This framework establishes a hierarchy of nested self-contained processes that determines what computations take place at what level, which in turn delineates the functional architecture of a complex system. This approach is illustrated on paradigmatic models from the statistical physics and computational neuroscience literature, which are shown to exhibit macroscopic processes that are akin to software in human-engineered systems. Overall, this framework enables a deeper understanding of the multi-level structure of complex systems, revealing specific ways in which they can be efficiently simulated, predicted, and controlled.",18,7.9,,https://www.semanticscholar.org/paper/533276061cd32694f90daf56b1883afd58e4ac6a,1.1000
Alb20b,A macro agent and its actions,"L. Albantakis, F. Massari, M. Beheler-Amass, and G. Tononi",2020,2020-03-31,ArXiv,abs/2004.00058,,"In science, macro level descriptions of the causal interactions within complex, dynamical systems are typically deemed convenient, but ultimately reducible to a complete causal account of the underlying micro constituents. Yet, such a reductionist perspective is hard to square with several issues related to autonomy and agency: (1) agents require (causal) borders that separate them from the environment, (2) at least in a biological context, agents are associated with macroscopic systems, and (3) agents are supposed to act upon their environment. Integrated information theory (IIT) offers a quantitative account of causation based on a set of causal principles, including notions such as causal specificity, composition, and irreducibility, that challenges the reductionist perspective in multiple ways. First, the IIT formalism provides a complete account of a system’s causal structure, including irreducible higher-order mechanisms constituted of multiple system elements. Second, a system’s amount of integrated information (Φ) measures the causal constraints a system exerts onto itself and can peak at a macro level of description. Finally, the causal principles of IIT can also be employed to identify and quantify the actual causes of events (“what caused what”), such as an agent’s actions. Here, we demonstrate this framework by example of a simulated agent, equipped with a small neural network, that forms a maximum of Φ at a macro scale.",9,1.5,10.1007/978-3-030-71899-2_7,https://doi.org/10.1007/978-3-030-71899-2_7,1.1000
Sin04,Predictive State Representations: A New Theory for Modeling Dynamical Systems,"Satinder Singh, Michael R. James, and Matthew R. Rudary",2004,2004-07-07,Conference on Uncertainty in Artificial Intelligence,,512-518,"Modeling dynamical systems, both for control purposes and to make predictions about their behavior, is ubiquitous in science and engineering. Predictive state representations (PSRs) are a recently introduced class of models for discrete-time dynamical systems. The key idea behind PSRs and the closely related OOMs (Jaeger's observable operator models) is to represent the state of the system as a set of predictions of observable outcomes of experiments one can do in the system. This makes PSRs rather different from history-based models such as nth-order Markov models and hidden-state-based models such as HMMs and POMDPs. We introduce an interesting construct, the system-dynamics matrix, and show how PSRs can be derived simply from it. We also use this construct to show formally that PSRs are more general than both nth-order Markov models and HMMs/POMDPs. Finally, we discuss the main difference between PSRs and OOMs and conclude with directions for future work.",298,14,,https://www.semanticscholar.org/paper/532c61a2af5cde64628d0cdd2ba0823800118d0f,1.1000
Sha99,"Computational Mechanics: Pattern and Prediction, Structure and Simplicity",C. Shalizi and J. Crutchfield,1999,1999-07-01,Journal of Statistical Physics,104,817-879,"Computational mechanics, an approach to structural complexity, defines a process's causal states and gives a procedure for finding them. We show that the causal-state representation—an ∈-machine—is the minimal one consistent with accurate prediction. We establish several results on ∈-machine optimality and uniqueness and on how ∈-machines compare to alternative representations. Further results relate measures of randomness and structural complexity obtained from ∈-machines to those from ergodic and information theories.",523,19,10.1023/A:1010388907793,https://doi.org/10.1023/A:1010388907793,1.1000
Cal24,Characterizing simulation relations through control architectures in abstraction-based control,"Julien Calbert, A. Girard, and Raphaël M. Jungers",2024,2024-10-08,,,,"Abstraction-based control design is a promising approach for ensuring safety-critical control of complex cyber-physical systems. A key aspect of this methodology is the relation between the original and abstract systems, which ensures that the abstract controller can be transformed into a valid controller for the original system through a concretization procedure. In this paper, we provide a comprehensive and systematic framework that characterizes various simulation relations, through their associated concretization procedures. We introduce the concept of interfaced system, which universally enables a feedback refinement relation with the abstract system. This interfaced system encapsulates the specific characteristics of each simulation relation within an interface, enabling a plug-and-play control architecture. Our results demonstrate that the existence of a particular simulation relation between the concrete and abstract systems is equivalent to the implementability of a specific control architecture, which depends on the considered simulation relation. This allows us to introduce new types of relations, and to establish the advantages and drawbacks of different relations, which we exhibit through detailed examples.",3,1.9,,https://www.semanticscholar.org/paper/f71b45084bf4e2d91e7cb8f73e9fecb90290ee17,1.1000
Ste21,Coarse-graining and reconstruction for Markov matrices,Artur Stephan,2021,2021-10-18,Zeitschrift für Analysis und ihre Anwendungen,,,"We present an operator theoretic coarse-graining (or model order reduction) procedure for stochastic matrices by clustering. The method is consistent with the natural structure of Markov theory, preserving positivity and mass, and does not rely on any tools from Hilbert space theory. The reconstruction is provided by a generalized Penrose–Moore inverse of the coarse-graining operator incorporating the inhomogeneous invariant measure of the Markov matrix. As we will show, the method provides coarse-graining and reconstruction also on the level of tensor spaces, which is consistent with the notion of an incidence matrix and quotient graphs, and, moreover, allows to coarse-grain and reconstruct fluxes. Furthermore, we investigate the connection with functional inequalities and Poincaré-type constants.",1,0.2,10.4171/zaa/1796,https://doi.org/10.4171/zaa/1796,1.1000
Spe78,Computation and transmission requirements for a decentralized linear-quadratic-Gaussian control problem,J. Speyer,1978,,1978 IEEE Conference on Decision and Control including the 17th Symposium on Adaptive Processes,,1126-1131,,386,8.0,10.1109/CDC.1978.268109,https://doi.org/10.1109/CDC.1978.268109,1.1000
Jov05,On the ill-posedness of certain vehicular platoon control problems,M. Jovanović and Bassam Bamieh,2005,,IEEE Transactions on Automatic Control,50,1307-1321,,223,10,10.1109/TAC.2005.854584,https://doi.org/10.1109/TAC.2005.854584,1.1000
Rot02,Decentralized control information structures preserved under feedback,M. Rotkowitz and S. Lall,2002,2002-12-10,"Proceedings of the 41st IEEE Conference on Decision and Control, 2002.",1,569-575 vol.1,,112,4.8,10.1109/CDC.2002.1184558,https://doi.org/10.1109/CDC.2002.1184558,1.0500
Fer04,Metrics for Finite Markov Decision Processes,"N. Ferns, P. Panangaden, and Doina Precup",2004,2004-07-07,AAAI Conference on Artificial Intelligence,,950-951,"We present metrics for measuring the similarity of states in a finite Markov decision process (MDP). The formulation of our metrics is based on the notion of bisimulation for MDPs, with an aim towards solving discounted infinite horizon reinforcement learning tasks. Such metrics can be used to aggregate states, as well as to better structure other value function approximators (e.g., memory-based or nearest-neighbor approximators). We provide bounds that relate our metric distances to the optimal values of states in the given MDP.",357,16,,https://www.semanticscholar.org/paper/2c85356cd182c16e0a2e5c4a97112efbc1132cdf,1.0500
Yuk09,Decentralized Computation and Communication in Stabilization of Distributed Control Systems,S. Yüksel,2009,,,,,"We provide a necessary and sufficient condition for the existence of decentralized controllers for stability of linear systems under the decentralized information structure under any class of control policies, where the control policies can be non-linear and time-varying. The approach adopted is information theoretic, yet constructive. Combining this finding with a result by Khargonekar and Özgüler, we show that a linear decentralized system is stabilizable if and only if it is stabilizable by linear time-varying periodic control laws. Building on our result, we revisit the problem of information minimization leading to stabilizability, when the eigenvalues can also be repeated and the topology of the decentralized system can consist of external sensors in addition to controllers. We show that when the eigenvalues are repeated, cut-set type lower bounds for a given mode might not be tight; whereas when the eigenvalues are distinct the rate analysis is significantly simpler. As such, we present a unified view on a number of results that have appeared in the literature.",11,0.6,,https://www.semanticscholar.org/paper/9f36932bd180b4549e07dc822d1271eaa18104e6,1.0500
Fre03,Adaptation and enslavement in endosymbiont-host associations.,Marcus Frean and E. Abraham,2003,2003-12-10,"Physical review. E, Statistical, nonlinear, and soft matter physics",69 5 Pt 1,"'
          051913
        ","The evolutionary persistence of symbiotic associations is a puzzle. Adaptation should eliminate cooperative traits if it is possible to enjoy the advantages of cooperation without reciprocating-a facet of cooperation known in game theory as the Prisoner's Dilemma. Despite this barrier, symbioses are widespread and may have been necessary for the evolution of complex life. The discovery of strategies such as tit-for-tat has been presented as a general solution to the problem of cooperation. However, this only holds for within-species cooperation, where a single strategy will come to dominate the population. In a symbiotic association each species may have a different strategy, and the theoretical analysis of the single-species problem is no guide to the outcome. We present basic analysis of two-species cooperation and show that a species with a fast adaptation rate is enslaved by a slowly evolving one. Paradoxically, the rapidly evolving species becomes highly cooperative, whereas the slowly evolving one gives little in return. This helps understand the occurrence of endosymbioses where the host benefits, but the symbionts appear to gain little from the association.",27,1.2,10.1103/PhysRevE.69.051913,https://doi.org/10.1103/PhysRevE.69.051913,1.0500
Jac07,A dual eigenvector condition for strong lumpability of Markov chains,M. Jacobi and Olof Goernerup,2007,2007-10-10,arXiv: Probability,,,"Necessary and sufficient conditions for identifying strong lumpability in Markov chains are presented. We show that the states in a lump necessarily correspond to identical elements in eigenvectors of the dual transition matrix. If there exist as many dual eigenvectors that respect the necessary condition as there are lumps in the aggregation, then the condition is also sufficient. The result is demonstrated with two simple examples.",19,1.0,,https://www.semanticscholar.org/paper/694701f19056d4e809fc7ea4b752ed1699860679,1.0500
Ho72,Team decision theory and information structures in optimal control problems--Part II,Y. Ho and K. Chu,1972,1972-02-01,IEEE Transactions on Automatic Control,17,15-22,"General dynamic team decision problems with linear information structures and quadratic payoff functions are studied. The primitive random variables are jointly Gaussian. No constraints on the information structures are imposed except causality. Equivalence relations in information and in control functions among different systems are developed. These equivalence relations aid in the solving of many general problems by relating their solutions to those of the systems with ""perfect memory."" The latter can be obtained by the method derived in Part I. A condition is found which enables each decision maker to infer the information available to his precedents, while at the same time the controls which will affect the information assessed can be proven optimal. When this condition fails, upper and lower bounds of the payoff function can still be obtained systematically, and suboptimal controls can be obtained.",563,10,10.1109/TAC.1972.1099850,https://doi.org/10.1109/TAC.1972.1099850,1.0500
Fer10b,Lumpability abstractions of rule-based systems,"Jérôme Feret, T. Henzinger, H. Koeppl, and Tatjana Petrov",2010,2010-11-01,Theoretical Computer Science,,142-161,"The induction of a signaling pathway is characterized by transient complex formation and mutual posttranslational modification of proteins. To faithfully capture this combinatorial process in a mathematical model is an important challenge in systems biology. Exploiting the limited context on which most binding and modification events are conditioned, attempts have been made to reduce the combinatorial complexity by quotienting the reachable set of molecular species into species aggregates while preserving the deterministic semantics of the thermodynamic limit. Recently, we proposed a quotienting that also preserves the stochastic semantics and that is complete in the sense that the semantics of individual species can be recovered from the aggregate semantics. In this paper, we prove that this quotienting yields a sufficient condition for weak lumpability (that is to say that the quotient system is still Markovian for a given set of initial distributions) and that it gives rise to a backward Markov bisimulation between the original and aggregated transition system (which means that the conditional probability of being in a given state in the original system knowing that we are in its equivalence class is an invariant of the system). We illustrate the framework on a case study of the epidermal growth factor (EGF)/insulin receptor crosstalk.",50,3.2,10.4204/EPTCS.40.10,https://doi.org/10.4204/EPTCS.40.10,1.0500
Gan13,Markov chain aggregation and its applications to combinatorial reaction networks,"Arnab Ganguly, Tatjana Petrov, and H. Koeppl",2013,2013-03-19,Journal of Mathematical Biology,69,767 - 797,"We consider a continuous-time Markov chain (CTMC) whose state space is partitioned into aggregates, and each aggregate is assigned a probability measure. A sufficient condition for defining a CTMC over the aggregates is presented as a variant of weak lumpability, which also characterizes that the measure over the original process can be recovered from that of the aggregated one. We show how the applicability of de-aggregation depends on the initial distribution. The application section is devoted to illustrate how the developed theory aids in reducing CTMC models of biochemical systems particularly in connection to protein-protein interactions. We assume that the model is written by a biologist in form of site-graph-rewrite rules. Site-graph-rewrite rules compactly express that, often, only a local context of a protein (instead of a full molecular species) needs to be in a certain configuration in order to trigger a reaction event. This observation leads to suitable aggregate Markov chains with smaller state spaces, thereby providing sufficient reduction in computational complexity. This is further exemplified in two case studies: simple unbounded polymerization and early EGFR/insulin crosstalk.",19,1.4,10.1007/s00285-013-0738-7,https://doi.org/10.1007/s00285-013-0738-7,1.0500
Tab07,Controller synthesis for bisimulation equivalence,P. Tabuada,2007,2007-06-06,Syst. Control. Lett.,57,443-452,"The objective of this paper is to solve the controller synthesis problem for bisimulation equivalence in a wide variety of scenarios including discrete-event systems, nonlinear control systems, behavioral systems, hybrid systems and many others. This will be accomplished by showing that the arguments underlying proofs of existence and methods for the construction of controllers are extraneous to the particular class of systems being considered and thus can be presented in greater generality.",54,2.8,10.1016/j.sysconle.2007.11.005,https://doi.org/10.1016/j.sysconle.2007.11.005,1.0500
Lit01,Predictive Representations of State,"M. Littman, R. Sutton, and Satinder Singh",2001,2001-01-03,Neural Information Processing Systems,,1555-1561,"We show that states of a dynamical system can be usefully represented by multi-step, action-conditional predictions of future observations. State representations that are grounded in data in this way may be easier to learn, generalize better, and be less dependent on accurate prior models than, for example, POMDP state representations. Building on prior work by Jaeger and by Rivest and Schapire, in this paper we compare and contrast a linear specialization of the predictive approach with the state representations used in POMDPs and in k-order Markov models. Ours is the first specific formulation of the predictive idea that includes both stochasticity and actions (controls). We show that any system has a linear predictive state representation with number of predictions no greater than the number of states in its minimal POMDP model.",600,24,,https://www.semanticscholar.org/paper/4a7de0669fd835b2efcab97c7d3dc28ea7a1e6a3,1.0000
Sha00,"Information Bottlenecks, Causal States, and Statistical Relevance Bases: How to Represent Relevant Information in memoryless transduction",C. Shalizi and J. Crutchfield,2000,2000-06-16,Adv. Complex Syst.,5,91-96,"Discovering relevant, but possibly hidden, variables is a key step in constructing useful and predictive theories about the natural world. This brief note explains the connections between three approaches to this problem: the recently introduced information-bottleneck method, the computational mechanics approach to inferring optimal models, and Salmon's statistical relevance basis.",36,1.4,10.1142/S0219525902000481,https://doi.org/10.1142/S0219525902000481,1.0000
Cre09,Past-future information bottleneck in dynamical systems.,"F. Creutzig, A. Globerson, and Naftali Tishby",2009,2009-04-27,"Physical review. E, Statistical, nonlinear, and soft matter physics",79 4 Pt 1,"'
          041925
        ","Biological systems need to process information in real time and must trade off accuracy of presentation and coding costs. Here we operationalize this trade-off and develop an information-theoretic framework that selectively extracts information of the input past that is predictive about the output future, obtaining a generalized eigenvalue problem. Thereby, we unravel the input history in terms of structural phase transitions corresponding to additional dimensions of a state space. We elucidate the relation to canonical correlation analysis and give a numerical example. Altogether, this work relates information-theoretic optimization to the joint problem of system identification and model reduction.",88,5.2,10.1103/PHYSREVE.79.041925,https://doi.org/10.1103/PHYSREVE.79.041925,1.0000
Sti14,Information Bottleneck Approach to Predictive Inference,Susanne Still,2014,2014-02-17,Entropy,16,968-989,"This paper synthesizes a recent line of work on automated predictive model making inspired by Rate-Distortion theory, in particular by the Information Bottleneck method. Predictive inference is interpreted as a strategy for efficient communication. The relationship to thermodynamic efficiency is discussed. The overall aim of this paper is to explain how this information theoretic approach provides an intuitive, overarching framework for predictive inference.",62,5.1,10.3390/e16020968,https://doi.org/10.3390/e16020968,1.0000
Sti07d,Optimal causal inference: estimating stored information and approximating causal architecture.,"Susanne Still, J. Crutchfield, and C. J. Ellison",2007,2007-08-11,Chaos,20 3,"'
          037111
        ","We introduce an approach to inferring the causal architecture of stochastic dynamical systems that extends rate-distortion theory to use causal shielding--a natural principle of learning. We study two distinct cases of causal inference: optimal causal filtering and optimal causal estimation. Filtering corresponds to the ideal case in which the probability distribution of measurement sequences is known, giving a principled method to approximate a system's causal structure at a desired level of representation. We show that in the limit in which a model-complexity constraint is relaxed, filtering finds the exact causal architecture of a stochastic dynamical system, known as the causal-state partition. From this, one can estimate the amount of historical information the process stores. More generally, causal filtering finds a graded model-complexity hierarchy of approximations to the causal architecture. Abrupt changes in the hierarchy, as a function of approximation, capture distinct scales of structural organization. For nonideal cases with finite data, we show how the correct number of the underlying causal states can be found by optimal causal estimation. A previously derived model-complexity control term allows us to correct for the effect of statistical fluctuations in probability estimates and thereby avoid overfitting.",54,2.9,10.1063/1.3489885,https://doi.org/10.1063/1.3489885,1.0000
Ave17c,Random Forests and Networks Analysis,"L. Avena, F. Castell, A. Gaudilliere, and Clothilde Mélot",2017,2017-11-05,Journal of Statistical Physics,173,985 - 1027,"Wilson (Proceedings of the twenty-eight annual acm symposium on the theory of computing, pp. 296–303, 1996) in the 1990s described a simple and efficient algorithm based on loop-erased random walks to sample uniform spanning trees and more generally weighted trees or forests spanning a given graph. This algorithm provides a powerful tool in analyzing structures on networks and along this line of thinking, in recent works (Avena and Gaudillière in A proof of the transfer-current theorem in absence of reversibility, in Stat. Probab. Lett. 142, 17–22 (2018); Avena and Gaudillière in J Theor Probab, 2017. https://doi.org/10.1007/s10959-017-0771-3; Avena et al. in Approximate and exact solutions of intertwining equations though random spanning forests, 2017. arXiv:1702.05992v1; Avena et al. in Intertwining wavelets or multiresolution analysis on graphs through random forests, 2017. arXiv:1707.04616, to appear in ACHA (2018)) we focused on applications of spanning rooted forests on finite graphs. The resulting main conclusions are reviewed in this paper by collecting related theorems, algorithms, heuristics and numerical experiments. A first foundational part on determinantal structures and efficient sampling procedures is followed by four main applications: (1) a random-walk-based notion of well-distributed points in a graph, (2) a framework to describe metastable-like dynamics in finite settings by means of Markov intertwining dualities, (3) coarse graining schemes for networks and associated processes, (4) wavelets-like pyramidal algorithms for graph signals.",28,3.3,10.1007/s10955-018-2124-8,https://doi.org/10.1007/s10955-018-2124-8,1.0000
Fer06,Methods for Computing State Similarity in Markov Decision Processes,"N. Ferns, P. S. Castro, Doina Precup, and P. Panangaden",2006,2006-07-13,ArXiv,abs/1206.6836,,"A popular approach to solving large probabilistic systems relies on aggregating states based on a measure of similarity. Many approaches in the literature are heuristic. A number of recent methods rely instead on metrics based on the notion of bisimulation, or behavioral equivalence between states (Givan et al, 2001, 2003; Ferns et al, 2004). An integral component of such metrics is the Kantorovich metric between probability distributions. However, while this metric enables many satisfying theoretical properties, it is costly to compute in practice. In this paper, we use techniques from network optimization and statistical sampling to overcome this problem. We obtain in this manner a variety of distance functions for MDP state aggregation, which differ in the tradeoff between time and space complexity, as well as the quality of the aggregation. We provide an empirical evaluation of these trade-offs.",93,4.7,,https://www.semanticscholar.org/paper/2f8aaf6d0654e729e47224435aec83d733685cc3,0.9800
Yuk00,Quantization and Coding for Decentralized LTI Systems 1,S. Yüksel and T. Başar,,,,,,"We study the communication rate requirements for centralized and decentralized control schemes when the plant and the controller are connected via a noiseless bandlimited channel. We introduce recursive quantizers that achieve monotonic boundedness and exponential stability of the worst-case state estimation error with minimum rate. Rate requirements for centralized schemes are shown to be lower than those for decentralized schemes. A quantification of the information sharing between the controllers, such as full, instant, and one-step delayed information sharing, is shown to crucial for communication requirements and complexity. Slepian-Wolf coding argument is used to show that information sharing by the controllers, and not by the plants, is sufficient to achieve the lower bound on the rate, and schemes confirming this efficiency are constructed. It is also shown that delay in communication between the controllers leads to higher rate requirements between the controllers and the plants.",0,,,https://www.semanticscholar.org/paper/9318fb88b89140c16558b5457beed0e78fb8ee9f,0.9800
Yuk07b,Communication Constraints for Decentralized Stabilizability With Time-Invariant Policies,S. Yüksel and T. Başar,2007,2007-06-18,IEEE Transactions on Automatic Control,52,1060-1066,,67,3.5,10.1109/TAC.2007.899085,https://doi.org/10.1109/TAC.2007.899085,0.9500
Ron15,Exact lumping of feller semigroups: A $C^{\star}$-algebras approach,L. Roncoroni,2015,2015-11-01,,2015,965-973,"In this note we analyze a particular exact lumping of Feller semigroups in the 
context of $C^{\star}$-algebras, in order to pass from a space of functions 
defined on a locally compact Hausdorff space ${X}$ to a space of functions 
defined on a closed subspace ${\mathscr{C}}\subset X$. We want our reduction to 
preserve the essential properties of the Feller semigroup.",0,,10.3934/PROC.2015.0965,https://doi.org/10.3934/PROC.2015.0965,0.9500
Mar14b,Circumventing the Curse of Dimensionality in Prediction: Causal Rate-Distortion for Infinite-Order Markov Processes,Sarah E. Marzen and J. Crutchfield,2014,2014-12-08,ArXiv,abs/1412.2859,,"Author(s): Marzen, Sarah; Crutchfield, James P | Abstract: Predictive rate-distortion analysis suffers from the curse of dimensionality: clustering arbitrarily long pasts to retain information about arbitrarily long futures requires resources that typically grow exponentially with length. The challenge is compounded for infinite-order Markov processes, since conditioning on finite sequences cannot capture all of their past dependencies. Spectral arguments show that algorithms which cluster finite-length sequences fail dramatically when the underlying process has long-range temporal correlations and can fail even for processes generated by finite-memory hidden Markov models. We circumvent the curse of dimensionality in rate-distortion analysis of infinite-order processes by casting predictive rate-distortion objective functions in terms of the forward- and reverse-time causal states of computational mechanics. Examples demonstrate that the resulting causal rate-distortion theory substantially improves current predictive rate-distortion analyses.",10,0.9,,https://www.semanticscholar.org/paper/5308a461868cde8b8d175eee0de4eea699028d14,0.9000
Tat99,Control of LQG systems under communication constraints,"S. Tatikonda, Anant Sahai, and S. Mitter",1999,1999-06-02,Proceedings of the 1999 American Control Conference (Cat. No. 99CH36251),4,2778-2782 vol.4,,104,3.9,10.1109/ACC.1999.786578,https://doi.org/10.1109/ACC.1999.786578,0.9000
Mar16,Predictive Rate-Distortion for Infinite-Order Markov Processes,Sarah E. Marzen and J. Crutchfield,2016,2016-05-03,Journal of Statistical Physics,163,1312 - 1338,,35,3.5,10.1007/s10955-016-1520-1,https://doi.org/10.1007/s10955-016-1520-1,0.8500
Lam16,The Information Bottleneck method for Optimal Prediction of Multilevel Agent-Based Systems,"Robin Lamarche-Perrin, S. Banisch, and E. Olbrich",2016,2016-06-27,Adv. Complex Syst.,19,1650002:1-1650002:45,"Because the dynamics of complex systems is the result of both decisive local events and reinforced global effects, the prediction of such systems could not do without a genuine multilevel approach. This paper proposes to found such an approach on information theory. Starting from a complete microscopic description of the system dynamics, we are looking for observables of the current state that allows to efficiently predict future observables. Using the framework of the information bottleneck (IB) method, we relate optimality to two aspects: the complexity and the predictive capacity of the retained measurement. Then, with a focus on agent-based models (ABMs), we analyze the solution space of the resulting optimization problem in a generic fashion. We show that, when dealing with a class of feasible measurements that are consistent with the agent structure, this solution space has interesting algebraic properties that can be exploited to efficiently solve the problem. We then present results of this general framework for the voter model (VM) with several topologies and show that, especially when predicting the state of some sub-part of the system, multilevel measurements turn out to be the optimal predictors.",5,0.5,10.1142/S0219525916500028,https://doi.org/10.1142/S0219525916500028,0.8500
Bar08d,Mistuning-Based Control Design to Improve Closed-Loop Stability Margin of Vehicular Platoons,"P. Barooah, P. Mehta, and J. Hespanha",2008,2008-12-04,IEEE Transactions on Automatic Control,54,2100-2113,"We consider a decentralized bidirectional control of a platoon of N identical vehicles moving in a straight line. The control objective is for each vehicle to maintain a constant velocity and inter-vehicular separation using only the local information from itself and its two nearest neighbors. Each vehicle is modeled as a double integrator. To aid the analysis, we use continuous approximation to derive a partial differential equation (PDE) approximation of the discrete platoon dynamics. The PDE model is used to explain the progressive loss of closed-loop stability with increasing number of vehicles, and to devise ways to combat this loss of stability. If every vehicle uses the same controller, we show that the least stable closed-loop eigenvalue approaches zero as O(1/N2) in the limit of a large number (N) of vehicles. We then show how to ameliorate this loss of stability by small amounts of ""mistuning"", i.e., changing the controller gains from their nominal values. We prove that with arbitrary small amounts of mistuning, the asymptotic behavior of the least stable closed loop eigenvalue can be improved to O(1/N). All the conclusions drawn from analysis of the PDE model are corroborated via numerical calculations of the state-space platoon model.",266,15,10.1109/TAC.2009.2026934,https://doi.org/10.1109/TAC.2009.2026934,0.8500
Zac18,Farming the mitochondrial ancestor as a model of endosymbiotic establishment by natural selection,"I. Zachar, A. Szilágyi, S. Számadó, and E. Szathmáry",2018,2018-01-30,Proceedings of the National Academy of Sciences of the United States of America,115,E1504 - E1510,"Significance The origin of mitochondria is a challenging and intensely debated issue. Mitochondria are ancestrally present in eukaryotes, and their endosymbiotic inclusion was an extremely important step during the transition from prokaryotes to eukaryotes. However, because of the unknown order of eukaryotic inventions (e.g., cytoskeleton, phagocytosis, and endomembranes), it is unknown whether they led to or followed the acquisition of mitochondria. According to the farming hypothesis, the mitochondrial ancestor was captured by a phagocytotic host, but the advantage was not direct metabolic help provided by the symbiont; rather, it was provisioning captured prey to farmers in poor times, like humans farm pigs. Our analytical and computational models prove that farming could lead to stable endosymbiosis without any further benefit assumed between partners. The origin of mitochondria was a major evolutionary transition leading to eukaryotes, and is a hotly debated issue. It is unknown whether mitochondria were acquired early or late, and whether it was captured via phagocytosis or syntrophic integration. We present dynamical models to directly simulate the emergence of mitochondria in an ecoevolutionary context. Our results show that regulated farming of prey bacteria and delayed digestion can facilitate the establishment of stable endosymbiosis if prey-rich and prey-poor periods alternate. Stable endosymbiosis emerges without assuming any initial metabolic benefit provided by the engulfed partner, in a wide range of parameters, despite that during good periods farming is costly. Our approach lends support to the appearance of mitochondria before any metabolic coupling has emerged, but after the evolution of primitive phagocytosis by the urkaryote.",37,4.5,10.1073/pnas.1718707115,https://doi.org/10.1073/pnas.1718707115,0.8500
Car05b,Communication constraints in the state agreement problem,"R. Carli, F. Fagnani, A. Speranzon, and S. Zampieri",2005,,,,,"The interrelationship between control and communication theory is becoming of fundamental importance in many distributed control systems. Particular examples are systems comprised of multiple agents. When it comes to coordinately control a group of autonomous mobile agents in order to achieve a common task, communication constraints impose limits on the achievable control performance. In this paper we consider a widely studied problem in the robotics and control communities, called consensus or state agreement problem. The aim of the paper is to characterize the relationship between the amount of information exchanged by the agents and the rate of convergence to the agreement. Time-invariant communication networks that exhibit particular symmetries are shown to yield slow convergence if the amount of information exchanged does not scale with the number of agents. On the other hand, we show that, randomly time-varying communication networks allow very fast convergence rates. The last part of the paper is devoted to the study of time-invariant communication networks with logarithmic quantized data exchange among the agents. It is shown that, by adding quantized data links to the network, the control performance significantly improves with little growth of the required communication effort.",18,0.8,,https://www.semanticscholar.org/paper/edad8f106b2c664cc04c82aa02661516e4cc1d1d,0.8500
Fer14b,Bisimulation Metrics are Optimal Value Functions,N. Ferns and Doina Precup,2014,2014-07-23,Conference on Uncertainty in Artificial Intelligence,,210-219,"Bisimulation is a notion of behavioural equivalence on the states of a transition system. Its definition has been extended to Markov decision processes, where it can be used to aggregate states. A bisimulation metric is a quantitative analog of bisimulation that measures how similar states are from a the perspective of long-term behavior. Bisimulation metrics have been used to establish approximation bounds for state aggregation and other forms of value function approximation. In this paper, we prove that a bisimulation metric defined on the state space of a Markov decision process is the optimal value function of an optimal coupling of two copies of the original model. We prove the result in the general case of continuous state spaces. This result has important implications in understanding the complexity of computing such metrics, and opens up the possibility of more efficient computational methods.",60,5.1,,https://www.semanticscholar.org/paper/24576c9cae62a2f4d94c94cdecd68a5655d2ca40,0.8500
Dar95,String stability of interconnected systems,S. Darbha and J. Hedrick,1995,1995-06-21,Proceedings of 1995 American Control Conference - ACC'95,3,1806-1810 vol.3,,1255,41,10.1109/ACC.1995.531196,https://doi.org/10.1109/ACC.1995.531196,0.8000
Wan07,Assessing coordination overhead in control of robot teams,Jijun Wang and M. Lewis,2007,2007-10-01,"2007 IEEE International Conference on Systems, Man and Cybernetics",,2645-2649,,35,1.9,10.1109/ICSMC.2007.4414055,https://doi.org/10.1109/ICSMC.2007.4414055,0.8000
Olb13,Closure Measures and the Tent Map Closure Measures and the Tent Map,E. Olbrich et al.,2013,,,,,"We quantify the relationship between the dynamics of a particular timediscrete dynamical system, the tent map, and the induced dynamics at a symbolical level in information theoretical terms. The symbol dynamics is obtained by choosing a partition point α ∈ [0, 1] and lumping together the points in the intervals [0, α] or (α, 1], resp. Interpreting the original dynamics and the symbolic one as different levels, this allows us to quantitatively evaluate and compare various closure measures that have been proposed for identifying emergent macro-levels of a dynamical system. In particular, we can see how these measures depend on the choice of the partition point α, with α = 2 3 yielding a minimum. Also, when we study the iterated tent map, i.e., probe more time steps, we get more refined insights into this relationship between the two levels, and even a whole hierarchy of mesoscopic levels.",0,,,https://www.semanticscholar.org/paper/4279b20df2a047014cd18b80be55f9dc7864c407,0.8000
Let06,"Organizational invariance and metabolic closure: analysis in terms of (M,R) systems.","J. Letelier, J. Soto‐Andrade, Flavio Guíñez Abarzúa, A. Cornish-Bowden, and María Luz Cárdenas",2006,2006-02-21,Journal of theoretical biology,238 4,"'
          949-61
        ",,142,7.0,10.1016/J.JTBI.2005.07.007,https://doi.org/10.1016/J.JTBI.2005.07.007,0.8000
Rad15,Conflict and cooperation in eukaryogenesis: implications for the timing of endosymbiosis and the evolution of sex,A. Radzvilavicius and N. Blackstone,2015,2015-07-23,bioRxiv,,,"The complex eukaryotic cell is a result of an ancient endosymbiosis and one of the major evolutionary transitions. The timing of key eukaryotic innovations relative to the acquisition of mitochondria remains subject to considerable debate, yet the evolutionary process itself might constrain the order of these events. Endosymbiosis entailed levels-of-selection conflicts, and mechanisms of conflict mediation had to evolve for eukaryogenesis to proceed. The initial mechanisms of conflict mediation were based on the pathways inherited from prokaryotic symbionts and led to metabolic homeostasis in the eukaryotic cell, while later mechanisms (e.g., mitochondrial gene transfer) contributed to the expansion of the eukaryotic genome. Perhaps the greatest opportunity for conflict arose with the emergence of sex involving whole-cell fusion. While early evolution of cell fusion may have affected symbiont acquisition, sex together with the competitive symbiont behaviour would have destabilized the emerging higher-level unit. Cytoplasmic mixing, on the other hand, would have been beneficial for selfish endosymbionts, capable of using their own metabolism to manipulate the life history of the host. Given the results of our mathematical modelling, we argue that sex represents a rather late proto-eukaryotic innovation, allowing for the growth of the chimeric nucleus and contributing to the successful completion of the evolutionary transition.",34,3.1,10.1098/rsif.2015.0584,https://doi.org/10.1098/rsif.2015.0584,0.7800
Bia95,"Intertwining of Markov semi-groups, some examples",P. Biane,1995,,,29,30-36,,27,0.9,10.1007/BFB0094197,https://doi.org/10.1007/BFB0094197,0.7500
Let03,"Autopoietic and (M,R) systems.","J. Letelier, G. Marín, and J. Mpodozis",2003,2003-05-21,Journal of theoretical biology,222 2,"'
          261-72
        ",,117,5.1,10.1016/S0022-5193(03)00034-1,https://doi.org/10.1016/S0022-5193(03)00034-1,0.7500
Rui04c,A Universal Definition of Life: Autonomy and Open-Ended Evolution,"K. Ruiz-Mirazo, J. Peretó, and Á. Moreno",2004,2004-06-01,Origins of life and evolution of the biosphere,34,323-346,,341,16,10.1023/B:ORIG.0000016440.53346.dc,https://doi.org/10.1023/B:ORIG.0000016440.53346.dc,0.7500
Rui04b,Basic Autonomy as a Fundamental Step in the Synthesis of Life,K. Ruiz-Mirazo and Á. Moreno,2004,2004-06-01,Artificial Life,10,235-259,,223,10,10.1162/1064546041255584,https://doi.org/10.1162/1064546041255584,0.7500
Car98,Beta-gamma random variables and intertwining relations between certain Markov processes,"P. Carmona, F. Petit, and M. Yor",1998,1998-08-31,Revista Matematica Iberoamericana,14,311-367,"In this paper, we study particular examples of the intertwining relation
Qt? = ?Pt
between two Markov semi-groups (Pt, t = 0) defined respectively on (E,e) and (F,F), via the Markov kernel
?: (E,e) ? (F,F).",100,3.6,10.4171/RMI/241,https://doi.org/10.4171/RMI/241,0.7200
Bal21c,Optimal Network Topology of Multi-Agent Systems subject to Computation and Communication Latency,"Luca Ballotta, M. Jovanovi'c, and L. Schenato",2021,2021-01-25,2021 29th Mediterranean Conference on Control and Automation (MED),,249-254,"We study minimum-variance feedback-control design for a networked control system with retarded dynamics, where inter-agent information exchange is subject to latency. We prove that such a control design can be solved efficiently for circular formations and compute near-optimal control gains in closed form. Also, we show that the centralized control is in general a poor design choice when adding communication links to the network increases the latency, and propose a control-driven optimization of the network topology.",1,0.2,10.1109/MED51440.2021.9480167,https://doi.org/10.1109/MED51440.2021.9480167,0.7000
Fox16,Minimum-information LQG control Part II: Retentive controllers,Roy Fox and Naftali Tishby,2016,2016-06-06,2016 IEEE 55th Conference on Decision and Control (CDC),,5603-5609,"Retentive (memory-utilizing) sensing-acting agents may operate under limitations on the communication between their sensing, memory and acting components, requiring them to trade off the external cost that they incur with the capacity of their communication channels. In this paper we formulate this problem as a sequential rate-distortion problem of minimizing the rate of information required for the controller's operation under a constraint on its external cost. We reduce this bounded retentive control problem to the memoryless one, studied in Part I of this work [1], by viewing the memory reader as one more sensor and the memory writer as one more actuator. We further investigate the structure of the resulting optimal solution and demonstrate its interesting phenomenology.",13,1.3,10.1109/CDC.2016.7799130,https://doi.org/10.1109/CDC.2016.7799130,0.7000
Ami15,Past-future Information Bottleneck for linear feedback systems,"Nadav Amir, Stas Tiomkin, and Naftali Tishby",2015,2015-12-01,2015 54th IEEE Conference on Decision and Control (CDC),,5737-5742,,9,0.9,10.1109/CDC.2015.7403120,https://doi.org/10.1109/CDC.2015.7403120,0.7000
Ort07b,Pseudometrics for State Aggregation in Average Reward Markov Decision Processes,R. Ortner,2007,2007-10-01,International Conference on Algorithmic Learning Theory,,373-387,,32,1.7,10.1007/978-3-540-75225-7_30,https://doi.org/10.1007/978-3-540-75225-7_30,0.7000
Ike26,Community First Theory: How Collective Organization Generates Individual Diversity,"Takashi Ikegami, Hiroki Kojima, and A. Kashiwagi",2026,2026-05-05,Entropy,,,"Collective systems often exhibit emergent behaviors that cannot be reduced to the properties of individual components. A central question is whether individuality itself is a precondition for collective organization, or whether it arises from it. Here we develop and empirically test Community First Theory, which proposes that collective organization is the generative substrate from which individual dynamical identity emerges. To operationalize this claim, we introduce non-trivial information closure (NTIC), which quantifies whether an individual’s temporal predictability is self-determined or distributed across collective relations. Using high-resolution tracking of complete Tetrahymena populations across four generations, we show that information closure emerges transiently in the middle phase of the cell cycle, flanked by strong collective coupling. Cells in the information-closed regime show significantly greater divergence from parental phenotypes, demonstrating that community organization actively generates behavioral diversity. These results provide initial empirical support for Community First Theory in a single-model system and suggest that NTIC offers a substrate-independent tool for locating agency transitions in collective systems.",0,,10.3390/e28050523,https://doi.org/10.3390/e28050523,0.6500
Hoe26,Quantifying emergent complexity,Erik Hoel,2026,2026-01-01,Patterns,7,,"Summary Complex systems can be described at myriad different scales, and their causal workings often have a multiscale structure (e.g., a computer can be described at the microscale of its hardware circuitry, the mesoscale of its machine code, and the macroscale of its operating system). While scientists study and model systems across the full hierarchy of their scales, from microphysics to macroeconomics, there is debate about what the macroscales of systems can possibly add beyond mere compression. To resolve this long-standing issue, here, a new theory of emergence is introduced that can distinguish which scales irreducibly contribute to a system’s causal workings. The theory’s application is demonstrated in coarse grains of Markov chains, revealing a novel measure of emergent complexity: how widely distributed a system’s causal contributions are across its hierarchy of scales.",1,2.0,10.1016/j.patter.2025.101472,https://doi.org/10.1016/j.patter.2025.101472,0.6500
Hor25,Agency at the Interface: Distinguishing Teleological from Structural Self-Organization via Internal Coarse-Graining and Downward Causation,Kazuya Horibe and Keisuke Suzuki,2025,2025-12-07,,,,"Agency is widely characterized as the capacity of a system to regulate its internal states toward self-generated goals, yet characterizing the functional basis of this autonomy requires a distinction between the system's own organization and an observer's interpretation. In this paper, we ground this capacity functionally in the generative process of intrinsic dynamics, characterized as a self-referential loop generated by internal coarse-graining and downward causation. This process allows the system to autonomously compress microscopic states into macroscopic variables that subsequently constrain microscopic temporal evolution. By distinguishing the intrinsic dynamics of the system from the external coarse-graining of an observer's interpretation, we define agency through the dynamics of the predictive gap. This gap constitutes the internal divergence between the system's anticipation and its realization, as well as the limited reducibility of the system's generated constraints within the observer's interpretive model. This framework outlines a spectrum of agency that distinguishes biological systems, whose teleological constraints are generated through their own regulatory dynamics, from artificial systems, whose organization is designed to satisfy externally specified objectives. Finally, we extend this interface to the social domain, proposing that these generative divergences underpin participatory sense-making and emergent coordination.",0,,,https://www.semanticscholar.org/paper/f56eefe968bd6fcad63b74808924ca2dc69f6d31,0.6000
Gei12,Lumped Markov chains and entropy rate,B. Geiger and Christoph Hofer-Temmel,2012,2012-12-18,ArXiv,abs/1212.4375,,"A lumping of a Markov chain is a coordinate-wise projection of the chain. We characterise the entropy rate preservation of a lumping of an aperiodic and irreducible Markov chain on a finite state space by the random growth rate of the cardinality of the realisable preimage of a finite-length trajectory of the lumped chain and by the information needed to reconstruct original trajectories from their lumped images. Both are purely combinatorial criteria, depending only on the transition graph of the Markov chain and the lumping function. A lumping is strongly k-lumpable, iff the lumped process is a k-th order Markov chain for each starting distribution of the original Markov chain. We characterise strong k-lumpability via tightness of stationary entropic bounds. In the sparse setting, we give sufficient conditions on the lumping to both preserve the entropy rate and be strongly k-lumpable.",0,,,https://www.semanticscholar.org/paper/4768af384fe4f8ccc5f915ea5d818d0c64f730ad,0.6000
Tho10b,Aggregation and Lumping of DTMCs,M. Thomas,2010,2010-06-15,,,,"Under certain conditions the state space of a discrete time Markov chain (DTMC) can be partitioned into subsets of states called lumpings, each of which can be treated as a single state of a smaller Markov chain. Such a chain is said to be “lumpable” and this article provides an overview of the conditions and methods for examining aggregated chains for lumpability. 
 
 
Keywords: 
 
lumpability; 
state aggregation; 
Markov chains; 
merged states; 
aggregation",3,0.2,10.1002/9780470400531.EORMS0013,https://doi.org/10.1002/9780470400531.EORMS0013,0.5500
Del81b,Optimal control of markov chains admitting strong and weak interactions,F. Delebecque and J. Quadrat,1981,1981-03-01,Autom.,17,281-296,,142,3.1,10.1016/0005-1098(81)90047-9,https://doi.org/10.1016/0005-1098(81)90047-9,0.5500
Kok81,Coherency based decomposition and aggregation,"P. Kokotovic, B. Avramovic, J. Chow, and J. Winkelman",1981,1981-08-01,Autom.,18,47-56,,68,1.5,10.1016/0005-1098(82)90025-5,https://doi.org/10.1016/0005-1098(82)90025-5,0.5500
Gai75,Aggregation of states in a Markov chain with weak interaction,V. G. Gaitsgori and A. A. Pervozvanskiĭ,1975,,Cybernetics,11,441-450,,41,0.8,10.1007/BF01069471,https://doi.org/10.1007/BF01069471,0.5500
Aok78,Some approximation methods for estimation and control of large scale systems,M. Aoki,1978,1978-04-01,IEEE Transactions on Automatic Control,23,173-182,"The paper presents several methods for approximate estimation and control of large scale systems, mostly based on the notions of aggregation and disaggregation. After introducing the notions for static systems in Section II, aggregation and disaggregation in dynamic systems are discussed in Section III. The condition for perfect aggregation is relaxed in two ways. One is to restrict the class of dynamic systems and the other is to restrict the state space. These two approaches are shown to provide useful approximation to the more restrictive notions of perfect aggregation and disaggregation. Section IV is devoted to improving performance measures for large scale systems.",62,1.3,10.1109/TAC.1978.1101705,https://doi.org/10.1109/TAC.1978.1101705,0.5000
