Cite Key,Title,Authors,Year,Publication Date,Journal,Volume,Pages,Abstract,Citation Count,Citations/Year,DOI,URL,Relevance Score
Las00,Global Optimization with Polynomials and the Problem of Moments,J. Lasserre,2000,2000-03-01,SIAM J. Optim.,11,796-817,"We consider the problem of finding the unconstrained global minimum of a real-valued polynomial p(x): {\mathbb{R}}^n\to {\mathbb{R}}$, as well as the global minimum of p(x), in a compact set K defined by polynomial inequalities. It is shown that this problem reduces to solving an (often finite) sequence of convex linear matrix inequality (LMI) problems. A notion of Karush--Kuhn--Tucker polynomials is introduced in a global optimality condition. Some illustrative examples are provided.",2832,108,10.1137/S1052623400366802,https://doi.org/10.1137/S1052623400366802,2.6000
Par00d,Structured semidefinite programs and semialgebraic geometry methods in robustness and optimization,P. Parrilo,2000,,,,,"In the first part of this thesis, we introduce a specific class of Linear Matrix Inequalities (LMI) whose optimal solution can be characterized exactly. This family corresponds to the case where the associated linear operator maps the cone of positive semidefinite matrices onto itself. In this case, the optimal value equals the spectral radius of the operator. It is shown that some rank minimization problems, as well as generalizations of the structured singular value ($mu$) LMIs, have exactly this property.

In the same spirit of exploiting structure to achieve computational efficiency, an algorithm for the numerical solution of a special class of frequency-dependent LMIs is presented. These optimization problems arise from robustness analysis questions, via the Kalman-Yakubovich-Popov lemma. The procedure is an outer approximation method based on the algorithms used in the computation of hinf norms for linear, time invariant systems. The result is especially useful for systems with large state dimension.

The other main contribution in this thesis is the formulation of a convex optimization framework for semialgebraic problems, i.e., those that can be expressed by polynomial equalities and inequalities. The key element is the interaction of concepts in real algebraic geometry (Positivstellensatz) and semidefinite programming.

To this end, an LMI formulation for the sums of squares decomposition for multivariable polynomials is presented. Based on this, it is shown how to construct sufficient Positivstellensatz-based convex tests to prove that certain sets are empty. Among other applications, this leads to a nonlinear extension of many LMI based results in uncertain linear system analysis.

Within the same framework, we develop stronger criteria for matrix copositivity, and generalizations of the well-known standard semidefinite relaxations for quadratic programming.

Some applications to new and previously studied problems are presented. A few examples are Lyapunov function computation, robust bifurcation analysis, structured singular values, etc. It is shown that the proposed methods allow for improved solutions for very diverse questions in continuous and combinatorial optimization.",2345,89,10.7907/2K6Y-CH43.,https://doi.org/10.7907/2K6Y-CH43.,2.1500
Bro10b,Information Relaxations and Duality in Stochastic Dynamic Programs,"David B. Brown, James E. Smith, and Peng Sun",2010,2010-07-01,Oper. Res.,58,785-801,"We describe a general technique for determining upper bounds on maximal values (or lower bounds on minimal costs) in stochastic dynamic programs. In this approach, we relax the nonanticipativity constraints that require decisions to depend only on the information available at the time a decision is made and impose a “penalty” that punishes violations of nonanticipativity. In applications, the hope is that this relaxed version of the problem will be simpler to solve than the original dynamic program. The upper bounds provided by this dual approach complement lower bounds on values that may be found by simulating with heuristic policies. We describe the theory underlying this dual approach and establish weak duality, strong duality, and complementary slackness results that are analogous to the duality results of linear programming. We also study properties of good penalties. Finally, we demonstrate the use of this dual approach in an adaptive inventory control problem with an unknown and changing demand distribution and in valuing options with stochastic volatilities and interest rates. These are complex problems of significant practical interest that are quite difficult to solve to optimality. In these examples, our dual approach requires relatively little additional computation and leads to tight bounds on the optimal values.",243,15,10.1287/opre.1090.0796,https://doi.org/10.1287/opre.1090.0796,1.8500
Kor16c,Moment-sum-of-squares hierarchies for set approximation and optimal control,Milan Korda,2016,,,,,"This thesis uses the idea of lifting (or embedding) a nonlinear controlled dynamical system into an infinite-dimensional space of measures where this system is equivalently described by a linear equation. This equation and problems involving it are subsequently approximated using well-known moment-sum-of-squares hierarchies. First, we address the problems of region of attraction, reachable set and maximum controlled invariant set computation, where we provide a characterization of these sets as an infinite-dimensional linear program in the cone of nonnegative measures and we describe a hierarchy of finite-dimensional semidefinite-programming (SDP) hierarchies providing a converging sequence of outer approximations to these sets. Next, we treat the problem of optimal feedback controller design under state and input constraints. We provide a hierarchy of SDPs yielding an asymptotically optimal sequence of rational feedback controllers. In addition, we describe hierarchies of SDPs yielding approximations to the value function attained by any given rational controller, from below and from above, as well as a hierarchy of SDPs providing approximations from below to the optimal value function, hence obtaining performance certificates for the designed controllers as well as for any given rational controller. Finally, we describe a method to verify properties of a closed loop interconnection of a nonlinear dynamical system and an optimization-based controller (e.g., a model predictive controller) for deterministic and stochastic nonlinear dynamical systems. Properties such as global stability, the $\ell_2$ gain or performance with respect to a given infinite-horizon cost function can be certified. The methods presented are easy to implement using freely available software packages and are documented by a number of numerical examples.",10,1.0,10.5075/EPFL-THESIS-7012,https://doi.org/10.5075/EPFL-THESIS-7012,1.7900
Nie12,Optimality conditions and finite convergence of Lasserre’s hierarchy,Jiawang Nie,2012,2012-06-01,Mathematical Programming,146,97 - 121,"Lasserre’s hierarchy is a sequence of semidefinite relaxations for solving polynomial optimization problems globally. This paper studies the relationship between optimality conditions in nonlinear programming theory and finite convergence of Lasserre’s hierarchy. Our main results are: (i) Lasserre’s hierarchy has finite convergence when the constraint qualification, strict complementarity and second order sufficiency conditions hold at every global minimizer, under the standard archimedean condition; the proof uses a result of Marshall on boundary hessian conditions. (ii) These optimality conditions are all satisfied at every local minimizer if a finite set of polynomials, which are in the coefficients of input polynomials, do not vanish at the input data (i.e., they hold in a Zariski open set). This implies that, under archimedeanness, Lasserre’s hierarchy has finite convergence generically.",290,21,10.1007/s10107-013-0680-x,https://doi.org/10.1007/s10107-013-0680-x,1.7500
Las07,Nonlinear Optimal Control via Occupation Measures and LMI-Relaxations,"J. Lasserre, D. Henrion, C. Prieur, and E. Trélat",2007,2007-03-13,SIAM J. Control. Optim.,47,1643-1666,"We consider the class of nonlinear optimal control problems (OCPs) with polynomial data, i.e., the differential equation, state and control constraints, and cost are all described by polynomials, and more generally for OCPs with smooth data. In addition, state constraints as well as state and/or action constraints are allowed. We provide a simple hierarchy of LMI- (linear matrix inequality)-relaxations whose optimal values form a nondecreasing sequence of lower bounds on the optimal value. Under some convexity assumptions, the sequence converges to the optimal value of the OCP. Preliminary results show that good approximations are obtained with few moments.",317,17,10.1137/070685051,https://doi.org/10.1137/070685051,1.6700
Nie11b,Certifying convergence of Lasserre’s hierarchy via flat truncation,Jiawang Nie,2011,2011-06-13,Mathematical Programming,142,485-510,"Consider the optimization problem of minimizing a polynomial function subject to polynomial constraints. A typical approach for solving it globally is applying Lasserre’s hierarchy of semidefinite relaxations, based on either Putinar’s or Schmüdgen’s Positivstellensatz. A practical question in applications is: how to certify its convergence and get minimizers? In this paper, we propose flat truncation as a certificate for this purpose. Assume the set of global minimizers is nonempty and finite. Our main results are: (1) Putinar type Lasserre’s hierarchy has finite convergence if and only if flat truncation holds, under some generic assumptions; the same conclusion holds for the Schmüdgen type one under weaker assumptions. (2) Flat truncation is asymptotically satisfied for Putinar type Lasserre’s hierarchy if the archimedean condition holds; the same conclusion holds for the Schmüdgen type one if the feasible set is compact. (3) We show that flat truncation can be used as a certificate to check exactness of standard SOS relaxations and Jacobian SDP relaxations.",124,8.3,10.1007/s10107-012-0589-9,https://doi.org/10.1007/s10107-012-0589-9,1.5800
Sch05,Optimization of Polynomials on Compact Semialgebraic Sets,M. Schweighofer,2005,2005-03-01,SIAM J. Optim.,15,805-825,"A basic closed semialgebraic subset S of $\R^n$ is defined by simultaneous polynomial inequalities $g_1\ge 0,\dotsc,g_m\ge 0$. We give a short introduction to Lasserre's method for minimizing a polynomial f on a compact set S of this kind. It consists of successively solving tighter and tighter convex relaxations of this problem which can be formulated as semidefinite programs. We give a new short proof for the convergence of the optimal values of these relaxations to the infimum $f^\ast$ of f on S which is constructive and elementary. In the case where f possesses a unique minimizer $x^\ast$, we prove that every sequence of ""nearly"" optimal solutions of the successive relaxations gives rise to a sequence of points in $\R^n$ converging to $x^\ast$.",177,8.3,10.1137/S1052623403431779,https://doi.org/10.1137/S1052623403431779,1.5500
Ver03,A Posteriori Error Bounds for Reduced-Basis Approximation of Parametrized Noncoercive and Nonlinear Elliptic Partial Differential Equations,"K. Veroy, C. Prud'homme, D. Rovas, and A. Patera",2003,2003-12-01,,,,"We present a technique for the rapid and reliable prediction of linear-functional outputs of elliptic partial differential equations with affine parameter dependence. The essential components are (i) rapidly convergent global reduced-basis approximations - (Galerkin) projection onto a space WN spanned by solutions of the governing partial differential equation at N selected points in parameter space; (ii) a posteriori error estimation relaxations of the error-residual equation that provide inexpensive yet sharp bounds for the error in the outputs of interest; and (iii) off-line/on-line computational procedures methods which decouple the generation and projection stages of the approximation process. The operation count for the on-line stage - in which, given a new parameter value, we calculate the output of interest and associated error bound - depends only on N (typically very small) and the parametric complexity of the problem. In this paper we develop new a posteriori error estimation procedures for noncoercive linear, and certain nonlinear, problems that yield rigorous and sharp error statements for all N. We consider three particular examples: the Helmholtz (reduced-wave) equation; a cubically nonlinear Poisson equation; and Burgers equation - a model for incompressible Navier-Stokes. The Helmholtz (and Burgers) example introduce our new lower bound constructions for the requisite inf-sup (singular value) stability factor; the cubic nonlin-earity exercises symmetry factorization procedures necessary for treatment of high-order Galerkin summations in the (say) residual dual-norm calculation; and the Burgers equation illustrates our accommodation of potentially multiple solution branches in our a posteriori error statement. Numerical results are presented that demonstrate the rigor, sharpness, and efficiency of our proposed error bounds, and the application of these bounds to adaptive (optimal) approximation. © 2003 by the American Institute of Aeronautics and Astronautics, Inc.",319,14,10.2514/6.2003-3847,https://doi.org/10.2514/6.2003-3847,1.4800
Ain00,A Posteriori Error Estimation in Finite Element Analysis,M. Ainsworth and J. Oden,2000,2000-08-21,,,,"This monograph presents a summary account of the subject of a posteriori error estimation for finite element approximations of problems in mechanics. The study primarily focuses on methods for linear elliptic boundary value problems. However, error estimation for unsymmetrical systems, nonlinear problems, including the Navier-Stokes equations, and indefinite problems, such as represented by the Stokes problem are included. The main thrust is to obtain error estimators for the error measured in the energy norm, but techniques for other norms are also discussed.",2906,113,10.1002/9781118032824,https://doi.org/10.1002/9781118032824,1.4600
Hes15,Certified Reduced Basis Methods for Parametrized Partial Differential Equations,"J. Hesthaven, G. Rozza, and B. Stamm",2015,2015-08-20,,,,,1119,104,10.1007/978-3-319-22470-1,https://doi.org/10.1007/978-3-319-22470-1,1.4400
Tac20,Convergence of Lasserre’s hierarchy: the general case,M. Tacchi,2020,2020-11-16,Optimization Letters,16,1015 - 1033,"Lasserre’s moment-SOS hierarchy consists in approximating instances of the generalized moment problem (GMP) with moment relaxations and sums-of-squares (SOS) strenghtenings that boil down to convex semidefinite programming problems. Due to the generality of the initial GMP, applications of this technology are countless, and one can cite among them the polynomial optimization problem, the optimal control problem, the volume computation problem, stability sets approximation problems, and solving nonlinear partial differential equations. The solution to the original GMP is then approximated with finite truncatures of its moment sequence. For each application, proving convergence of these truncatures towards the optimal moment sequence gives valuable insight on the problem, including convergence of the relaxed values to the original GMP’s optimal value. This note proposes a general proof of such convergence, regardless the problem one is faced with, under simple standard assumptions. As a byproduct of this proof, one also obtains strong duality properties both in the infinite dimensional GMP and its finite dimensional relaxations.",28,5.1,10.1007/s11590-021-01757-6,https://doi.org/10.1007/s11590-021-01757-6,1.4200
Bec01,An optimal control approach to a posteriori error estimation in finite element methods,R. Becker and R. Rannacher,2001,2001-05-01,Acta Numerica,10,1 - 102,,1333,53,10.1017/S0962492901000010,https://doi.org/10.1017/S0962492901000010,1.3900
Bro14,"Information Relaxations, Duality, and Convex Stochastic Dynamic Programs",David B. Brown and James E. Smith,2014,2014-12-01,Oper. Res.,62,1394-1415,"We consider the information relaxation approach for calculating performance bounds for stochastic dynamic programs DPs. This approach generates performance bounds by solving problems with relaxed nonanticipativity constraints and a penalty that punishes violations of these nonanticipativity constraints. In this paper, we study DPs that have a convex structure and consider gradient penalties that are based on first-order linear approximations of approximate value functions. When used with perfect information relaxations, these penalties lead to subproblems that are deterministic convex optimization problems. We show that these gradient penalties can, in theory, provide tight bounds for convex DPs and can be used to improve on bounds provided by other relaxations, such as Lagrangian relaxation bounds. Finally, we apply these results in two example applications: first, a network revenue management problem that describes an airline trying to manage seat capacity on its flights; and second, an inventory management problem with lead times and lost sales. These are challenging problems of significant practical interest. In both examples, we compute performance bounds using information relaxations with gradient penalties and find that some relatively easy-to-compute heuristic policies are nearly optimal.",60,5.2,10.1287/opre.2014.1322,https://doi.org/10.1287/opre.2014.1322,1.3400
Wan15b,Approximate dynamic programming via iterated Bellman inequalities,"Yang Wang, Brendan O'Donoghue, and Stephen P. Boyd",2015,2015-07-10,International Journal of Robust and Nonlinear Control,25,1472 - 1496,,89,8.2,10.1002/rnc.3152,https://doi.org/10.1002/rnc.3152,1.3300
Tam10,Partial Identification in Econometrics,E. Tamer,2010,2010-08-11,Annual Review of Economics,2,167-195,"Identification in econometric models maps prior assumptions and the data to information about a parameter of interest. The partial identification approach to inference recognizes that this process should not result in a binary answer that consists of whether the parameter is point identified. Rather, given the data, the partial identification approach characterizes the informational content of various assumptions by providing a menu of estimates, each based on different sets of assumptions, some of which are plausible and some of which are not. Of course, more assumptions beget more information, so stronger conclusions can be made at the expense of more assumptions. The partial identification approach advocates a more fluid view of identification and hence provides the empirical researcher with methods to help study the spectrum of information that we can harness about a parameter of interest using a menu of assumptions. This approach links conclusions drawn from various empirical models to sets of assumptions made in a transparent way. It allows researchers to examine the informational content of their assumptions and their impacts on the inferences made. Naturally, with finite sample sizes, this approach leads to statistical complications, as one needs to deal with characterizing sampling uncertainty in models that do not point identify a parameter. Therefore, new methods for inference are developed. These methods construct confidence sets for partially identified parameters, and confidence regions for sets of parameters, or identifiable sets.",153,9.7,10.1146/ANNUREV.ECONOMICS.050708.143401,https://doi.org/10.1146/ANNUREV.ECONOMICS.050708.143401,1.3200
Jia20,Computable Primal and Dual Bounds for Stochastic Control,Chunxi Jiao and Reiichiro Kawai,2020,2020-12-08,SIAM J. Control. Optim.,58,3709-3733,We investigate the linear programming framework for an exit-time stochastic control problem and apply the moment-sum-of-squares hierarchy to obtain tight pointwise bounds and global bounding functi...,0,,10.1137/18m1232231,https://doi.org/10.1137/18m1232231,1.3100
Bec96,A Feed-Back Approach to Error Control in Finite Element Methods: Basic Analysis and Examples,R. Becker and R. Rannacher,1996,,,,,"A reened approach to residual-based error control in nite element (FE) discretiza-tions is presented. The conventional strategies for adaptive mesh reenement in FE methods are mostly based on a posteriori error estimates in the global energy or L 2-norm involving local residuals of the computed solution. The mesh reenement process then aims at equilibrating these local error indicators. Such estimates reeect the approximation properties of the nite element space by local interpolation constants while the stability properties of the continuous model enter through a global stability constant, which may be known explicitly in simple cases. Meshes generated on the basis of such global error estimates may not be appropriate in cases of strongly varying coeecients and for the computation of local quantities as, for example, point values or contour integrals. More detailed information about the mechanism of error propagation can be obtained by employing duality arguments specially adapted to the quantity of interest. This results in a posteriori error estimates in which the local information derived from the dual solution is used in the form of weights multiplied by local residuals. On the basis of such estimates, a feedback process in which the weights are numerically computed with increasing accuracy leads to almost optimal meshes for various kinds of error functionals. This approach is developed here for a simple model problem, namely the Poisson equation in two dimensions, in order to emphasize its basic features. However, the underlying concept is rather universal and has, on a heuristic basis, already been successfully applied to much more complex problems in structural and uid mechanics as well as in astrophysics.",566,19,,https://www.semanticscholar.org/paper/a85cd5dbe857581bac6e6f0317194650448106f9,1.2900
Bal20d,Exact moment representation in polynomial optimization,Lorenzo Baldi and B. Mourrain,2020,2020-12-29,J. Symb. Comput.,129,102403,"We investigate the problem of representing moment sequences by measures in the context ofPolynomial Optimization Problems, that consist in finding the infimum of a real polynomial ona real semialgebraic set defined by polynomial inequalities. We analyze the exactness of MomentMatrix (MoM) hierarchies, dual to the Sum of Squares (SoS) hierarchies, which are sequences ofconvex cones introduced by Lasserre to approximate measures and positive polynomials. Weinvestigate in particular flat truncation properties, which allow testing effectively when MoMexactness holds and recovering the minimizers.We show that the dual of the MoM hierarchy coincides with the SoS hierarchy extendedwith the real radical of the support of the defining quadratic module Q. We deduce thatflat truncation happens if and only if the support of the quadratic module associated withthe minimizers is of dimension zero. We also bound the order of the hierarchy at which flattruncation holds.As corollaries, we show that flat truncation and MoM exactness hold when regularityconditions, known as Boundary Hessian Conditions, hold (and thus that MoM exactness holdsgenerically); and when the support of the quadratic module Q is zero-dimensional. Effectivenumerical computations illustrate these flat truncation properties.",8,1.5,10.1016/j.jsc.2024.102403,https://doi.org/10.1016/j.jsc.2024.102403,1.2800
War17b,Generalized Dual Dynamic Programming for Infinite Horizon Problems in Continuous State and Action Spaces,"J. Warrington, P. Beuchat, and J. Lygeros",2017,2017-11-20,IEEE Transactions on Automatic Control,64,5012-5023,"We describe a nonlinear generalization of dual dynamic programming (DP) theory and its application to value function estimation for deterministic control problems over continuous state and action spaces, in a discrete-time infinite horizon setting. We prove, using a Benders-type argument leveraging the monotonicity of the Bellman operator, that the result of a one-stage policy evaluation can be used to produce nonlinear lower bounds on the optimal value function that are valid over the entire state space. These bounds contain terms reflecting the functional form of the system's costs, dynamics, and constraints. We provide an iterative algorithm that produces successively better approximations of the optimal value function, and prove under certain assumptions that it achieves an arbitrarily low desired Bellman optimality tolerance at preselected points in the state space, in a finite number of iterations. We also describe means of certifying the quality of the approximate value function generated. We demonstrate the efficacy of the approach on systems whose dimensions are too large for conventional DP approaches to be practical.",12,1.4,10.1109/TAC.2019.2907812,https://doi.org/10.1109/TAC.2019.2907812,1.2700
Las15b,An Introduction to Polynomial and Semi-Algebraic Optimization,J. Lasserre,2015,2015-02-19,,,,"This is the first comprehensive introduction to the powerful moment approach for solving global optimization problems (and some related problems) described by polynomials (and even semi-algebraic functions). In particular, the author explains how to use relatively recent results from real algebraic geometry to provide a systematic numerical scheme for computing the optimal value and global minimizers. Indeed, among other things, powerful positivity certificates from real algebraic geometry allow one to define an appropriate hierarchy of semidefinite (SOS) relaxations or LP relaxations whose optimal values converge to the global minimum. Several extensions to related optimization problems are also described. Graduate students, engineers and researchers entering the field can use this book to understand, experiment with and master this new approach through the simple worked examples provided.",339,30,10.1017/cbo9781107447226,https://doi.org/10.1017/cbo9781107447226,1.2600
Ode01,Goal-oriented error estimation and adaptivity for the finite element method,J. Oden and S. Prudhomme,2001,2001-03-01,Computers & Mathematics With Applications,41,735-756,,375,15,10.1016/S0898-1221(00)00317-5,https://doi.org/10.1016/S0898-1221(00)00317-5,1.2500
Hen14,Linear conic optimization for nonlinear optimal control,D. Henrion and Edouard Pauwels,2014,2014-07-07,arXiv: Optimization and Control,,,"AbstractInﬁnite-dimensional linear conic formulations are described for nonlinear optimalcontrol problems. The primal linear problem consists of ﬁnding occupation mea-sures supported on optimal relaxed controlled trajectories, whereas the dual linearproblem consists of ﬁnding the largest lower bound on the value function of theoptimal control problem. Various approximation results relating the original opti-mal control problem and its linear conic formulations are developed. As illustratedby a couple of simple examples, these results are relevant in the context of ﬁnite-dimensional semideﬁnite programming relaxations used to approximate numericallythe solutions of the inﬁnite-dimensional linear conic problems. 1 Motivation In [8, 9], J.-B. Lasserre described a hierarchy of convex semideﬁnite programming (SDP)problems allowing to compute bounds and ﬁnd global solutions for ﬁnite-dimensionalnonconvex polynomial optimization problems. Each step in the hierarchy consists ofsolving a primal moment SDP problem and a dual polynomial sum-of-squares (SOS) SDPproblem corresponding to discretizations of inﬁnite-dimensional linear conic problems,namely a primal linear programming (LP) problem on the cone of nonnegative measures,and a dual LP problem on the cone of nonnegative continuous functions. The number ofvariables (number of moments in the primal SDP, degree of the SOS certiﬁcates in the dualSDP) increases when progressing in the hierarchy, global optimality can be ensured bychecking rank conditions on the moment matrices, and global optimizers can be extractedby numerical linear algebra. For more information on the moment-SOS hierarchy and itsapplications, see [11].This approach was then extended to polynomial optimal control in [10]. Whereas the keyidea in [8, 9] was to reformulate a (ﬁnite-dimensional) nonconvex polynomial optimiza-tion on a compact semi-algebraic set into an LP in the (inﬁnite-dimensional) space of",13,1.1,,https://www.semanticscholar.org/paper/fa3636e53e64d96f3c44a8898bb2d46a6eed1162,1.2400
Bro17,Information Relaxation Bounds for Infinite Horizon Markov Decision Processes,David B. Brown and Martin B. Haugh,2017,2017-08-02,Oper. Res.,65,1355-1379,"We consider the information relaxation approach for calculating performance bounds for stochastic dynamic programs (DPs), following Brown et al. [Brown DB, Smith JE, Sun P (2010) Information relaxations and duality in stochastic dynamic programs. Oper. Res. 58(4, Part 1):785–801]. This approach generates performance bounds by solving problems with relaxed nonanticipativity constraints and a penalty that punishes violations of these constraints. In this paper, we study infinite horizon DPs with discounted costs and consider applying information relaxations to reformulations of the DP. These reformulations use different state transition functions and correct for the change in state transition probabilities by multiplying by likelihood ratio factors. These reformulations can greatly simplify solutions of the information relaxations, both in leading to finite horizon subproblems and by reducing the number of states that need to be considered in these subproblems. We show that any reformulation leads to a lowe...",34,3.9,10.1287/opre.2017.1631,https://doi.org/10.1287/opre.2017.1631,1.2200
Lin06c,Relaxing dynamic programming,B. Lincoln and A. Rantzer,2006,2006-08-14,IEEE Transactions on Automatic Control,51,1249-1260,,331,17,10.1109/TAC.2006.878720,https://doi.org/10.1109/TAC.2006.878720,1.2100
Roz07,Reduced Basis Approximation and a Posteriori Error Estimation for Affinely Parametrized Elliptic Coercive Partial Differential Equations,"G. Rozza, D. Huynh, and A. Patera",2007,2007-09-01,Archives of Computational Methods in Engineering,15,229-275,,446,24,10.1007/S11831-008-9019-9,https://doi.org/10.1007/S11831-008-9019-9,1.2100
Hen08,Nonlinear optimal control synthesis via occupation measures,"D. Henrion, J. Lasserre, and C. Savorgnan",2008,2008-03-11,2008 47th IEEE Conference on Decision and Control,,4749-4754,"We consider nonlinear optimal control problems (OCPs) for which all problem data are polynomial. In the first part of the paper, we review how occupation measures can be used to approximate pointwise the optimal value function of a given OCP, using a hierarchy of linear matrix inequality (LMI) relaxations. In the second part, we extend the methodology to approximate the optimal value function on a given set and we use such a function to constructively and computationally derive an almost optimal control law. Numerical examples show the effectiveness of the approach.",47,2.6,10.1109/CDC.2008.4739136,https://doi.org/10.1109/CDC.2008.4739136,1.1900
Ahm17f,DSOS and SDSOS Optimization: More Tractable Alternatives to Sum of Squares and Semidefinite Optimization,Amir Ali Ahmadi and Anirudha Majumdar,2017,2017-06-08,ArXiv,abs/1706.02586,,"In recent years, optimization theory has been greatly impacted by the advent of sum of squares (SOS) optimization. The reliance of this technique on large-scale semidefinite programs however, has limited the scale of problems to which it can be applied. In this paper, we introduce DSOS and SDSOS optimization as linear programming and second-order cone programming-based alternatives to sum of squares optimization that allow one to trade off computation time with solution quality. These are optimization problems over certain subsets of sum of squares polynomials (or equivalently subsets of positive semidefinite matrices), which can be of interest in general applications of semidefinite programming where scalability is a limitation. We show that some basic theorems from SOS optimization which rely on results from real algebraic geometry are still valid for DSOS and SDSOS optimization. Furthermore, we show with numerical experiments from diverse application areas---polynomial optimization, statistics and machine learning, derivative pricing, and control theory---that with reasonable tradeoffs in accuracy, we can handle problems at scales that are currently significantly beyond the reach of traditional sum of squares approaches. Finally, we provide a review of recent techniques that bridge the gap between our DSOS/SDSOS approach and the SOS approach at the expense of additional running time. The Supplementary Material of the paper introduces an accompanying MATLAB package for DSOS and SDSOS optimization.",238,27,10.1137/18M118935X,https://doi.org/10.1137/18M118935X,1.1800
Sme18,Randomized Residual-Based Error Estimators for Parametrized Equations,"K. Smetana, O. Zahm, and A. Patera",2018,2018-07-27,SIAM J. Sci. Comput.,41,A900-A926,"We propose a randomized a posteriori error estimator for reduced order approximations of parametrized (partial) differential equations. The error estimator has several important properties: the effectivity is close to unity with prescribed lower and upper bounds at specified high probability; the estimator does not require the calculation of stability (coercivity, or inf-sup) constants; the online cost to evaluate the a posteriori error estimator is commensurate with the cost to find the reduced order approximation; the probabilistic bounds extend to many queries with only modest increase in cost. To build this estimator, we first estimate the norm of the error with a Monte-Carlo estimator using Gaussian random vectors whose covariance is chosen according to the desired error measure, e.g. user-defined norms or quantity of interest. Then, we introduce a dual problem with random right-hand side the solution of which allows us to rewrite the error estimator in terms of the residual of the original equation. In order to have a fast-to-evaluate estimator, model order reduction methods can be used to approximate the random dual solutions. Here, we propose a greedy algorithm that is guided by a scalar quantity of interest depending on the error estimator. Numerical experiments on a multi-parametric Helmholtz problem demonstrate that this strategy yields rather low-dimensional reduced dual spaces.",22,2.8,10.1137/18M120364X,https://doi.org/10.1137/18M120364X,1.1800
Cha08c,A counterexample-guided abstraction-refinement framework for markov decision processes,Rohit Chadha and M. Viswanathan,2008,2008-07-08,ACM Trans. Comput. Log.,12,1:1-1:49,"The main challenge in using abstractions effectively is to construct a suitable abstraction for the system being verified. One approach that tries to address this problem is that of counterexample guided abstraction refinement (CEGAR), wherein one starts with a coarse abstraction of the system, and progressively refines it, based on invalid counterexamples seen in prior model checking runs, until either an abstraction proves the correctness of the system or a valid counterexample is generated. While CEGAR has been successfully used in verifying nonprobabilistic systems automatically, CEGAR has only recently been investigated in the context of probabilistic systems. The main issues that need to be tackled in order to extend the approach to probabilistic systems is a suitable notion of “counterexample”, algorithms to generate counterexamples, check their validity, and then automatically refine an abstraction based on an invalid counterexample. In this article, we address these issues, and present a CEGAR framework for Markov decision processes.",85,4.8,10.1145/1838552.1838553,https://doi.org/10.1145/1838552.1838553,1.1700
Lik03,ARA*: Anytime A* with Provable Bounds on Sub-Optimality,"M. Likhachev, Geoffrey J. Gordon, and S. Thrun",2003,2003-12-09,Neural Information Processing Systems,,767-774,"In real world planning problems, time for deliberation is often limited. Anytime planners are well suited for these problems: they find a feasible solution quickly and then continually work on improving it until time runs out. In this paper we propose an anytime heuristic search, ARA*, which tunes its performance bound based on available search time. It starts by finding a suboptimal solution quickly using a loose bound, then tightens the bound progressively as time allows. Given enough time it finds a provably optimal solution. While improving its bound, ARA* reuses previous search efforts and, as a result, is significantly more efficient than other anytime search methods. In addition to our theoretical analysis, we demonstrate the practical utility of ARA* with experiments on a simulated robot kinematic arm and a dynamic path planning problem for an outdoor rover.",875,39,,https://www.semanticscholar.org/paper/9dfd9554e948b95cc92a64f4d16c3369cdde82de,1.1600
Mol20,Microeconometrics with partial identification,Francesca Molinari,2020,,Handbook of Econometrics,,,"This chapter reviews the microeconometrics literature on partial identification, focusing on the developments of the last thirty years. The topics presented illustrate that the available data combined with credible maintained assumptions may yield much information about a parameter of interest, even if they do not reveal it exactly. Special attention is devoted to discussing the challenges associated with, and some of the solutions put forward to, (1) obtain a tractable characterization of the values for the parameters of interest which are observationally equivalent, given the available data and maintained assumptions; (2) estimate this set of values; (3) conduct test of hypotheses and make confidence statements. The chapter reviews advances in partial identification analysis both as applied to learning (functionals of) probability distributions that are well-defined in the absence of models, as well as to learning parameters that are well-defined only in the context of particular models. A simple organizing principle is highlighted: the source of the identification problem can often be traced to a collection of random variables that are consistent with the available data and maintained assumptions. This collection may be part of the observed data or be a model implication. In either case, it can be formalized as a random set. Random set theory is then used as a mathematical framework to unify a number of special results and produce a general methodology to carry out partial identification analysis. ∗This manuscript was prepared for the Handbook of Econometrics, Volume 7A c ©North Holland, 2019. I thank Don Andrews, Isaiah Andrews, Levon Barseghyan, Federico Bugni, Ivan Canay, Joachim Freyberger, Hiroaki Kaido, Toru Kitagawa, Chuck Manski, Rosa Matzkin, Ilya Molchanov, Áureo de Paula, Jack Porter, Seth Richards-Shubik, Adam Rosen, Shuyang Sheng, Jörg Stoye, Elie Tamer, Matthew Thirkettle, and participants to the 2017 Handbook of Econometrics Conference, for helpful comments, and the National Science Foundation for financial support through grants SES-1824375 and SES-1824448. I am grateful to Louis Liu and Yibo Sun for research assistance supported by the Robert S. Hatfield Fund for Economic Education at Cornell University. Part of this research was carried out during my sabbatical leave at the Department of Economics at Duke University, whose hospitality I gratefully acknowledge. ar X iv :2 00 4. 11 75 1v 1 [ ec on .E M ] 2 4 A pr 2 02 0",87,14,10.1016/bs.hoe.2020.05.002,https://doi.org/10.1016/bs.hoe.2020.05.002,1.1600
Cla00b,Counterexample-Guided Abstraction Refinement,"E. Clarke, O. Grumberg, S. Jha, Yuan Lu, and H. Veith",2000,,International Conference on Computer Aided Verification,,154-169,"We present an automatic iterative abstraction-refinement methodology in which the initial abstract model is generated by an automatic analysis of the con- trol structures in the program to be verified. Abstract models may admit erroneous (or ""spurious"") counterexamples. We devise new symbolic techniques which ana- lyze such counterexamples and refine the abstract model correspondingly. The refinement algorithm keeps the size of the abstract state space small due to the use of abstraction functions which distinguish many degrees of abstraction for each program variable. We describe an implementation of our methodology in NuSMV. Practical experiments including a large Fujitsu IP core design with ab- out 500 latches and 10000 lines of SMV code confirm the effectiveness of our approach.",1769,67,,https://www.semanticscholar.org/paper/1d8e5b1674f94dceea8af0b4a641d2f269956c48,1.1500
Ode02,Estimation of modeling error in computational mechanics,J. Oden and S. Prudhomme,2002,2002-11-01,Journal of Computational Physics,182,496-515,"We review and extend the theory and methodology of a posteriori error estimation and adaptivity for modeling error for certain classes of problems in linear and nonlinear mechanics. The basic idea is that for a given collection of physical phenomena a rich class of mathematical models can be identified, including models that are sufficiently refined and validated that they satisfactorily capture the events of interest. These fine models may be intractable, too complex to solve by existing means. Coarser models are therefore used. Moreover, as is frequently the case in applications, there are specific quantities of interest that are sought which are functionals of the solution of the fine model. In this paper, techniques for estimating modeling errors in such quantities of interest are developed. Applications to solid and fluid mechanics are presented.",258,11,10.1006/JCPH.2002.7183,https://doi.org/10.1006/JCPH.2002.7183,1.1400
Rei17,Symbolic Optimal Control,G. Reissig and M. Rungger,2017,2017-09-21,IEEE Transactions on Automatic Control,64,2224-2239,"We present novel results on the solution of a class of leavable, undiscounted optimal control problems in the minimax sense for nonlinear, continuous-state, discrete-time plants. The problem class includes entry-(exit-)time problems as well as minimum-time, pursuit-evasion, and reach-avoid games as special cases. We utilize auxiliary optimal control problems (“abstractions”) to compute both upper bounds of the value function, i.e., of the achievable closed-loop performance, and symbolic feedback controllers realizing those bounds. The abstractions are obtained from discretizing the problem data, and we prove that the computed bounds and the performance of the symbolic controllers converge to the value function as the discretization parameters approach zero. In particular, if the optimal control problem is solvable on some compact subset of the state space, and if the discretization parameters are sufficiently small, then we obtain a symbolic feedback controller solving the problem on that subset. These results do not assume the continuity of the value function or any problem data, and they fully apply in the presence of hard state and control constraints.",34,3.9,10.1109/TAC.2018.2863178,https://doi.org/10.1109/TAC.2018.2863178,1.1400
Las15,A bounded degree SOS hierarchy for polynomial optimization,"J. Lasserre, K. Toh, and Shouguang Yang",2015,2015-01-25,EURO Journal on Computational Optimization,5,87-117,"We consider a new hierarchy of semidefinite relaxations for the general polynomial optimization problem $$(P):\,f^{*}=\min \{f(x):x\in K\}$$(P):f∗=min{f(x):x∈K} on a compact basic semi-algebraic set $$K\subset \mathbb {R}^n$$K⊂Rn. This hierarchy combines some advantages of the standard LP-relaxations associated with Krivine’s positivity certificate and some advantages of the standard SOS-hierarchy. In particular it has the following attractive features: (a) in contrast to the standard SOS-hierarchy, for each relaxation in the hierarchy, the size of the matrix associated with the semidefinite constraint is the same and fixed in advance by the user; (b) in contrast to the LP-hierarchy, finite convergence occurs at the first step of the hierarchy for an important class of convex problems; and (c) some important techniques related to the use of point evaluations for declaring a polynomial to be zero and to the use of rank-one matrices make an efficient implementation possible. Preliminary results on a sample of non convex problems are encouraging.",92,8.1,10.1007/s13675-015-0050-y,https://doi.org/10.1007/s13675-015-0050-y,1.1200
Haa08,REDUCED BASIS METHOD FOR FINITE VOLUME APPROXIMATIONS OF PARAMETRIZED LINEAR EVOLUTION EQUATIONS,B. Haasdonk and Mario Ohlberger,2008,2008-03-01,Mathematical Modelling and Numerical Analysis,42,277-302,"The model order reduction methodology of reduced basis (RB) techniques offers efficient treatment of parametrized partial differential equations (P2 DEs) by providing both approximate solution procedures and efficient error estimates. RB-methods have so far mainly been applied to finite element schemes for elliptic and parabolic problems. In the current study we extend the methodology to general linear evolution schemes such as finite volume schemes for parabolic and hyperbolic evolution equations. The new theoretic contributions are the formulation of a reduced basis approximation scheme for these general evolution problems and the derivation of rigorous a-posteriori error estimates in various norms. Algorithmically, an offline/online decomposition of the scheme and the error estimators is realized in case of affine parameter-dependence of the problem. This is the basis for a rapid online computation in case of multiple simulation requests. We introduce a new offline basis-generation algorithm based on our a-posteriori error estimator which combines ideas from existing approaches. Numerical experiments for an instationary convection-diffusion problem demonstrate the efficient applicability of the approach.",442,24,10.1051/M2AN:2008001,https://doi.org/10.1051/M2AN:2008001,1.1200
Ode00,Estimation of local modeling error and goal-oriented adaptive modeling of heterogeneous materials: I. Error estimates and adaptive algorithms,T. Oden and Kumar S. VemagantiTexas,2000,2000-10-10,Journal of Computational Physics,164,22-47,"Abstract A theory of a posteriori estimation of modeling errors in local quantities of interest in the analysis of heterogeneous elastic solids is presented. These quantities may, for example, represent averaged stresses on the surface of inclusions or mollifications of pointwise stresses or displacements or, in general, local features of the “fine-scale” solution characterized by continuous linear functionals. These estimators are used to construct goal-oriented adaptive procedures in which models of the microstructure are adapted to deliver local features to a preset level of accuracy. Algorithms for implementing these procedures are discussed and preliminary numerical results are given. The analysis is restricted to linear, static, heterogeneous, elastic materials.",246,9.6,10.1006/JCPH.2000.6585,https://doi.org/10.1006/JCPH.2000.6585,1.1200
Des13,Bounds for Markov Decision Processes,"Vijay V. Desai, V. Farias, and C. Moallemi",2013,2013-02-07,,,452-473,We consider the problem of producing lower bounds on the optimal cost-to-go function of a Markov decision problem. We present two approaches to this problem: one based on the methodology of approximate linear programming (ALP) and another based on the so-called martingale duality approach. We show that these two approaches are intimately connected. Exploring this connection leads us to the problem of finding ‘optimal’ martingale penalties within the martingale duality approach which we dub the pathwise optimization (PO) problem. We show interesting cases where the PO problem admits a tractable solution and establish that these solutions produce tighter approximations than the ALP approach.,26,2.0,10.1002/9781118453988.CH20,https://doi.org/10.1002/9781118453988.CH20,1.1100
Beu23,Complexity-Bounded Relaxed Dynamic Programming,"R. Beumer, R. V. D. Molengraft, and Duarte Antunes",2023,2023-12-13,2023 62nd IEEE Conference on Decision and Control (CDC),,4279-4284,"The idea behind relaxed dynamic programming for optimal control problems is to settle with a suboptimal but simpler control policy that guarantees a cost within a fixed constant factor from the optimal cost. Such a policy results from parameterized approximate value functions and the complexity of these functions determines the complexity of the policy. Typically, the more stringent the constant factor from the optimal cost is, the larger the complexity. However, relaxed dynamic programming does not give any guarantees on the complexity, which might still be unpractical. To tackle this issue, we propose to rather find the best factor away from optimality for a given complexity bound. We consider a large class of problems where the value functions can be represented as the minimum of quadratic functions. For this class, we propose a modified relaxed dynamic programming algorithm that ensures bounded complexity while still providing tight cost guarantees. A crucial step in the algorithm is the search for the best cost factor for a given policy with desired complexity, shown to be an optimization problem subject to Linear Matrix Inequalities (LMIs). We provide a new subclass of problems within this class and illustrate the effectiveness of our policy in a numerical instance of this subclass.",1,0.4,10.1109/CDC49753.2023.10383392,https://doi.org/10.1109/CDC49753.2023.10383392,1.1100
Rei15,Feedback Refinement Relations for the Synthesis of Symbolic Controllers,"G. Reissig, Alexander Weber, and M. Rungger",2015,2015-03-12,IEEE Transactions on Automatic Control,62,1781-1796,"We present an abstraction and refinement methodology for the automated controller synthesis to enforce general predefined specifications. The designed controllers require quantized (or symbolic) state information only and can be interfaced with the system via a static quantizer. Both features are particularly important with regard to any practical implementation of the designed controllers and, as we prove, are characterized by the existence of a feedback refinement relation between plant and abstraction. Feedback refinement relations are a novel concept introduced in this paper. Our work builds on a general notion of system with set-valued dynamics and possibly non-deterministic quantizers to permit the synthesis of controllers that robustly, and provably, enforce the specification in the presence of various types of uncertainties and disturbances. We identify a class of abstractions that is canonical in a well-defined sense, and provide a method to efficiently compute canonical abstractions. We demonstrate the practicality of our approach on two examples.",258,23,10.1109/TAC.2016.2593947,https://doi.org/10.1109/TAC.2016.2593947,1.1000
Beu19,Accelerated Point-Wise Maximum Approach to Approximate Dynamic Programming,"P. Beuchat, J. Warrington, and J. Lygeros",2019,2019-01-11,IEEE Transactions on Automatic Control,67,251-266,"In this article, we describe an approximate dynamic programming (ADP) approach to compute lower bounds on the optimal value function for a discrete time, continuous space, and infinite horizon setting. The approach iteratively constructs a family of lower bounding approximate value functions by using the so-called Bellman inequality. The novelty of our approach is that, at each iteration, we aim to compute an approximate value function that maximizes the point-wise maximum taken with the family of approximate value functions computed thus far. This leads to a nonconvex objective, and we propose a gradient ascent algorithm to find stationary points by solving a sequence of convex optimization problems. We provide convergence guarantees for our algorithm and an interpretation for how the gradient computation relates to the state-relevance weighting parameter appearing in related ADP approaches. We demonstrate through numerical examples that, when compared to the existing approaches, the algorithm we propose computes tighter suboptimality bounds with comparable computation time.",7,1.0,10.1109/TAC.2021.3050440,https://doi.org/10.1109/TAC.2021.3050440,1.0900
Wei16,Sparse-BSOS: a bounded degree SOS hierarchy for large scale polynomial optimization with sparsity,"T. Weisser, J. Lasserre, and K. Toh",2016,2016-07-05,Mathematical Programming Computation,10,1 - 32,"We provide a sparse version of the bounded degree SOS hierarchy BSOS (Lasserre et al. in EURO J Comp Optim:87–117, 2017) for polynomial optimization problems. It permits to treat large scale problems which satisfy a structured sparsity pattern. When the sparsity pattern satisfies the running intersection property this Sparse-BSOS hierarchy of semidefinite programs (with semidefinite constraints of fixed size) converges to the global optimum of the original problem. Moreover, for the class of SOS-convex problems, finite convergence takes place at the first step of the hierarchy, just as in the dense version.",80,8.1,10.1007/s12532-017-0121-6,https://doi.org/10.1007/s12532-017-0121-6,1.0800
Che07c,Estimation and Confidence Regions for Parameter Sets in Econometric Models,"V. Chernozhukov, H. Hong, and E. Tamer",2007,2007-09-01,Econometrica,75,1243-1284,"This paper develops a framework for performing estimation and inference in econometric models with partial identification, focusing particularly on models characterized by moment inequalities and equalities. Applications of this framework include the analysis of game-theoretic models, revealed preference restrictions, regressions with missing and corrupted data, auction models, structural quantile regressions, and asset pricing models. Copyright The Econometric Society 2007.",692,37,10.1111/J.1468-0262.2007.00794.X,https://doi.org/10.1111/J.1468-0262.2007.00794.X,1.0800
Bal19h,Approximations to Stochastic Dynamic Programs via Information Relaxation Duality,S. Balseiro and David B. Brown,2019,2019-03-21,Oper. Res.,67,577-597,"In the analysis of complex stochastic dynamic programs, we often seek strong theoretical guarantees on the suboptimality of heuristic policies. A common technique for obtaining performance bounds i...",25,3.5,10.1287/OPRE.2018.1782,https://doi.org/10.1287/OPRE.2018.1782,1.0700
Huy10,A natural-norm Successive Constraint Method for inf-sup lower bounds,"D. Huynh, D. Knezevic, Yanlai Chen, J. Hesthaven, and A. Patera",2010,2010-06-01,Computer Methods in Applied Mechanics and Engineering,199,1963-1975,"We present a new approach for the construction of lower bounds for the inf-sup stability constants required in a posteriori error analysis of reduced basis approximations to anely parametrized partial dierential equations. We combine the \linearized"" inf-sup statement of the natural{ norm approach with the approximation procedure of the Successive Constraint Method (SCM): the former (natural{norm) provides an economical parameter expansion and local concavity in parameter | a small(er) optimization problem which enjoys intrinsic lower bound properties; the latter (SCM) provides a systematic optimization framework | a Linear Program (LP) relaxation which readily incorporates continuity and stability constraints. The natural{norm SCM requires a parameter domain decomposition: we propose a greedy algorithm for selection of the SCM control points as well as adaptive construction of the optimal subdomains. The ecacy of the natural{norm SCM is illustrated through numerical results for two types of non-coercive problems: the Helmholtz equation (for acoustics, elasticity, and electromagnetics), and the convection{diusi on equation.",110,6.9,10.1016/J.CMA.2010.02.011,https://doi.org/10.1016/J.CMA.2010.02.011,1.0700
Her08,Probabilistic CEGAR,"H. Hermanns, Björn Wachter, and Lijun Zhang",2008,2008-07-07,International Conference on Computer Aided Verification,,162-175,,201,11,10.1007/978-3-540-70545-1_16,https://doi.org/10.1007/978-3-540-70545-1_16,1.0700
Wan19g,TSSOS: A Moment-SOS Hierarchy That Exploits Term Sparsity,"Jie Wang, Victor Magron, and J. Lasserre",2019,2019-12-19,SIAM J. Optim.,31,30-58,This paper is concerned with polynomial optimization problems. We show how to exploit term (or monomial) sparsity of the input polynomials to obtain a new converging hierarchy of semidefinite programming relaxations. The novelty (and distinguishing feature) of such relaxations is to involve block-diagonal matrices obtained in an iterative procedure performing completion of the connected components of certain adjacency graphs. The graphs are related to the terms arising in the original data and not to the links between variables. Our theoretical framework is then applied to compute lower bounds for polynomial optimization problems either randomly generated or coming from the networked systems literature.,125,19,10.1137/19M1307871,https://doi.org/10.1137/19M1307871,1.0600
Lor15,Constraint-Tightening and Stability in Stochastic Model Predictive Control,"Matthias Lorenzen, F. Dabbene, R. Tempo, and F. Allgöwer",2015,2015-11-11,IEEE Transactions on Automatic Control,62,3165-3177,"Constraint tightening to non-conservatively guarantee recursive feasibility and stability in Stochastic Model Predictive Control is addressed. Stability and feasibility requirements are considered separately, highlighting the difference between existence of a solution and feasibility of a suitable, a priori known candidate solution. Subsequently, a Stochastic Model Predictive Control algorithm which unifies previous results is derived, leaving the designer the option to balance an increased feasible region against guaranteed bounds on the asymptotic average performance and convergence time. Besides typical performance bounds, under mild assumptions, we prove asymptotic stability in probability of the minimal robust positively invariant set obtained by the unconstrained LQ-optimal controller. A numerical example, demonstrating the efficacy of the proposed approach in comparison with classical, recursively feasible Stochastic MPC and Robust MPC, is provided.",185,18,10.1109/TAC.2016.2625048,https://doi.org/10.1109/TAC.2016.2625048,1.0600
Cla14,Modal occupation measures and LMI relaxations for nonlinear switched systems control,"Mathieu Claeys, J. Daafouz, and D. Henrion",2014,2014-04-17,Autom.,64,143-154,"This paper presents a linear programming approach for the optimal control of nonlinear switched systems where the control is the switching sequence. This is done by introducing modal occupation measures, which allow to relax the problem as a primal linear programming (LP) problem. Its dual linear program of Hamilton-Jacobi-Bellman inequalities is also characterized. The LPs are then solved numerically with a converging hierarchy of primal-dual moment-sum-of-squares (SOS) linear matrix inequalities (LMI). Because of the special structure of switched systems, we obtain a much more efficient method than could be achieved by applying standard moment/SOS LMI hierarchies for general optimal control problems.",22,1.8,10.1016/j.automatica.2015.11.003,https://doi.org/10.1016/j.automatica.2015.11.003,1.0600
Hel11,A Semidefinite Approach for Truncated K-Moment Problems,J. Helton and Jiawang Nie,2011,2011-05-02,Foundations of Computational Mathematics,12,851-881,"A truncated moment sequence (tms) in n variables and of degree d is a finite sequence y=(yα) indexed by nonnegative integer vectors α:=(α1,…,αn) such that α1+⋯+αn≤d. Let K⊆ℝn be a semialgebraic set. The truncated K-moment problem (TKMP) is: How can one check if a tms y admits a K-measure μ (a nonnegative Borel measure supported in K) such that $y_{\alpha}= \int_{K} x_{1}^{\alpha_{1}}\cdots x_{n}^{\alpha_{n}}\,\mathrm{d}\mu$ for every α? This paper proposes a semidefinite programming (SDP) approach for solving TKMP. When K is compact, we get the following results: whether a tms admits a K-measure or not can be checked via solving a sequence of SDP problems; when y admits no K-measure, a certificate for the nonexistence can be found; when y admits one, a representing measure for y can be obtained from solving the SDP problems under some necessary and some sufficient conditions. Moreover, we also propose a practical SDP method for finding flat extensions, which in our numerical experiments always found a finitely atomic representing measure when it exists.",52,3.5,10.1007/s10208-012-9132-x,https://doi.org/10.1007/s10208-012-9132-x,1.0600
Van06,Ignorance and uncertainty regions as inferential tools in a sensitivity analysis,"S. Vansteelandt, E. Goetghebeur, M. Kenward, and G. Molenberghs",2006,,Statistica Sinica,16,953-979,"It has long been recognised that most standard point estimators lean heavily on untestable assumptions when missing data are encountered. Statisticians have therefore advocated the use of sensitivity analysis, but paid relatively little attention to strategies for summarizing the results from such analyses, summaries that have clear interpretation, verifiable properties and feasible implementation. As a step in this direction, several authors have proposed to shift the focus of inference from point estimators to estimated intervals or regions of ignorance. These regions combine standard point estimates obtained under all possible/plausible missing data models that yield identified parameters of interest. They thus reflect the achievable information from the given data generation structure with its missing data component. The standard framework of inference needs extension to allow for a transparent study of statistical properties of such regions. In this paper we propose a definition of consistency for a region and introduce the concepts of pointwise, weak and strong coverage for larger regions which acknowledge sampling imprecision in addition to the structural lack of information. The larger regions are called uncertainty regions and quantify an overall level of information by adding imprecision due to sampling error to the estimated region of ignorance. The distinction between ignorance and sampling error is often useful, for instance when sample size considerations are made. The type of coverage required depends on the analysis goal. We provide algorithms for constructing several types of uncertainty regions, and derive general relationships between them. Based on the estimated uncertainty regions, we show how classical hypothesis tests can be performed without untestable assumptions on the missingness mechanism.",172,8.5,,https://www.semanticscholar.org/paper/4a23e3e4dc48185343e41e1c0fa572d0f26d255a,1.0500
Ain12,Guaranteed computable bounds on quantities of interest in finite element computations,M. Ainsworth and Richard Rankin,2012,2012-03-30,International Journal for Numerical Methods in Engineering,89,,,30,2.1,10.1002/nme.3276,https://doi.org/10.1002/nme.3276,1.0500
Sch13b,The scenario approach for Stochastic Model Predictive Control with bounds on closed-loop constraint violations,"Georg Schildbach, L. Fagiano, C. Frei, and M. Morari",2013,2013-07-22,Autom.,50,3009-3018,"Many practical applications in control require that constraints on the inputs and states of the system are respected, while some performance criterion is optimized. In the presence of model uncertainties or disturbances, it is often sufficient to satisfy the state constraints for at least a prescribed share of the time, such as in building climate control or load mitigation for wind turbines. For such systems, this paper presents a new method of Scenario-Based Model Predictive Control (SCMPC). The basic idea is to optimize the control inputs over a finite horizon, subject to robust constraint satisfaction under a finite number of random scenarios of the uncertainty and/or disturbances. Previous SCMPC approaches have suffered from a substantial gap between the rate of constraint violations specified in the optimal control problem and that actually observed in closed-loop operation of the controlled system. This paper identifies the two theoretical explanations for this gap. First, accounting for the special structure of the optimal control problem leads to a substantial reduction of the problem dimension. Second, the probabilistic constraints have to be interpreted as average-in-time, rather than pointwise-in-time. Based on these insights, a novel SCMPC method can be devised for general linear systems with additive and multiplicative disturbances, for which the number of scenarios is significantly reduced. The presented method retains the essential advantages of the general SCMPC approach, namely a low computational complexity and the ability to handle arbitrary probability distributions. Moreover, the computational complexity can be adjusted by a sample-and-remove strategy.",305,24,10.1016/j.automatica.2014.10.035,https://doi.org/10.1016/j.automatica.2014.10.035,1.0500
Zha16f,Control synthesis for nonlinear optimal control via convex relaxations,"Pengcheng Zhao, Shankar Mohan, and Ram Vasudevan",2016,2016-10-03,2017 American Control Conference (ACC),,2654-2661,"This paper addresses the problem of control synthesis for nonlinear optimal control problems in the presence of state and input constraints. The presented approach relies upon transforming the given problem into an infinite-dimensional linear program over the space of measures. To generate approximations to this infinite-dimensional program, a sequence of Semi-Definite Programs (SDP)s is formulated in the instance of polynomial cost and dynamics with semi-algebraic state and bounded input constraints. A method to extract a polynomial control function from each SDP is also given. This paper proves that the controller synthesized from each of these SDPs generates a sequence of values that converge from below to the value of the optimal control of the original optimal control problem. In contrast to existing approaches, the presented method does not assume that the optimal control is continuous while still proving that the sequence of approximations is optimal. Moreover, the sequence of controllers that are synthesized using the presented approach are proven to converge to the true optimal control. The performance of the presented method is demonstrated on three examples.",22,2.3,10.23919/ACC.2017.7963353,https://doi.org/10.23919/ACC.2017.7963353,1.0500
Ode99,""" Goal-Oriented Error Estimation and Adaptivity for the Finite Element Method",Tinsley Oden and S. Prudhomme,1999,,,,,"In t.his paper, we study :L new approach in a posteriori error est.imation, in which the numerical error of finite element approximations is estimated in terms of quantities of interest rather than the classical energy norm. These so-called quantities of interest are characterized by linear functionals on the space of functions to where the solution belongs. \Ve present here the theory with respect to a class of elliptic boundary-value problems. and in particular, show how to obtain accurate estimates as well as upper and lower bounds on the error. We also study the new concept of goal-oricnted adaptivity, which embodies mesh adaptation procedures designed to control error in specific qnantities. Numerical cxperiments confirm that such procedures greatly accelerate the attainment of local features of the solutiou 1.0 preset accuracies as compared to traditional adaptive schemes bnsed Oil ellergy norm error estimates. © 2001 Elsevier Science Ltd. All rights reserved. KeywordS-Goal-oriented error estimation. Quantities of interest, Error control, Mesh adaptivity, Upper and lower bounds.",69,2.5,,https://www.semanticscholar.org/paper/dc929726f5b5f19e721fccdcd04ab756260b5551,1.0400
Lik03b,ARA : formal analysis,"Maxim Likhachev, G. Gordon, and S. Thrun",2003,,,,,"In real world problems, time for deliberation is often limited. Anytime algorithms are beneficial in these conditions as they usually find a first, possibly highly suboptimal, solution very fast and then continually work on improving the solution until allocated time expires. While anytime algorithms are popular, existing anytime search methods are unable to provide a measure of goodness of their results. In this paper we propose the ARA* algorithm. ARA* is an anytime heuristic search which tunes its performance bound based on available search time. It starts by finding a suboptimal solution quickly using a loose bound, then tightens the bound progressively as time allows. Given enough time it finds a provably optimal solution. In addition to the theoretical analysis we demonstrate the practical utility of ARA* with experiments on a simulated robot kinematic arm and dynamic path planning problem for an outdoor rover.",35,1.5,,https://www.semanticscholar.org/paper/100d3d7073413a4cfe99fa71a37ab2829374e5f8,1.0400
Esf17,From Infinite to Finite Programs: Explicit Error Bounds with Applications to Approximate Dynamic Programming,"Peyman Mohajerin Esfahani, Tobias Sutter, D. Kuhn, and J. Lygeros",2017,2017-01-23,ArXiv,abs/1701.06379,,"We consider linear programming (LP) problems in infinite dimensional spaces that are in general computationally intractable. Under suitable assumptions, we develop an approximation bridge from the infinite dimensional LP to tractable finite convex programs in which the performance of the approximation is quantified explicitly. To this end, we adopt the recent developments in two areas of randomized optimization and first-order methods, leading to a priori as well as a posteriori performance guarantees. We illustrate the generality and implications of our theoretical results in the special case of the long-run average cost and discounted cost optimal control problems in the context of Markov decision processes on Borel spaces. The applicability of the theoretical results is demonstrated through a fisheries management problem.",43,4.6,10.1137/17M1133087,https://doi.org/10.1137/17M1133087,1.0300
Cer13,Quantitative abstraction refinement,"Pavol Cerný, T. Henzinger, and Arjun Radhakrishna",2013,2013-01-23,ACM-SIGACT Symposium on Principles of Programming Languages,,115-128,"We propose a general framework for abstraction with respect to quantitative properties, such as worst-case execution time, or power consumption. Our framework provides a systematic way for counter-example guided abstraction refinement for quantitative properties. The salient aspect of the framework is that it allows anytime verification, that is, verification algorithms that can be stopped at any time (for example, due to exhaustion of memory), and report approximations that improve monotonically when the algorithms are given more time.
 We instantiate the framework with a number of quantitative abstractions and refinement schemes, which differ in terms of how much quantitative information they keep from the original system. We introduce both state-based and trace-based quantitative abstractions, and we describe conditions that define classes of quantitative properties for which the abstractions provide over-approximations. We give algorithms for evaluating the quantitative properties on the abstract systems. We present algorithms for counter-example based refinements for quantitative properties for both state-based and segment-based abstractions. We perform a case study on worst-case execution time of executables to evaluate the anytime verification aspect and the quantitative abstractions we proposed.",29,2.2,10.1145/2429069.2429085,https://doi.org/10.1145/2429069.2429085,1.0300
Leb20,Gradient-bounded dynamic programming for submodular and concave extensible value functions with probabilistic performance guarantees,"Denis Lebedev, P. Goulart, and Kostas Margellos",2020,2020-06-03,Autom.,135,109897,"We consider stochastic dynamic programming problems with high-dimensional, discrete state-spaces and finite, discrete-time horizons that prohibit direct computation of the value function from a given Bellman equation for all states and time steps due to the ""curse of dimensionality"". For the case where the value function of the dynamic program is concave extensible and submodular in its state-space, we present a new algorithm that computes deterministic upper and stochastic lower bounds of the value function in the realm of dual dynamic programming. We show that the proposed algorithm terminates after a finite number of iterations. Furthermore, we derive probabilistic guarantees on the value accumulated under the associated policy for a single realisation of the dynamic program and for the expectation of this value. Finally, we demonstrate the efficacy of our approach on a high-dimensional numerical example from delivery slot pricing in attended home delivery.",7,1.2,10.1016/j.automatica.2021.109897,https://doi.org/10.1016/j.automatica.2021.109897,1.0200
Ach18b,LG ] 29 F eb 2 01 6 Easy Monotonic Policy Iteration,Joshua Achiam,2018,,,,,"A key problem in reinforcement learning for control with general function approximators (such as deep neural networks and other nonlinear functions) is that, for many algorithms employed in practice, updates to the policy or Q-function may fail to improve performance—or worse, actually cause the policy performance to degrade. Prior work has addressed this for policy iteration by deriving tight policy improvement bounds; by optimizing the lower bound on policy improvement, a better policy is guaranteed. However, existing approaches suffer from bounds that are hard to optimize in practice because they include sup norm terms which cannot be efficiently estimated or differentiated. In this work, we derive a better policy improvement bound where the sup norm of the policy divergence has been replaced with an average divergence; this leads to an algorithm, Easy Monotonic Policy Iteration, that generates sequences of policies with guaranteed non-decreasing returns and is easy to implement in a sample-based framework.",0,,,https://www.semanticscholar.org/paper/df7b2bfef836db13807e4b46d65f7b539afbc14c,1.0200
Las05b,Nonlinear optimal control: Numerical approximations via moments and LMI-relaxations,"J. Lasserre, C. Prieur, and D. Henrion",2005,,,,,"We consider the class of nonlinear optimal con- trol problems with all data (differential equation, state and control constraints, cost) being polynomials. We provide a simple hierarchy of LMI-relaxations whose optimal values form a nondecreasing sequence of lower bounds on the optimal value. Preliminary results show that good approximations are obtained with few moments. I. INTRODUCTION In general, solving a general nonlinear optimal control problem (OCP) is a difficult challenge, despite powerfull theoretical tools are available, e.g. the maximum principle and Hamilton-Jacobi-Bellman optimality equation. How- ever there exist many numerical methods to approximate the solution of a given optimal control problem. For in- stance, Multiple shooting techniques which solve two-point boundary value problems as decribed in e.g. (17), (7), or direct methods, as in e.g. (18), (5), (6), which for instance, use descent algorithms, among others. Contribution. In this paper, we consider the particular class of nonlinear OCPs for which all data describing the problem (dynamics, state and control constraints) are polynomials. We propose a completely different approach to provide a good approximation of (only) the optimal value of the OCP, via a sequence of increasing lower bounds. As such, it could be seen as a complement to the above shooting or direct methods which provide an upper bound, and when the sequence of lower bounds converges to the optimal value, a test of their efficiency. We first adopt an infinite-dimensional linear program- ming (LP) formulation based on the Hamilton-Jacobi- Bellman equation, as developed in e.g. Hernandez- Hernandez et al. (11). We then follow a numerical approx- imation scheme (a relaxation of the original LP) in the vein but different from the general framework developed in Hernandez and Lasserre (10) for infinite-dimensional linear programs. Our contribution is to here exploit the fact that all data are polynomials to provide a hierarchy of semidefinite programming (SDP) (or, LMI) relaxations, whose optimal values form a monotone nondecreasing sequence of lower bounds on the optimal value of the OCP. The first numerical experiments show that good approximations are obtained early in the hierarchy, i.e., with few moments, confirming",22,1.0,,https://www.semanticscholar.org/paper/688d5f9cfd020b96fbf2a9eba28939e58642fce6,1.0200
Ric14,Nonparametric Bounds and Sensitivity Analysis of Treatment Effects.,"Amy Richardson, M. Hudgens, P. Gilbert, and J. Fine",2014,2014-11-01,Statistical science : a review journal of the Institute of Mathematical Statistics,29 4,"'
          596-618
        ","This paper considers conducting inference about the effect of a treatment (or exposure) on an outcome of interest. In the ideal setting where treatment is assigned randomly, under certain assumptions the treatment effect is identifiable from the observable data and inference is straightforward. However, in other settings such as observational studies or randomized trials with noncompliance, the treatment effect is no longer identifiable without relying on untestable assumptions. Nonetheless, the observable data often do provide some information about the effect of treatment, that is, the parameter of interest is partially identifiable. Two approaches are often employed in this setting: (i) bounds are derived for the treatment effect under minimal assumptions, or (ii) additional untestable assumptions are invoked that render the treatment effect identifiable and then sensitivity analysis is conducted to assess how inference about the treatment effect changes as the untestable assumptions are varied. Approaches (i) and (ii) are considered in various settings, including assessing principal strata effects, direct and indirect effects and effects of time-varying exposures. Methods for drawing formal inference about partially identified parameters are also discussed.",73,6.3,10.1214/14-STS499,https://doi.org/10.1214/14-STS499,1.0100
Lau03,"A Comparison of the Sherali-Adams, Lovász-Schrijver, and Lasserre Relaxations for 0-1 Programming",M. Laurent,2003,,Math. Oper. Res.,28,470-496,"htmlabstractSherali and Adams [SA90], Lovasz and Schrijver [LS91] and, recently, Lasserre [Las01b] have proposed lift and project methods for constructing hierarchies of successive linear or semidefinite relaxations of a 0-1 polytope P⊆ Rn converging to P in n steps. Lasserre's approach uses results about representations of positive polynomials as sums of squares and the dual theory of moments. We present the three methods in a common elementary framework and show that the Lasserre construction provides the tightest relaxations of P. As an application this gives a direct simple proof for the convergence of the Lasserre's hierarchy. We describe applications to the stable set polytope and to the cut polytope.",467,20,10.1287/moor.28.3.470.16391,https://doi.org/10.1287/moor.28.3.470.16391,1.0100
Hai18,A hierarchical a posteriori error estimator for the Reduced Basis Method,"Stefan Hain, Mario Ohlberger, Mladjan Radic, and K. Urban",2018,2018-02-09,Advances in Computational Mathematics,,1-24,"In this contribution, we are concerned with tight a posteriori error estimation for projection-based model order reduction of inf$\inf $-sup$\sup $ stable parameterized variational problems. In particular, we consider the Reduced Basis Method in a Petrov-Galerkin framework, where the reduced approximation spaces are constructed by the (weak) greedy algorithm. We propose and analyze a hierarchical a posteriori error estimator which evaluates the difference of two reduced approximations of different accuracy. Based on the a priori error analysis of the (weak) greedy algorithm, it is expected that the hierarchical error estimator is sharp with efficiency index close to one, if the Kolmogorov N-with decays fast for the underlying problem and if a suitable saturation assumption for the reduced approximation is satisfied. We investigate the tightness of the hierarchical a posteriori estimator both from a theoretical and numerical perspective. For the respective approximation with higher accuracy, we study and compare basis enrichment of Lagrange- and Taylor-type reduced bases. Numerical experiments indicate the efficiency for both, the construction of a reduced basis using the hierarchical error estimator in a greedy algorithm, and for tight online certification of reduced approximations. This is particularly relevant in cases where the inf$\inf $-sup$\sup $ constant may become small depending on the parameter. In such cases, a standard residual-based error estimator—complemented by the successive constrained method to compute a lower bound of the parameter dependent inf$\inf $-sup$\sup $ constant—may become infeasible.",30,3.6,10.1007/s10444-019-09675-z,https://doi.org/10.1007/s10444-019-09675-z,1.0100
Che17b,A robust error estimator and a residual-free error indicator for reduced basis methods,"Yanlai Chen, Jiahua Jiang, and A. Narayan",2017,2017-10-24,Comput. Math. Appl.,77,1963-1979,"The Reduced Basis Method (RBM) is a rigorous model reduction approach for solving parametrized partial differential equations. It identifies a low-dimensional subspace for approximation of the parametric solution manifold that is embedded in high-dimensional space. A reduced order model is subsequently constructed in this subspace. RBM relies on residual-based error indicators or {\em a posteriori} error bounds to guide construction of the reduced solution subspace, to serve as a stopping criteria, and to certify the resulting surrogate solutions. Unfortunately, it is well-known that the standard algorithm for residual norm computation suffers from premature stagnation at the level of the square root of machine precision. 
In this paper, we develop two alternatives to the standard offline phase of reduced basis algorithms. First, we design a robust strategy for computation of residual error indicators that allows RBM algorithms to enrich the solution subspace with accuracy beyond root machine precision. Secondly, we propose a new error indicator based on the Lebesgue function in interpolation theory. This error indicator does not require computation of residual norms, and instead only requires the ability to compute the RBM solution. This residual-free indicator is rigorous in that it bounds the error committed by the RBM approximation, but up to an uncomputable multiplicative constant. Because of this, the residual-free indicator is effective in choosing snapshots during the offline RBM phase, but cannot currently be used to certify error that the approximation commits. However, it circumvents the need for \textit{a posteriori} analysis of numerical methods, and therefore can be effective on problems where such a rigorous estimate is hard to derive.",26,3.0,10.1016/J.CAMWA.2018.11.032,https://doi.org/10.1016/J.CAMWA.2018.11.032,1.0000
Hew18b,Recursively Feasible Stochastic Model Predictive Control using Indirect Feedback,"Lukas Hewing, K. P. Wabersich, and M. Zeilinger",2018,2018-12-17,Autom.,119,109095,"We present a stochastic model predictive control (MPC) method for linear discrete-time systems subject to possibly unbounded and correlated additive stochastic disturbance sequences. Chance constraints are treated in analogy to robust MPC using the concept of probabilistic reachable sets for constraint tightening. We introduce an initialization of each MPC iteration which is always recursively feasibility and thereby allows that chance constraint satisfaction for the closed-loop system can readily be shown. Under an i.i.d. zero mean assumption on the additive disturbance, we furthermore provide an average asymptotic performance bound. Two examples illustrate the approach, highlighting feedback properties of the novel initialization scheme, as well as the inclusion of time-varying, correlated disturbances in a building control setting.",93,13,10.1016/j.automatica.2020.109095,https://doi.org/10.1016/j.automatica.2020.109095,1.0000
Ban85,Some a posteriori error estimators for elliptic partial differential equations,Randolph E. Bank and A. Weiser,1985,1985-05-01,Mathematics of Computation,44,283-301,"We present three new a posteriori error estimators in the energy norm for finite element solutions to elliptic partial differential equations. The estimators are based on solving local Neumann problems in each element. The estimators differ in how they enforce consistency of the Neumann problems. We prove that as the mesh size decreases, under suitable assumptions, two of the error estimators approach upper bounds on the norm of the true error, and all three error estimators are within multiplicative constants of the norm of the true error. We present numerical results in which one of the error estimators appears to converge to the norm of the true error.",905,22,10.1090/S0025-5718-1985-0777265-X,https://doi.org/10.1090/S0025-5718-1985-0777265-X,1.0000
Hua24b,Finite convergence of the Moment-SOS hierarchy for polynomial matrix optimization,Lei Huang and Jiawang Nie,2024,2024-03-25,Mathematical Programming,214,685 - 722,"This paper studies the matrix Moment-SOS hierarchy for solving polynomial matrix optimization. Our first result is to show the finite convergence of this hierarchy, if the nondegeneracy condition, strict complementarity condition and second order sufficient condition hold at every minimizer, under the Archimedean property. A useful criterion for detecting the finite convergence is the flat truncation. Our second result is to show that every minimizer of the moment relaxation must have a flat truncation when the relaxation order is big enough, under the above mentioned optimality conditions. These results give connections between nonlinear semidefinite optimization theory and Moment-SOS methods for solving polynomial matrix optimization.",6,2.8,10.1007/s10107-025-02199-z,https://doi.org/10.1007/s10107-025-02199-z,0.9800
Hai19,A hierarchical a posteriori error estimator for the Reduced Basis Method,"Stefan Hain, Mario Ohlberger, Mladjan Radic, and K. Urban",2019,2019-02-27,Advances in Computational Mathematics,45,2191 - 2214,"In this contribution, we are concerned with tight a posteriori error estimation for projection-based model order reduction of inf\documentclass[12pt]{minimal} \usepackage{amsmath} \usepackage{wasysym} \usepackage{amsfonts} \usepackage{amssymb} \usepackage{amsbsy} \usepackage{mathrsfs} \usepackage{upgreek} \setlength{\oddsidemargin}{-69pt} \begin{document}$\inf $\end{document}-sup\documentclass[12pt]{minimal} \usepackage{amsmath} \usepackage{wasysym} \usepackage{amsfonts} \usepackage{amssymb} \usepackage{amsbsy} \usepackage{mathrsfs} \usepackage{upgreek} \setlength{\oddsidemargin}{-69pt} \begin{document}$\sup $\end{document} stable parameterized variational problems. In particular, we consider the Reduced Basis Method in a Petrov-Galerkin framework, where the reduced approximation spaces are constructed by the (weak) greedy algorithm. We propose and analyze a hierarchical a posteriori error estimator which evaluates the difference of two reduced approximations of different accuracy. Based on the a priori error analysis of the (weak) greedy algorithm, it is expected that the hierarchical error estimator is sharp with efficiency index close to one, if the Kolmogorov N-with decays fast for the underlying problem and if a suitable saturation assumption for the reduced approximation is satisfied. We investigate the tightness of the hierarchical a posteriori estimator both from a theoretical and numerical perspective. For the respective approximation with higher accuracy, we study and compare basis enrichment of Lagrange- and Taylor-type reduced bases. Numerical experiments indicate the efficiency for both, the construction of a reduced basis using the hierarchical error estimator in a greedy algorithm, and for tight online certification of reduced approximations. This is particularly relevant in cases where the inf\documentclass[12pt]{minimal} \usepackage{amsmath} \usepackage{wasysym} \usepackage{amsfonts} \usepackage{amssymb} \usepackage{amsbsy} \usepackage{mathrsfs} \usepackage{upgreek} \setlength{\oddsidemargin}{-69pt} \begin{document}$\inf $\end{document}-sup\documentclass[12pt]{minimal} \usepackage{amsmath} \usepackage{wasysym} \usepackage{amsfonts} \usepackage{amssymb} \usepackage{amsbsy} \usepackage{mathrsfs} \usepackage{upgreek} \setlength{\oddsidemargin}{-69pt} \begin{document}$\sup $\end{document} constant may become small depending on the parameter. In such cases, a standard residual-based error estimator—complemented by the successive constrained method to compute a lower bound of the parameter dependent inf\documentclass[12pt]{minimal} \usepackage{amsmath} \usepackage{wasysym} \usepackage{amsfonts} \usepackage{amssymb} \usepackage{amsbsy} \usepackage{mathrsfs} \usepackage{upgreek} \setlength{\oddsidemargin}{-69pt} \begin{document}$\inf $\end{document}-sup\documentclass[12pt]{minimal} \usepackage{amsmath} \usepackage{wasysym} \usepackage{amsfonts} \usepackage{amssymb} \usepackage{amsbsy} \usepackage{mathrsfs} \usepackage{upgreek} \setlength{\oddsidemargin}{-69pt} \begin{document}$\sup $\end{document} constant—may become infeasible.",2,0.3,10.1007/s10444-019-09675-z,https://doi.org/10.1007/s10444-019-09675-z,0.9700
Guo23c,A Moment-SOS Hierarchy for Robust Polynomial Matrix Inequality Optimization with SOS-Convexity,Feng Guo and Jie Wang,2023,2023-04-25,,,,"We study a class of polynomial optimization problems with a robust polynomial matrix inequality (PMI) constraint where the uncertainty set itself is defined also by a PMI. These can be viewed as matrix generalizations of semi-infinite polynomial programs, since they involve actually infinitely many PMI constraints in general. Under certain SOS-convexity assumptions, we construct a hierarchy of increasingly tight moment-SOS relaxations for solving such problems. Most of the nice features of the moment-SOS hierarchy for the usual polynomial optimization are extended to this more complicated setting. In particular, asymptotic convergence of the hierarchy is guaranteed and finite convergence can be certified if some flat extension condition holds true. To extract global minimizers, we provide a linear algebra procedure for recovering a finitely atomic matrix-valued measure from truncated matrix-valued moments. As an application, we are able to solve the problem of minimizing the smallest eigenvalue of a polynomial matrix subject to a PMI constraint. If SOS-convexity is replaced by convexity, we can still approximate the optimal value as closely as desired by solving a sequence of semidefinite programs, and certify global optimality in case that certain flat extension conditions hold true. Finally, an extension to the non-convexity setting is provided under a rank one condition. To obtain the above-mentioned results, techniques from real algebraic geometry, matrix-valued measure theory, and convex optimization are employed.",0,,10.1287/moor.2023.0361,https://doi.org/10.1287/moor.2023.0361,0.9600
Shp08,Complete Identification Methods for the Causal Hierarchy,I. Shpitser and J. Pearl,2008,2008-06-01,J. Mach. Learn. Res.,9,1941-1979,"We consider a hierarchy of queries about causal relationships in graphical models, where each level in the hierarchy requires more detailed information than the one below. The hierarchy consists of three levels: associative relationships, derived from a joint distribution over the observable variables; cause-effect relationships, derived from distributions resulting from external interventions; and counterfactuals, derived from distributions that span multiple “parallel worlds” and resulting from simultaneous, possibly conflicting observations and interventions. We completely characterize cases where a given causal query can be computed from information lower in the hierarchy, and provide algorithms that accomplish this computation. Specifically, we show when effects of interventions can be computed from observational studies, and when probabilities of counterfactuals can be computed from experimental studies. We also provide a graphical characterization of those queries which cannot be computed (by any method) from queries at a lower layer of the hierarchy.",278,15,10.5555/1390681.1442797,https://doi.org/10.5555/1390681.1442797,0.9600
Deo20,A randomized relaxation method to ensure feasibility in stochastic control of linear systems subject to state and input constraints,"Luca Deori, S. Garatti, and M. Prandini",2020,2020-05-01,Autom.,115,108854,"Abstract We consider a linear system affected by an additive stochastic disturbance and address the design of a finite horizon control policy that is optimal according to some cost criterion and accounts also for probabilistic constraints on both the input and state variables. The resulting policy can be implemented over a receding horizon according to the model predictive control strategy. Such a possibility, however, is hampered by the fact that a feasibility issue may arise when recomputing the policy. Infeasibility indeed can occur if the disturbance has unbounded support and the state is required to remain in a bounded set. In this paper, we propose a solution to this issue that is based on the introduction of a constraint relaxation that becomes effective only when the original problem turns out to be unfeasible. This is obtained via a cascade of two probabilistically-constrained optimization problems where, in the first one, performance is neglected and the policy is designed to fully recover feasibility or – if this is not possible – to determine the minimum level of relaxation which is needed to recover feasibility; in the second step, such a minimum relaxation level is imposed while optimally (re-)tuning the control policy parameters. Both problems are solved through a computationally tractable scenario-based scheme using a finite number of disturbance realizations and providing an approximate solution that satisfies with high confidence the original probabilistic constraints of the cascade.",3,0.5,10.1016/j.automatica.2020.108854,https://doi.org/10.1016/j.automatica.2020.108854,0.9600
Kor16b,Convergence rates of moment-sum-of-squares hierarchies for optimal control problems,"Milan Korda, D. Henrion, and C. Jones",2016,2016-09-09,Syst. Control. Lett.,100,1-5,We study the convergence rate of moment-sum-of-squares hierarchies of semidefinite programs for optimal control problems with polynomial data. It is known that these hierarchies generate polynomial under-approximations to the value function of the optimal control problem and that these under-approximations converge in the L1 norm to the value function as their degree d tends to infinity. We show that the rate of this convergence is O(1/ log log d). We treat in detail the continuous-time infinite-horizon discounted problem and describe in brief how the same rate can be obtained for the finite-horizon continuous-time problem and for the discrete-time counterparts of both problems.,26,2.7,10.1016/j.sysconle.2016.11.010,https://doi.org/10.1016/j.sysconle.2016.11.010,0.9500
Hua21f,Homogenization for polynomial optimization with unbounded sets,"Lei Huang, Jiawang Nie, and Ya-Xiang Yuan",2021,2021-12-31,Mathematical Programming,200,105 - 145,"This paper considers polynomial optimization with unbounded sets. We give a homogenization formulation and propose a hierarchy of Moment-SOS relaxations to solve it. Under the assumptions that the feasible set is closed at infinity and the ideal of homogenized equality constraining polynomials is real radical, we show that this hierarchy of Moment-SOS relaxations has finite convergence, if some optimality conditions (i.e., the linear independence constraint qualification, strict complementarity and second order sufficient conditions) hold at every minimizer, including the one at infinity. Moreover, we prove extended versions of Putinar-Vasilescu type Positivstellensatz for polynomials that are nonnegative on unbounded sets. The classical Moment-SOS hierarchy with denominators is also studied. In particular, we give a positive answer to a conjecture of Mai, Lasserre and Magron in their recent work.",18,4.1,10.1007/s10107-022-01878-5,https://doi.org/10.1007/s10107-022-01878-5,0.9500
Mat15b,An iterative abstraction algorithm for reactive correct-by-construction controller synthesis,"Robert Mattila, Yilin Mo, and R. Murray",2015,2015-09-14,2015 54th IEEE Conference on Decision and Control (CDC),,6147-6152,"In this paper, we consider the problem of synthesizing correct-by-construction controllers for discrete-time dynamical systems. A commonly adopted approach in the literature is to abstract the dynamical system into a Finite Transition System (FTS) and thus convert the problem into a two player game between the environment and the system on the FTS. The controller design problem can then be solved using synthesis tools for general linear temporal logic or generalized reactivity(1) specifications. In this article, we propose a new abstraction algorithm. Instead of generating a single FTS to represent the system, we generate two FTSs, which are under- and over-approximations of the original dynamical system. We further develop an iterative abstraction scheme by exploiting the concept of winning sets, i.e., the sets of states for which there exists a winning strategy for the system. Finally, the efficiency of the new abstraction algorithm is illustrated by numerical examples.",7,0.7,10.1109/CDC.2015.7403186,https://doi.org/10.1109/CDC.2015.7403186,0.9400
Lin17c,A Convex Information Relaxation for Constrained Decentralized Control Design Problems,Weixuan Lin and E. Bitar,2017,2017-08-14,IEEE Transactions on Automatic Control,64,4788-4795,"We describe a convex programming approach to the calculation of lower bounds on the minimum cost of constrained decentralized control problems with nonclassical information structures. The class of problems that we consider entail the decentralized output feedback control of a linear time-varying system over a finite horizon, subject to polyhedral constraints on the state and input trajectories, and sparsity constraints on the controller's information structure. As the determination of optimal control policies for such systems is known to be computationally intractable in general, considerable effort has been made in the literature to identify efficiently computable, albeit suboptimal, feasible control policies. The construction of computationally tractable bounds on their suboptimality is the primary motivation for the techniques developed in this note. Specifically, given a decentralized control problem with nonclassical information, we characterize an expansion of the given information structure, which ensures its partial nestedness, while maximizing the optimal value of the resulting decentralized control problem under the expanded information structure. The resulting decentralized control problem is cast as an infinite-dimensional convex program, which is further relaxed via a partial dualization and a restriction to affine dual control policies. The resulting problem is a finite-dimensional conic program whose optimal value is a provable lower bound on the minimum cost of the original constrained decentralized control problem.",13,1.5,10.1109/TAC.2019.2918124,https://doi.org/10.1109/TAC.2019.2918124,0.9300
Cla14b,Semi-definite relaxations for optimal control problems with oscillation and concentration effects,"Mathieu Claeys, D. Henrion, and Martin Kruvz'ik",2014,2014-12-06,"ESAIM: Control, Optimisation and Calculus of Variations",23,95-117,"Converging hierarchies of finite-dimensional semi-definite relaxations have been proposed for state-constrained optimal control problems featuring oscillation phenomena, by relaxing controls as Young measures. These semi-definite relaxations were later on extended to optimal control problems depending linearly on the control input and typically featuring concentration phenomena, interpreting the control as a measure of time with a discrete singular component modeling discontinuities or jumps of the state trajectories. In this contribution, we use measures introduced originally by DiPerna and Majda in the partial differential equations literature to model simultaneously, and in a unified framework, possible oscillation and concentration effects of the optimal control policy. We show that hierarchies of semi-definite relaxations can also be constructed to deal numerically with nonconvex optimal control problems with polynomial vector field and semialgebraic state constraints.",12,1.0,10.1051/COCV/2015041,https://doi.org/10.1051/COCV/2015041,0.9200
Chr19,Counterfactual Sensitivity and Robustness,T. Christensen and Benjamin Connault,2019,2019-04-01,Econometrica,,,"We propose a framework for analyzing the sensitivity of counterfactuals to parametric assumptions about the distribution of latent variables in structural models. In particular, we derive bounds on counterfactuals as the distribution of latent variables spans nonparametric neighborhoods of a given parametric specification while other “structural” features of the model are maintained. Our approach recasts the infinite‐dimensional problem of optimizing the counterfactual with respect to the distribution of latent variables (subject to model constraints) as a finite‐dimensional convex program. We also develop an MPEC version of our method to further simplify computation in models with endogenous parameters (e.g., value functions) defined by equilibrium constraints. We propose plug‐in estimators of the bounds and two methods for inference. We also show that our bounds converge to the sharp nonparametric bounds on counterfactuals as the neighborhood size becomes large. To illustrate the broad applicability of our procedure, we present empirical applications to matching models with transferable utility and dynamic discrete choice models.",48,6.7,10.3982/ECTA17232,https://doi.org/10.3982/ECTA17232,0.9200
Chu16b,Incremental Quantitative Analysis on Dynamic Costs,"D. Chu, J. Jaffar, and V. Murali",2016,2016-07-08,ArXiv,abs/1607.02238,,"In quantitative program analysis, values are assigned to execution traces to represent a quality measure. Such analyses cover important applications, e.g. resource usage. Examining all traces is well known to be intractable and therefore traditional algorithms reason over an over-approximated set. Typically, inaccuracy arises due to inclusion of infeasible paths in this set. Thus path-sensitivity is one cure. However, there is another reason for the inaccuracy: that the cost model, i.e., the way in which the analysis of each trace is quantified, is dynamic. That is, the cost of a trace is dependent on the context in which the trace is executed. Thus the goal of accurate analysis, already challenged by path-sensitivity, is now further challenged by context-sensitivity. 
In this paper, we address the problem of quantitative analysis defined over a dynamic cost model. Our algorithm is an ""anytime"" algorithm: it generates an answer quickly, but if the analysis resource budget allows, it progressively produces better solutions via refinement iterations. The result of each iteration remains sound, but importantly, must converge to an exact analysis when given an unlimited resource budget. In order to be scalable, our algorithm is designed to be incremental. We finally give evidence that a new level of practicality is achieved by an evaluation on a realistic collection of benchmarks.",0,,,https://www.semanticscholar.org/paper/82cd84493022c7b77c1bae6d22cd5a9c79d1cc09,0.9200
Nie24e,Sparse polynomial optimization with matrix constraints,"Jiawang Nie, Zheng Qu, Xindong Tang, and Linghao Zhang",2024,2024-11-27,Journal of Global Optimization,,,"'
 This paper studies the hierarchy of sparse matrix Moment-SOS relaxations for solving sparse polynomial optimization problems with matrix constraints. First, we prove a sufficient and necessary condition for the sparse hierarchy to be tight. Second, we discuss how to detect the tightness and extract minimizers. Third, for the convex case, we show that the hierarchy of the sparse matrix Moment-SOS relaxations is tight, under some general assumptions. In particular, we show that the sparse matrix Moment-SOS relaxation is tight for every order when the problem is SOS-convex. Numerical experiments are provided to show the efficiency of the sparse relaxations.",2,1.4,10.1007/s10898-025-01539-9,https://doi.org/10.1007/s10898-025-01539-9,0.9200
Sch24i,Convergence rates for the moment-SoS hierarchy,"Corbinian Schlosser, Matteo Tacchi, and A. Lazarev",2024,2024-02-01,"Numerical Algebra, Control and Optimization",,,"We introduce a comprehensive framework for analyzing convergence rates for infinite dimensional linear programming problems (LPs) within the context of the moment-sum-of-squares hierarchy. Our primary focus is on extending the existing convergence rate analysis, initially developed for static polynomial optimization, to the more general and challenging domain of the generalized moment problem. We establish an easy-to-follow procedure for obtaining convergence rates. Our methodology is based on, firstly, a state-of-the-art degree bound for Putinar's Positivstellensatz, secondly, quantitative polynomial approximation bounds, and, thirdly, a geometric Slater condition on the infinite dimensional LP. We address a broad problem formulation that encompasses various applications, such as optimal control, volume computation, and exit location of stochastic processes. We illustrate the procedure at these three problems and, using a recent improvement on effective versions of Putinar's Positivstellensatz, we improve existing convergence rates.",9,3.9,10.3934/naco.2025011,https://doi.org/10.3934/naco.2025011,0.9100
Chu15b,Incrementally Precise Quantitative Analysis,"D. Chu, J. Jaffar, and V. Murali",2015,,,,,"We consider the quantitative analysis of programs where executions are assigned real values to represent a quality measure. Such analyses cover important applications particularly for resource usage. The approach used is dominated by some form of Abstract Interpretation (AI) where abstract program properties are propagated through transitions induced by the program. Typical AI implementations are often efficient and scalable; however, their precision could be arbitrarily low, and perhaps more importantly, the level of (im)precision is unknown. An idealized algorithm should be efficient, i.e., generating answers quickly; but if the resource budget allows, should progressively produce better solutions via a number of refinement iterations. The result of each iteration remains sound, but importantly, must converge to the “exact analysis” when given (theoretically) infinite resource budget. A pioneering work in this direction is [6]. In this paper we argue that their algorithm, based on the CEGAR framework, does not scale well, and present an alternative approach to CEGAR using a form of symbolic execution. We produce a more scalable algorithm with several desirable properties and demonstrate it with real programs on two kinds of analyses: a timing analysis and a data flow analysis. We show that in many cases, our iterative method is in fact superior to both AI as well as algorithms designed to run continuously till an exact analysis is found.",0,,,https://www.semanticscholar.org/paper/db727731d5398174334daa38d6c278a46faa303a,0.9000
Fox82,Coupled Successive Approximations for Markov Programs,B. Fox,1982,1982-04-01,Oper. Res.,30,400-403,"Each Markov program corresponds to a pair of linear programs. Constructing successive approximations for the primal and dual variables that are respectively decreasing and increasing allows a mutual stopping criterion based on LP duality. This assumes that ordinary successive approximations have determined an optimal or ϵ-optimal policy but not its value function (exactly). The dual variables approximated are those corresponding to the policy used. In this sense, the dual-variable approximation scheme is piggybacked onto the primal-variable approximation scheme. In another sense, the two schemes are coupled by the reciprocal termination criterion that determines when to stop refining the estimates of both the primal and dual variables.",0,,10.1287/opre.30.2.400,https://doi.org/10.1287/opre.30.2.400,0.9000
Sak17,Exact Semidefinite Programming Relaxations with Truncated Moment Matrix for Binary Polynomial Optimization Problems,"Shinsaku Sakaue, A. Takeda, Sunyoung Kim, and N. Ito",2017,2017-03-30,SIAM J. Optim.,27,565-582,"For binary polynomial optimization problems (POPs) of degree $d$ with $n$ variables, we prove that the $\lceil(n+d-1)/2\rceil$th semidefinite programming (SDP) relaxation in Lasserre's hierarchy of SDP relaxations provides the exact optimal value. If binary POPs involve only even-degree monomials, we show that it can be further reduced to $\lceil(n+d-2)/2\rceil$. This bound on the relaxation order coincides with the conjecture by Laurent in 2003, which was recently proved by Fawzi, Saunderson, and Parrilo, on binary quadratic optimization problems where $d=2$. We also numerically confirm that the bound is tight. More precisely, we present instances of binary POPs that require solving at least the $\lceil(n+d-1)/2\rceil$th SDP relaxation for general binary POPs and the $\lceil(n+d-2)/2\rceil$th SDP relaxation for even-degree binary POPs to obtain the exact optimal values.",17,1.9,10.1137/16M105544X,https://doi.org/10.1137/16M105544X,0.9000
Lue15,The Statistics of Sensitivity Analyses,"Alexander Luedtke, Iván Díaz, and M. J. Laan",2015,,,,,"Suppose one wishes to estimate a causal parameter given a sample of observations. This requires making unidentifiable assumptions about an underlying causal mechanism. Sensitivity analyses help investigators understand what impact violations of these assumptions could have on the causal conclusions drawn from a study, though themselves rely on untestable (but hopefully more interpretable) assumptions. Diaz and van der Laan (2013) advocate the use of a sequence (or continuum) of interpretable untestable assumptions of increasing plausibility for the sensitivity analysis so that experts can have informed opinions about which are true. In this work, we argue that using appropriate statistical procedures when conducting a sensitivity analysis is crucial to drawing valid conclusions about a causal question and understanding what assumptions one would need to make to do so. Conducting a sensitivity analysis typically relies on estimating features of the unknown observed data distribution, and thus naturally leads to statistical problems about which optimality results are already known. We present a general template for efficiently estimating the bounds on the causal parameter resulting from a given untestable assumption. The sequence of assumptions yields a sequence of confidence intervals which, given a suitable statistical procedure, attain proper coverage for the causal parameter if the corresponding assumption is true. We illustrate the pitfalls of an inappropriate statistical procedure with a toy example, and apply our approach to data from the Western Collaborative Group Study to show its utility in practice.",16,1.4,,https://www.semanticscholar.org/paper/05627f9d41596efddb5d28b720aa3c146616a080,0.8800
Koh23b,On Stochastic MPC Formulations with Closed-Loop Guarantees: Analysis and a Unifying Framework,"Johannes Köhler, Ferdinand Geuss, and M. Zeilinger",2023,2023-03-31,2023 62nd IEEE Conference on Decision and Control (CDC),,6692-6699,"We investigate model predictive control (MPC) formulations for linear systems subject to i.i.d. stochastic disturbances with bounded support and chance constraints. Existing stochastic MPC formulations with closed-loop guarantees can be broadly classified in two separate frameworks: i) using robust techniques; ii) feasibility preserving algorithms. We investigate two particular MPC formulations representative for these two frameworks called robust-stochastic MPC and indirect feedback stochastic MPC. We provide a qualitative analysis, highlighting intrinsic limitations of both approaches in different edge cases. Then, we derive a unifying stochastic MPC framework that naturally includes these two formulations as limit cases. This qualitative analysis is complemented with numerical results, showcasing the advantages and limitations of each method.",5,1.6,10.1109/CDC49753.2023.10383313,https://doi.org/10.1109/CDC49753.2023.10383313,0.8800
Leo19,Optimal Path Planning for ω-regular Objectives with Abstraction-Refinement,Yoke Peng Leong and P. Prabhakar,2019,2019-05-01,2019 International Conference on Robotics and Automation (ICRA),,7683-7689,"This paper presents an abstraction-refinement based framework for optimal controller synthesis of discrete-time systems with respect to $\omega$-regular objectives. It first abstracts the discrete-time “concrete” system into a finite weighted transition system using a finite partition of the state-space. Then, a two-player mean payoff parity game is solved on the product of the abstract system and the Büchi automaton corresponding to the $\omega$-regular objective, to obtain an optimal “abstract” controller that satisfies the $\omega$-regular objective. The abstract controller is guaranteed to be implementable in the concrete discrete-time system, with a sub-optimal cost. The abstraction is refined with finer partitions to reduce the suboptimality. In contrast to existing formal controller synthesis algorithms based on abstractions, this technique provides an upper bound on the trajectory cost when implementing the suboptimal controller. A robot surveillance scenario is presented to illustrate the feasibility of the approach.",1,0.1,10.1109/ICRA.2019.8794209,https://doi.org/10.1109/ICRA.2019.8794209,0.8700
Cin19b,Sensitivity Analysis of Linear Structural Causal Models,"Carlos Cinelli, D. Kumor, Bryant Chen, J. Pearl, and E. Bareinboim",2019,2019-05-24,International Conference on Machine Learning,,1252-1261,"Causal inference requires assumptions about the data generating process, many of which are unverifiable from the data. Given that some causal assumptions might be uncertain or disputed, formal methods are needed to quantify how sensitive research conclusions are to violations of those assumptions. Although an extensive literature exists on the topic, most results are limited to specific model structures, while a general-purpose algorithmic framework for sensitivity analysis is still lacking. In this paper, we develop a formal, systematic approach to sensitivity analysis for arbitrary linear Structural Causal Models (SCMs). We start by formalizing sensitivity analysis as a constrained identification problem. We then develop an efficient, graph-based identification algorithm that exploits non-zero constraints on both directed and bidirected edges. This allows researchers to systematically derive sensitivity curves for a target causal quantity with an arbitrary set of path coefficients and error covariances as sensitivity parameters. These results can be used to display the degree to which violations of causal assumptions affect the target quantity of interest, and to judge, on scientific grounds, whether problematic degrees of violations are plausible.",62,8.9,,https://www.semanticscholar.org/paper/b4143c8800740848cc20e6026ca87a58e699de39,0.8600
Tim19,Three-valued bounded model checking with cause-guided abstraction refinement,Nils Timm and S. Gruner,2019,2019-04-01,Sci. Comput. Program.,175,37-62,"Abstract We present a technique for verifying concurrent software systems via SAT-based three-valued bounded model checking. It is based on a direct transfer of the system to be analysed and a temporal logic property into a propositional logic formula that encodes the corresponding model checking problem. In our approach we first employ three-valued abstraction which gives us an abstract system defined over predicates with the possible truth values true, false and unknown. The state space of the abstract system is then logically encoded. The verification result of the encoded three-valued model checking problem can be obtained via two satisfiability checks, one for an over-approximation of the encoding and one for an under-approximation. True and false results can be immediately transferred to the system under consideration. In case of an unknown result, the current abstraction is too imprecise for a definite outcome. In order to achieve the necessary precision, we have developed a novel cause-guided abstraction refinement procedure. An unknown result always entails a truth assignment that only satisfies the over-approximation, but not the under-approximation. We determine the propositional logic clauses of the under-approximation that are not satisfied under the assignment. These clauses contain unknown as a constant. Each unknown is associated with a cause of uncertainty that refers to missing predicates that are required for a definite model checking result. Our procedure adds these predicates to the abstraction and constructs the encoding corresponding to the refined model checking problem. The procedure is iteratively applied until a definite result can be obtained. We have integrated our novel refinement approach into a SAT-based three-valued bounded model checker. In an experimental evaluation, we show that our approach allows to automatically and quickly reach the right level of abstraction for solving software verification tasks.",4,0.6,10.1016/J.SCICO.2019.02.002,https://doi.org/10.1016/J.SCICO.2019.02.002,0.8500
Vil22,Configuration-Constrained Tube MPC,"M. E. Villanueva, Matthias A. Müller, and B. Houska",2022,2022-08-26,Autom.,163,111543,"This paper is about robust Model Predictive Control (MPC) for linear systems with additive and multiplicative uncertainty. A novel class of configuration-constrained polytopic robust forward invariant tubes is introduced, which admit a joint parameterization of their facets and vertices. They are the foundation for the development of novel Configuration-Constrained Tube MPC (CCTMPC) controllers that freely optimize the shape of their polytopic tube, subject to conic vertex configuration constraints, as well as associated vertex control laws by solving convex optimization problems online. It is shown that CCTMPC is -- under appropriate assumptions -- systematically less conservative than Rigid- and Homothetic- Tube MPC. Additionally, it is proven that there exist control systems for which CCTMPC is less conservative than Elastic Tube MPC, Disturbance Affine Feedback MPC, and Fully Parameterized Tube MPC.",34,9.1,10.1016/j.automatica.2024.111543,https://doi.org/10.1016/j.automatica.2024.111543,0.8500
Dam03,Comparing Abstraction Refinement Algorithms,D. Dams,2003,2003-09-01,SoftMC@CAV,,405-416,"Abstract We present a generic algorithm that provides a unifying scheme for the comparison of abstraction refinement algorithms. It is centered around the notion of refinement cue which generalizes counterexamples. It is demonstrated how the essential features of several refinement algorithms can be captured as instances. We argue that the generic algorithm does not limit the completeness of instances, and show that the proposed generalization of counterexamples is necessary for completeness — thus addressing a shortcoming of more limited notions of counterexample-guided refinement.",9,0.4,10.1016/S1571-0661(05)80003-9,https://doi.org/10.1016/S1571-0661(05)80003-9,0.8500
Ng12,Multifidelity Uncertainty Quantification Using Non-Intrusive Polynomial Chaos and Stochastic Collocation,L. W. Ng and M. Eldred,2012,2012-04-23,,,,"This paper explores the extension of multifidelity modeling concepts to the field of uncertainty quantification. Motivated by local correction functions that enable the provable convergence of a multifidelity optimization approach to an optimal high-fidelity point solution, we extend these ideas to global discrepancy modeling within a stochastic domain and seek convergence of a multifidelity uncertainty quantification process to globally integrated high-fidelity statistics. For constructing stochastic models of both the low fidelity model and the model discrepancy, we employ stochastic expansion methods (nonintrusive polynomial chaos and stochastic collocation) computed from sparse grids, where we seek to employ a coarsely resolved grid for the discrepancy in combination with a more finely resolved grid for the low fidelity model. The resolutions of these grids may be statically defined or determined through uniform and adaptive refinement processes. Adaptive refinement is particularly attractive, as it has the ability to preferentially target stochastic regions where the model discrepancy becomes more complex; i.e., where the predictive capabilities of the low-fidelity model start to break down and greater reliance on the high fidelity model (via the discrepancy) is necessary. These adaptive refinement processes can either be performed separately for the different sparse grids or within a unified multifidelity algorithm. In particular, we propose an adaptive greedy multifidelity approach in which we extend the generalized sparse grid concept to consider candidate index set refinements drawn from multiple sparse grids. We demonstrate that the multifidelity UQ process converges more rapidly than a single-fidelity UQ in cases where the variance of the discrepancy is reduced relative to the variance of the high fidelity model (resulting in reductions in initial stochastic error) and/or where the spectrum of the expansion coefficients of the model discrepancy decays more rapidly than that of the high-fidelity model (resulting in accelerated convergence rates).",206,15,10.2514/6.2012-1852,https://doi.org/10.2514/6.2012-1852,0.8300
Shp14,CAUSAL INFERENCE WITH A GRAPHICAL HIERARCHY OF INTERVENTIONS.,I. Shpitser and E. Tchetgen,2014,2014-11-08,Annals of statistics,44 6,"'
          2433-2466
        ","Identifying causal parameters from observational data is fraught with subtleties due to the issues of selection bias and confounding. In addition, more complex questions of interest, such as effects of treatment on the treated and mediated effects may not always be identified even in data where treatment assignment is known and under investigator control, or may be identified under one causal model but not another. Increasingly complex effects of interest, coupled with a diversity of causal models in use resulted in a fragmented view of identification. This fragmentation makes it unnecessarily difficult to determine if a given parameter is identified (and in what model), and what assumptions must hold for this to be the case. This, in turn, complicates the development of estimation theory and sensitivity analysis procedures. In this paper, we give a unifying view of a large class of causal effects of interest, including novel effects not previously considered, in terms of a hierarchy of interventions, and show that identification theory for this large class reduces to an identification theory of random variables under interventions from this hierarchy. Moreover, we show that one type of intervention in the hierarchy is naturally associated with queries identified under the Finest Fully Randomized Causally Interpretable Structure Tree Graph (FFRCISTG) model of Robins (via the extended g-formula), and another is naturally associated with queries identified under the Non-Parametric Structural Equation Model with Independent Errors (NPSEM-IE) of Pearl, via a more general functional we call the edge g-formula. Our results motivate the study of estimation theory for the edge g-formula, since we show it arises both in mediation analysis, and in settings where treatment assignment has unobserved causes, such as models associated with Pearl's front-door criterion.",52,4.5,10.1214/15-AOS1411,https://doi.org/10.1214/15-AOS1411,0.8300
Jak19,Adaptive multi‐index collocation for uncertainty quantification and sensitivity analysis,"J. Jakeman, M. Eldred, G. Geraci, and A. Gorodetsky",2019,2019-09-30,International Journal for Numerical Methods in Engineering,121,1314 - 1343,"In this paper, we present an adaptive algorithm to construct response surface approximations of high‐fidelity models using a hierarchy of lower fidelity models. Our algorithm is based on multi‐index stochastic collocation and automatically balances physical discretization error and response surface error to construct an approximation of model outputs. This surrogate can be used for uncertainty quantification (UQ) and sensitivity analysis (SA) at a fraction of the cost of a purely high‐fidelity approach. We demonstrate the effectiveness of our algorithm on a canonical test problem from the UQ literature and a complex multiphysics model that simulates the performance of an integrated nozzle for an unmanned aerospace vehicle. We find that, when the input‐output response is sufficiently smooth, our algorithm produces approximations that can be over two orders of magnitude more accurate than single fidelity approximations for a fixed computational budget.",56,8.4,10.1002/nme.6268,https://doi.org/10.1002/nme.6268,0.8200
Bou07d,Abstract Regular Model Checking ⋆,"A. Bouajjani, P. Habermehl, and Tom´aˇs Vojnar",2007,,,,,". We propose abstract regular model checking as a new generic technique for veriﬁcation of parametric and inﬁnite-state systems. The technique combines the two approaches of regular model checking and veriﬁcation by abstraction. We propose a general framework of the method as well as several concrete ways of abstracting automata or transducers, which we use for modelling systems and encoding sets of their conﬁgurations as usual in regular model checking. The abstraction is based on collapsing states of automata (or transducers) and its precision is being incrementally adjusted by analysing spurious counterexamples. We illustrate the technique on veriﬁcation of a wide range of systems including a novel application of automata-based techniques to an example of systems with dynamic linked data structures.",153,7.9,,https://www.semanticscholar.org/paper/a2af42714262aa91faa30f75a03742d5b4ee866f,0.8200
Pea95d,Causal diagrams for empirical research,J. Pearl,1995,1995-12-01,Biometrika,82,669-688,"SUMMARY The primary aim of this paper is to show how graphical models can be used as a mathematical language for integrating statistical and subject-matter information. In particular, the paper develops a principled, nonparametric framework for causal inference, in which diagrams are queried to determine if the assumptions available are sufficient for identifying causal effects from nonexperimental data. If so the diagrams can be queried to produce mathematical expressions for causal effects in terms of observed distributions; otherwise, the diagrams can be queried to suggest additional observations or auxiliary experiments from which the desired inferences can be obtained.",2765,91,10.1093/BIOMET/82.4.669,https://doi.org/10.1093/BIOMET/82.4.669,0.7900
Cho15c,Robust Policy Optimization with Baseline Guarantees,"Yinlam Chow, Marek Petrik, and M. Ghavamzadeh",2015,2015-06-15,arXiv: Optimization and Control,,,"Our goal is to compute a policy that guarantees improved return over a baseline policy even when the available MDP model is inaccurate. The inaccurate model may be constructed, for example, by system identification techniques when the true model is inaccessible. When the modeling error is large, the standard solution to the constructed model has no performance guarantees with respect to the true model. In this paper we develop algorithms that provide such performance guarantees and show a trade-off between their complexity and conservatism. Our novel model-based safe policy search algorithms leverage recent advances in robust optimization techniques. Furthermore we illustrate the effectiveness of these algorithms using a numerical example.",11,1.0,,https://www.semanticscholar.org/paper/aa49162f17064f305198fda490a773fca2696eae,0.7800
Mey17,Abstraction refinement and plan revision for control synthesis under high level specifications,Pierre-Jean Meyer and Dimos V. Dimarogonas,2017,2017-07-01,IFAC-PapersOnLine,50,9254-9259,"Abstract This paper presents a novel framework combining abstraction refinement and plan revision for control synthesis problems under temporal logic specifications. The control problem is first solved on a simpler nominal model in order to obtain a satisfying plan to be followed by the real system. A controller synthesis is then attempted for an abstraction of the real system to follow this plan. Upon failure of this synthesis, cost functions are defined to guide towards either refining the initially coarse partition to obtain a finer abstraction, or looking for an alternative plan using the nominal model as above. This tentative synthesis is then repeated until a plan and an abstraction of the real system able to follow this plan are found. The obtained controller also ensures that the real system satisfies the initial specification.",6,0.7,10.1016/J.IFACOL.2017.08.1292,https://doi.org/10.1016/J.IFACOL.2017.08.1292,0.7800
Kul13,An Optimizer's Approach to Stochastic Control Problems With Nonclassical Information Structures,Ankur A. Kulkarni and T. Coleman,2013,2013-09-15,IEEE Transactions on Automatic Control,60,937-949,"We present a general optimization-based framework for stochastic control problems with nonclassical information structures. We cast these problems equivalently as optimization problems on joint distributions. The resulting problems are necessarily nonconvex. Our approach to solving them is through convex relaxation . We solve the instance solved by Bansal and Başar (“Stochastic teams with nonclassical information revisited: When is an affine law optimal?”, IEEE Trans. Automatic Control, 1987) with a particular application of this approach that uses the data processing inequality for constructing the convex relaxation. Using certain f-divergences, we obtain a new, larger set of inverse optimal cost functions for such problems. Insights are obtained on the relation between the structure of cost functions and of convex relaxations for inverse optimal control.",34,2.7,10.1109/CDC.2012.6426030,https://doi.org/10.1109/CDC.2012.6426030,0.7400
Stu05,SYNTHESIS OF SUPERVISORY CONTROLLERS FOR HYBRID SYSTEMS USING ABSTRACTION REFINEMENT,O. Stursberg,2005,,IFAC Proceedings Volumes,38,253-258,"Abstract For the computationally challenging task of synthesizing supervisory controllers for hybrid systems, this paper suggests to use guided abstraction refinement. Starting from a discrete abstraction of the hybrid model, so-called candidate paths are determined as possible controlled evolutions which satisfy given specifications for safety and goal attainment. A specialized validation procedure is used to check if the corresponding control strategies satisfy the specifications also for the original hybrid system. If not, the abstract model is refined according to the validation result. Since different validation methods (with different computational costs) are used, reachable hybrid sets have to be computed only for relatively few combinations of control inputs and locations of the hybrid automaton.",8,0.4,10.3182/20050703-6-CZ-1902.00327,https://doi.org/10.3182/20050703-6-CZ-1902.00327,0.7400
