Cite Key,Title,Authors,Year,Publication Date,Journal,Volume,Pages,Abstract,Citation Count,Citations/Year,DOI,URL,Relevance Score
Tis00,The information bottleneck method,"Naftali Tishby, Fernando C Pereira, and W. Bialek",2000,2000-04-24,ArXiv,physics/0004057,,"We define the relevant information in a signal $x\in X$ as being the information that this signal provides about another signal $y\in \Y$. Examples include the information that face images provide about the names of the people portrayed, or the information that speech sounds provide about the words spoken. Understanding the signal $x$ requires more than just predicting $y$, it also requires specifying which features of $\X$ play a role in the prediction. We formalize this problem as that of finding a short code for $\X$ that preserves the maximum information about $\Y$. That is, we squeeze the information that $\X$ provides about $\Y$ through a `bottleneck' formed by a limited set of codewords $\tX$. This constrained optimization problem can be seen as a generalization of rate distortion theory in which the distortion measure $d(x,\x)$ emerges from the joint statistics of $\X$ and $\Y$. This approach yields an exact set of self consistent equations for the coding rules $X \to \tX$ and $\tX \to \Y$. Solutions to these equations can be found by a convergent re-estimation method that generalizes the Blahut-Arimoto algorithm. Our variational principle provides a surprisingly rich framework for discussing a variety of problems in signal processing and learning, as will be described in detail elsewhere.",4311,165,,https://www.semanticscholar.org/paper/4ef483f819e11873822416042a4b6dc4652e010c,4.9500
Sha99,"Computational Mechanics: Pattern and Prediction, Structure and Simplicity",C. Shalizi and J. Crutchfield,1999,1999-07-01,Journal of Statistical Physics,104,817-879,"Computational mechanics, an approach to structural complexity, defines a process's causal states and gives a procedure for finding them. We show that the causal-state representation—an ∈-machine—is the minimal one consistent with accurate prediction. We establish several results on ∈-machine optimality and uniqueness and on how ∈-machines compare to alternative representations. Further results relate measures of randomness and structural complexity obtained from ∈-machines to those from ergodic and information theories.",523,19,10.1023/A:1010388907793,https://doi.org/10.1023/A:1010388907793,4.4000
Cre09,Past-future information bottleneck in dynamical systems.,"F. Creutzig, A. Globerson, and Naftali Tishby",2009,2009-04-27,"Physical review. E, Statistical, nonlinear, and soft matter physics",79 4 Pt 1,"'
          041925
        ","Biological systems need to process information in real time and must trade off accuracy of presentation and coding costs. Here we operationalize this trade-off and develop an information-theoretic framework that selectively extracts information of the input past that is predictive about the output future, obtaining a generalized eigenvalue problem. Thereby, we unravel the input history in terms of structural phase transitions corresponding to additional dimensions of a state space. We elucidate the relation to canonical correlation analysis and give a numerical example. Altogether, this work relates information-theoretic optimization to the joint problem of system identification and model reduction.",88,5.2,10.1103/PHYSREVE.79.041925,https://doi.org/10.1103/PHYSREVE.79.041925,3.5500
Mar14b,Circumventing the Curse of Dimensionality in Prediction: Causal Rate-Distortion for Infinite-Order Markov Processes,Sarah E. Marzen and J. Crutchfield,2014,2014-12-08,ArXiv,abs/1412.2859,,"Author(s): Marzen, Sarah; Crutchfield, James P | Abstract: Predictive rate-distortion analysis suffers from the curse of dimensionality: clustering arbitrarily long pasts to retain information about arbitrarily long futures requires resources that typically grow exponentially with length. The challenge is compounded for infinite-order Markov processes, since conditioning on finite sequences cannot capture all of their past dependencies. Spectral arguments show that algorithms which cluster finite-length sequences fail dramatically when the underlying process has long-range temporal correlations and can fail even for processes generated by finite-memory hidden Markov models. We circumvent the curse of dimensionality in rate-distortion analysis of infinite-order processes by casting predictive rate-distortion objective functions in terms of the forward- and reverse-time causal states of computational mechanics. Examples demonstrate that the resulting causal rate-distortion theory substantially improves current predictive rate-distortion analyses.",10,0.9,,https://www.semanticscholar.org/paper/5308a461868cde8b8d175eee0de4eea699028d14,3.3500
Mar16,Predictive Rate-Distortion for Infinite-Order Markov Processes,Sarah E. Marzen and J. Crutchfield,2016,2016-05-03,Journal of Statistical Physics,163,1312 - 1338,,35,3.5,10.1007/s10955-016-1520-1,https://doi.org/10.1007/s10955-016-1520-1,3.0500
Sha00,"Information Bottlenecks, Causal States, and Statistical Relevance Bases: How to Represent Relevant Information in memoryless transduction",C. Shalizi and J. Crutchfield,2000,2000-06-16,Adv. Complex Syst.,5,91-96,"Discovering relevant, but possibly hidden, variables is a key step in constructing useful and predictive theories about the natural world. This brief note explains the connections between three approaches to this problem: the recently introduced information-bottleneck method, the computational mechanics approach to inferring optimal models, and Salmon's statistical relevance basis.",36,1.4,10.1142/S0219525902000481,https://doi.org/10.1142/S0219525902000481,2.9500
Sti14,Information Bottleneck Approach to Predictive Inference,Susanne Still,2014,2014-02-17,Entropy,16,968-989,"This paper synthesizes a recent line of work on automated predictive model making inspired by Rate-Distortion theory, in particular by the Information Bottleneck method. Predictive inference is interpreted as a strategy for efficient communication. The relationship to thermodynamic efficiency is discussed. The overall aim of this paper is to explain how this information theoretic approach provides an intuitive, overarching framework for predictive inference.",62,5.1,10.3390/e16020968,https://doi.org/10.3390/e16020968,2.8500
Bia00,"Predictability, Complexity, and Learning","W. Bialek, I. Nemenman, and Naftali Tishby",2000,2000-07-19,Neural Computation,13,2409-2463,"We define predictive information Ipred(T) as the mutual information between the past and the future of a time series. Three qualitatively different behaviors are found in the limit of large observation times T: Ipred(T) can remain finite, grow logarithmically, or grow as a fractional power law. If the time series allows us to learn a model with a finite number of parameters, then Ipred(T) grows logarithmically with a coefficient that counts the dimensionality of the model space. In contrast, power-law growth is associated, for example, with the learning of infinite parameter (or non-parametric) models such as continuous functions with smoothness constraints. There are connections between the predictive information and measures of complexity that have been defined both in learning theory and the analysis of physical systems through statistical mechanics and dynamical systems theory. Furthermore, in the same way that entropy provides the unique measure of available information consistent with some simple and plausible conditions, we argue that the divergent part of Ipred(T) provides the unique measure for the complexity of dynamics underlying a time series. Finally, we discuss how these ideas may be useful in problems in physics, statistics, and biology.",216,8.4,10.1162/089976601753195969,https://doi.org/10.1162/089976601753195969,2.6500
Lit01,Predictive Representations of State,"M. Littman, R. Sutton, and Satinder Singh",2001,2001-01-03,Neural Information Processing Systems,,1555-1561,"We show that states of a dynamical system can be usefully represented by multi-step, action-conditional predictions of future observations. State representations that are grounded in data in this way may be easier to learn, generalize better, and be less dependent on accurate prior models than, for example, POMDP state representations. Building on prior work by Jaeger and by Rivest and Schapire, in this paper we compare and contrast a linear specialization of the predictive approach with the state representations used in POMDPs and in k-order Markov models. Ours is the first specific formulation of the predictive idea that includes both stochasticity and actions (controls). We show that any system has a linear predictive state representation with number of predictions no greater than the number of states in its minimal POMDP model.",600,24,,https://www.semanticscholar.org/paper/4a7de0669fd835b2efcab97c7d3dc28ea7a1e6a3,2.4500
Sin04,Predictive State Representations: A New Theory for Modeling Dynamical Systems,"Satinder Singh, Michael R. James, and Matthew R. Rudary",2004,2004-07-07,Conference on Uncertainty in Artificial Intelligence,,512-518,"Modeling dynamical systems, both for control purposes and to make predictions about their behavior, is ubiquitous in science and engineering. Predictive state representations (PSRs) are a recently introduced class of models for discrete-time dynamical systems. The key idea behind PSRs and the closely related OOMs (Jaeger's observable operator models) is to represent the state of the system as a set of predictions of observable outcomes of experiments one can do in the system. This makes PSRs rather different from history-based models such as nth-order Markov models and hidden-state-based models such as HMMs and POMDPs. We introduce an interesting construct, the system-dynamics matrix, and show how PSRs can be derived simply from it. We also use this construct to show formally that PSRs are more general than both nth-order Markov models and HMMs/POMDPs. Finally, we discuss the main difference between PSRs and OOMs and conclude with directions for future work.",298,14,,https://www.semanticscholar.org/paper/532c61a2af5cde64628d0cdd2ba0823800118d0f,2.2500
Sub20,Approximate information state for approximate planning and reinforcement learning in partially observed systems,"Jayakumar Subramanian, Amit Sinha, Raihan Seraj, and A. Mahajan",2020,2020-10-17,ArXiv,abs/2010.08843,,"We propose a theoretical framework for approximate planning and learning in partially observed systems. Our framework is based on the fundamental notion of information state. We provide two equivalent definitions of information state---i) a function of history which is sufficient to compute the expected reward and predict its next value; ii) equivalently, a function of the history which can be recursively updated and is sufficient to compute the expected reward and predict the next observation. An information state always leads to a dynamic programming decomposition. Our key result is to show that if a function of the history (called approximate information state (AIS)) approximately satisfies the properties of the information state, then there is a corresponding approximate dynamic program. We show that the policy computed using this is approximately optimal with bounded loss of optimality. We show that several approximations in state, observation and action spaces in literature can be viewed as instances of AIS. In some of these cases, we obtain tighter bounds. A salient feature of AIS is that it can be learnt from data. We present AIS based multi-time scale policy gradient algorithms. and detailed numerical experiments with low, moderate and high dimensional environments.",112,20,,https://www.semanticscholar.org/paper/abde7540643e5093cba41a2e4554116bb9241980,2.0500
Fri12c,A Free Energy Principle for Biological Systems.,Karl J. Friston,2012,2012-10-31,Entropy,14 11,"'
          2100-2121
        ","This paper describes a free energy principle that tries to explain the ability of biological systems to resist a natural tendency to disorder. It appeals to circular causality of the sort found in synergetic formulations of self-organization (e.g., the slaving principle) and models of coupled dynamical systems, using nonlinear Fokker Planck equations. Here, circular causality is induced by separating the states of a random dynamical system into external and internal states, where external states are subject to random fluctuations and internal states are not. This reduces the problem to finding some (deterministic) dynamics of the internal states that ensure the system visits a limited number of external states; in other words, the measure of its (random) attracting set, or the Shannon entropy of the external states is small. We motivate a solution using a principle of least action based on variational free energy (from statistical physics) and establish the conditions under which it is formally equivalent to the information bottleneck method. This approach has proved useful in understanding the functional architecture of the brain. The generality of variational free energy minimisation and corresponding information theoretic formulations may speak to interesting applications beyond the neurosciences; e.g., in molecular or evolutionary biology.",285,21,10.3390/E14112100,https://doi.org/10.3390/E14112100,1.9500
Fri12,Active inference and agency: optimal control without cost functions,"Karl J. Friston, Spyridon Samothrakis, and P. Montague",2012,2012-10-01,Biological Cybernetics,106,523-541,"This paper describes a variational free-energy formulation of (partially observable) Markov decision problems in decision making under uncertainty. We show that optimal control can be cast as active inference. In active inference, both action and posterior beliefs about hidden states minimise a free energy bound on the negative log-likelihood of observed states, under a generative model. In this setting, reward or cost functions are absorbed into prior beliefs about state transitions and terminal states. Effectively, this converts optimal control into a pure inference problem, enabling the application of standard Bayesian filtering techniques. We then consider optimal trajectories that rest on posterior beliefs about hidden states in the future. Crucially, this entails modelling control as a hidden state that endows the generative model with a representation of agency. This leads to a distinction between models with and without inference on hidden control states; namely, agency-free and agency-based models, respectively.",223,16,10.1007/s00422-012-0512-8,https://doi.org/10.1007/s00422-012-0512-8,1.8500
Fri10,Action and behavior: a free-energy formulation,"Karl J. Friston, J. Daunizeau, J. Kilner, and S. Kiebel",2010,2010-03-01,Biological Cybernetics,102,227-260,"We have previously tried to explain perceptual inference and learning under a free-energy principle that pursues Helmholtz’s agenda to understand the brain in terms of energy minimization. It is fairly easy to show that making inferences about the causes of sensory data can be cast as the minimization of a free-energy bound on the likelihood of sensory inputs, given an internal model of how they were caused. In this article, we consider what would happen if the data themselves were sampled to minimize this bound. It transpires that the ensuing active sampling or inference is mandated by ergodic arguments based on the very existence of adaptive agents. Furthermore, it accounts for many aspects of motor behavior; from retinal stabilization to goal-seeking. In particular, it suggests that motor control can be understood as fulfilling prior expectations about proprioceptive sensations. This formulation can explain why adaptive behavior emerges in biological agents and suggests a simple alternative to optimal control theory. We illustrate these points using simulations of oculomotor control and then apply to same principles to cued and goal-directed movements. In short, the free-energy formulation may provide an alternative perspective on the motor control that places it in an intimate relationship with perception.",734,45,10.1007/s00422-010-0364-z,https://doi.org/10.1007/s00422-010-0364-z,1.7500
Par18,Generalised free energy and active inference,Thomas Parr and Karl J. Friston,2018,2018-04-23,Biological Cybernetics,113,495 - 513,"Active inference is an approach to understanding behaviour that rests upon the idea that the brain uses an internal generative model to predict incoming sensory data. The fit between this model and data may be improved in two ways. The brain could optimise probabilistic beliefs about the variables in the generative model (i.e. perceptual inference). Alternatively, by acting on the world, it could change the sensory data, such that they are more consistent with the model. This implies a common objective function (variational free energy) for action and perception that scores the fit between an internal model and the world. We compare two free energy functionals for active inference in the framework of Markov decision processes. One of these is a functional of beliefs (i.e. probability distributions) about states and policies, but a function of observations, while the second is a functional of beliefs about all three. In the former (expected free energy), prior beliefs about outcomes are not part of the generative model (because they are absorbed into the prior over policies). Conversely, in the second (generalised free energy), priors over outcomes become an explicit component of the generative model. When using the free energy function, which is blind to future observations, we equip the generative model with a prior over policies that ensure preferred (i.e. priors over) outcomes are realised. In other words, if we expect to encounter a particular kind of outcome, this lends plausibility to those policies for which this outcome is a consequence. In addition, this formulation ensures that selected policies minimise uncertainty about future outcomes by minimising the free energy expected in the future. When using the free energy functional—that effectively treats future observations as hidden states—we show that policies are inferred or selected that realise prior preferences by minimising the free energy of future expectations. Interestingly, the form of posterior beliefs about policies (and associated belief updating) turns out to be identical under both formulations, but the quantities used to compute them are not.",235,29,10.1007/s00422-019-00805-w,https://doi.org/10.1007/s00422-019-00805-w,1.6200
Tis11,Information Theory of Decisions and Actions,Naftali Tishby and D. Polani,2011,,,,601-636,,314,20,10.1007/978-1-4419-1452-1_19,https://doi.org/10.1007/978-1-4419-1452-1_19,1.5500
Sti07b,Information-theoretic approach to interactive learning,Susanne Still,2007,2007-09-12,EPL (Europhysics Letters),85,28005,"The principles of statistical mechanics and information theory play an important role in learning and have inspired both theory and the design of numerous machine learning algorithms. The new aspect in this paper is a focus on integrating feedback from the learner. A quantitative approach to interactive learning and adaptive behavior is proposed, integrating model- and decision-making into one theoretical framework. This paper follows simple principles by requiring that the observer's world model and action policy should result in maximal predictive power at minimal complexity. Classes of optimal action policies and of optimal models are derived from an objective function that reflects this trade-off between prediction and complexity. The resulting optimal models then summarize, at different levels of abstraction, the process's causal organization in the presence of the learner's actions. A fundamental consequence of the proposed principle is that the learner's optimal action policies balance exploration and control as an emerging property. Interestingly, the explorative component is present in the absence of policy randomness, i.e. in the optimal deterministic behavior. This is a direct result of requiring maximal predictive power in the presence of feedback.",84,4.5,10.1209/0295-5075/85/28005,https://doi.org/10.1209/0295-5075/85/28005,1.4800
Sti07,Optimal Causal Inference,"Susanne Still, J. Crutchfield, and C. J. Ellison",2007,2007-08-11,ArXiv,abs/0708.1580,,"We consider an information-theoretic objective function for statistical modeling of time series that embodies a parametrized trade-off between the predictive power of a model and the model’s complexity. We study two distinct cases of optimal causal inference, which we call optimal causal filtering (OCF) and optimal causal estimation (OCE). OCF corresponds to the ideal case of having infinite data. We show that OCF leads to the exact causal architecture of a stochastic process, in the limit in which the trade-off parameter tends to zero, thereby emphasizing prediction. Specifically, the filtering method reconstructs exactly the hidden, causal states. More generally, we establish that the method leads to a graded model-complexity hierarchy of approximations to the causal architecture. We show for nonideal cases with finite data (OCE) that the correct number of states can be found by adjusting for statistical fluctuations in probability estimates.",11,0.6,,https://www.semanticscholar.org/paper/0c8c8cd4275c7f3505ba0250d7f1be54842d9440,1.4200
Sti12,The thermodynamics of prediction,"Susanne Still, David A. Sivak, A. Bell, and G. Crooks",2012,2012-03-15,Physical review letters,109 12,"'
          120604
        ","A system responding to a stochastic driving signal can be interpreted as computing, by means of its dynamics, an implicit model of the environmental variables. The system's state retains information about past environmental fluctuations, and a fraction of this information is predictive of future ones. The remaining nonpredictive information reflects model complexity that does not improve predictive power, and thus represents the ineffectiveness of the model. We expose the fundamental equivalence between this model inefficiency and thermodynamic inefficiency, measured by dissipation. Our results hold arbitrarily far from thermodynamic equilibrium and are applicable to a wide range of systems, including biomolecular machines. They highlight a profound connection between the effective use of information and efficient thermodynamic operation: any system constructed to keep memory about its environment and to operate with maximal energetic efficiency has to be predictive.",250,18,10.1103/PhysRevLett.109.120604,https://doi.org/10.1103/PhysRevLett.109.120604,1.3600
Cru89,Inferring statistical complexity.,J. Crutchfield and K. Young,1989,1989-07-10,Physical review letters,63 2,"'
          105-108
        ",Statistical mechanics is used to describe the observed information processing complexity of nonlinear dynamical systems. We introduce a measure of complexity distinct from and dual to the information theoretic entropies and dimensions. A technique is presented that directly reconstructs minimal equations of motion from the recursive structure of measurement sequences. Application to the period-doubling cascade demonstrates a form of superuniversality that refers only to the entropy and complexity of a data stream.,973,26,10.1103/PHYSREVLETT.63.105,https://doi.org/10.1103/PHYSREVLETT.63.105,1.3200
Ast65,Optimal control of Markov processes with incomplete state information,K. Åström,1965,1965-02-01,Journal of Mathematical Analysis and Applications,10,174-205,,930,15,10.1016/0022-247X(65)90154-X,https://doi.org/10.1016/0022-247X(65)90154-X,1.2800
Str65,Sufficient statistics in the optimum control of stochastic systems,C. Striebel,1965,1965-12-01,Journal of Mathematical Analysis and Applications,12,576-592,,200,3.3,10.1016/0022-247X(65)90027-2,https://doi.org/10.1016/0022-247X(65)90027-2,1.2200
Ham13,Efficient learning and planning with compressed predictive states,"William L. Hamilton, M. M. Fard, and Joelle Pineau",2013,2013-12-01,J. Mach. Learn. Res.,15,3395-3439,"Predictive state representations (PSRs) offer an expressive framework for modelling partially observable systems. By compactly representing systems as functions of observable quantities, the PSR learning approach avoids using local-minima prone expectation-maximization and instead employs a globally optimal moment-based algorithm. Moreover, since PSRs do not require a predetermined latent state structure as an input, they offer an attractive framework for model-based reinforcement learning when agents must plan without a priori access to a system model. Unfortunately, the expressiveness of PSRs comes with significant computational cost, and this cost is a major factor inhibiting the use of PSRs in applications. In order to alleviate this shortcoming, we introduce the notion of compressed PSRs (CPSRs). The CPSR learning approach combines recent advancements in dimensionality reduction, incremental matrix decomposition, and compressed sensing. We show how this approach provides a principled avenue for learning accurate approximations of PSRs, drastically reducing the computational costs associated with learning while also providing effective regularization. Going further, we propose a planning framework which exploits these learned models. And we show that this approach facilitates model-learning and planning in large complex partially observable domains, a task that is infeasible without the principled use of compression.",43,3.4,10.5555/2627435.2750354,https://doi.org/10.5555/2627435.2750354,1.1800
Boo10,Predictive State Temporal Difference Learning,Byron Boots and Geoffrey J. Gordon,2010,2010-10-29,Neural Information Processing Systems,,271-279,"We propose a new approach to value function approximation which combines linear temporal difference reinforcement learning with subspace identification. In practical applications, reinforcement learning (RL) is complicated by the fact that state is either high-dimensional or partially observable. Therefore, RL methods are designed to work with features of state rather than state itself, and the success or failure of learning is often determined by the suitability of the selected features. By comparison, subspace identification (SSID) methods are designed to select a feature set which preserves as much information as possible about state. In this paper we connect the two approaches, looking at the problem of reinforcement learning with a large set of features, each of which may only be marginally useful for value function approximation. We introduce a new algorithm for this situation, called Predictive State Temporal Difference (PSTD) learning. As in SSID for predictive state representations, PSTD finds a linear compression operator that projects a large set of features down to a small set that preserves the maximum amount of predictive information. As in RL, PSTD then uses a Bellman recursion to estimate a value function. We discuss the connection between PSTD and prior approaches in RL and SSID. We prove that PSTD is statistically consistent, perform several experiments that illustrate its properties, and demonstrate its potential on a difficult optimal stopping problem.",49,3.1,,https://www.semanticscholar.org/paper/c3e84987d911a2f3a02cd32f30507ca7169f1b0c,1.1400
Ort15,Information-Theoretic Bounded Rationality,"Pedro A. Ortega, Daniel A. Braun, Justin Dyer, Kee-Eung Kim, and Naftali Tishby",2015,2015-12-21,ArXiv,abs/1512.06789,,"Bounded rationality, that is, decision-making and planning under resource limitations, is widely regarded as an important open problem in artificial intelligence, reinforcement learning, computational neuroscience and economics. This paper offers a consolidated presentation of a theory of bounded rationality based on information-theoretic ideas. We provide a conceptual justification for using the free energy functional as the objective function for characterizing bounded-rational decisions. This functional possesses three crucial properties: it controls the size of the solution space; it has Monte Carlo planners that are exact, yet bypass the need for exhaustive search; and it captures model uncertainty arising from lack of evidence or from interacting with other agents having unknown intentions. We discuss the single-step decision-making case, and show how to extend it to sequential decisions using equivalence transformations. This extension yields a very general class of decision problems that encompass classical decision rules (e.g. EXPECTIMAX and MINIMAX) as limit cases, as well as trust- and risk-sensitive planning.",57,5.5,,https://www.semanticscholar.org/paper/a5a6611134e82077184a2d3b7a336c75402cdaaf,1.1200
Ort08,A Minimum Relative Entropy Principle for Learning and Acting,Pedro A. Ortega and Daniel A. Braun,2008,2008-10-20,ArXiv,abs/0810.3605,,"This paper proposes a method to construct an adaptive agent that is universal with respect to a given class of experts, where each expert is designed specifically for a particular environment. This adaptive control problem is formalized as the problem of minimizing the relative entropy of the adaptive agent from the expert that is most suitable for the unknown environment. If the agent is a passive observer, then the optimal solution is the well-known Bayesian predictor. However, if the agent is active, then its past actions need to be treated as causal interventions on the I/O stream rather than normal probability conditions. Here it is shown that the solution to this new variational problem is given by a stochastic controller called the Bayesian control rule, which implements adaptive behavior as a mixture of experts. Furthermore, it is shown that under mild assumptions, the Bayesian control rule converges to the control law of the most suitable expert.",126,7.2,10.1613/JAIR.3062,https://doi.org/10.1613/JAIR.3062,1.0900
Tio17,A Unified Bellman Equation for Causal Information and Value in Markov Decision Processes,Stas Tiomkin and Naftali Tishby,2017,2017-03-05,ArXiv,abs/1703.01585,,"The interaction between an artificial agent and its environment is bi-directional. The agent extracts relevant information from the environment, and affects the environment by its actions in return to accumulate high expected reward. Standard reinforcement learning (RL) deals with the expected reward maximization. However, there are always information-theoretic limitations that restrict the expected reward, which are not properly considered by the standard RL. In this work we consider RL objectives with information-theoretic limitations. For the first time we derive a Bellman-type recursive equa- tion for the causal information between the environment and the agent, which is combined plausibly with the Bellman recursion for the value function. The unified equitation serves to explore the typical behavior of artificial agents in an infinite time horizon.",30,3.3,,https://www.semanticscholar.org/paper/f5f235579f02d9fad0d18cd19795de7e45c2f8eb,1.0600
Bia99,Predictive Information,W. Bialek and Naftali Tishby,1999,1999-02-25,,,,"Observations on the past provide some hints about what will happen in the future, and this can be quantified using information theory. The ``predictive information'' defined in this way has connections to measures of complexity that have been proposed both in the study of dynamical systems and in mathematical statistics. In particular, the predictive information diverges when the observed data stream allows us to learn an increasingly precise model for the dynamics that generate the data, and the structure of this divergence measures the complexity of the model. We argue that divergent contributions to the predictive information provide the only measure of complexity or richness that is consistent with certain plausible requirements.",54,2.0,,https://www.semanticscholar.org/paper/3068a485e76bc6e7d274aa8e7b68ccb979a39a3d,1.0300
Sub19,Approximate information state for partially observed systems,Jayakumar Subramanian and Aditya Mahajan,2019,2019-12-01,2019 IEEE 58th Conference on Decision and Control (CDC),,1629-1636,"The standard approach for modeling partially observed systems is to model them as partially observable Markov decision processes (POMDPs) and obtain a dynamic program in terms of a belief state. The belief state formulation works well for planning but is not ideal for online reinforcement learning because the belief state depends on the model and, as such, is not observable when the model is unknown.In this paper, we present an alternative notion of an information state for obtaining a dynamic program in partially observed models. In particular, an information state is a sufficient statistic for the current reward which evolves in a controlled Markov manner. We show that such an information state leads to a dynamic programming decomposition. Then we present a notion of an approximate information state and present an approximate dynamic program based on the approximate information state. Approximate information state is defined in terms of properties that can be estimated using sampled trajectories. Therefore, they provide a constructive method for reinforcement learning in partially observed systems. We present one such construction and show that it performs better than the state of the art for three benchmark models.",35,5.4,10.1109/CDC40024.2019.9029898,https://doi.org/10.1109/CDC40024.2019.9029898,0.9800
Kar20,Near Optimality of Finite Memory Feedback Policies in Partially Observed Markov Decision Processes,A. D. Kara and S. Yüksel,2020,2020-10-15,J. Mach. Learn. Res.,23,11:1-11:46,"In the theory of Partially Observed Markov Decision Processes (POMDPs), existence of optimal policies have in general been established via converting the original partially observed stochastic control problem to a fully observed one on the belief space, leading to a belief-MDP. However, computing an optimal policy for this fully observed model, and so for the original POMDP, using classical dynamic or linear programming methods is challenging even if the original system has finite state and action spaces, since the state space of the fully observed belief-MDP model is always uncountable. Furthermore, there exist very few rigorous approximation results, as regularity conditions needed often require a tedious study involving the spaces of probability measures leading to properties such as Feller continuity. In this paper, we rigorously establish near optimality of finite window control policies in POMDPs under mild non-linear filter stability conditions and the assumption that the measurement and action sets are finite (and the state space is real vector valued). We also establish a rate of convergence result which relates the finite window memory size and the approximation error bound, where the rate of convergence is exponential under explicit and testable geometric filter stability conditions. While there exist many experimental results and few rigorous asymptotic convergence results, an explicit rate of convergence result is new in the literature, to our knowledge.",48,8.6,,https://www.semanticscholar.org/paper/337566d4f14e00e32cfba465ae6a50a1e07404ca,0.9400
Sha02,"Pattern Discovery in Time Series, Part I: Theory, Algorithm, Analysis, and Convergence","C. Shalizi, Kristina Lisa Shalizi, and James P. Crutchfleld",2002,2002-10-29,,,,"We present a new algorithm for discovering patterns in time series and other sequential data. We exhibit a reliable procedure for building the minimal set of hidden, Markovian states that is statistically capable of producing the behavior exhibited in the data | the underlying process’s causal states. Unlike conventional methods for fltting hidden Markov models (HMMs) to data, our algorithm makes no assumptions about the process’s causal architecture (the number of hidden states and their transition structure), but rather infers it from the data. It starts with assumptions of minimal structure and introduces complexity only when the data demand it. Moreover, the causal states it infers have important predictive optimality properties that conventional HMM states lack. Here, in Part I, we introduce the algorithm, review the theory behind it, prove its asymptotic reliability, and use large deviation theory to estimate its rate of convergence. In the sequel, Part II, we outline the algorithm’s implementation, illustrate its ability to discover even \di‐cult"" patterns, and compare it to various alternative schemes.",43,1.8,,https://www.semanticscholar.org/paper/d3345b5eae4c0060505af5421edace8d99405244,0.9200
Sha01,"Causal architecture, complexity and self-organization in time series and cellular automata",C. Shalizi and M. Olsson,2001,,,,1900,"All self-respecting nonlinear scientists know self-organization when they see it: except when we disagree. For this reason, if no other, it is important to put some mathematical spine into our floppy intuitive notion of self-organization. Only a few measures of self-organization have been proposed; none can be adopted in good intellectual conscience. 
To find a decent formalization of self-organization, we need to pin down what we mean by organization. The best answer is that the organization of a process is its causal architecture—its internal, possibly hidden, causal states and their interconnections. Computational mechanics is a method for inferring causal architecture—represented by a mathematical object called the e-machine—from observed behavior. The e-machine captures all patterns in the process which have any predictive power, so computational mechanics is also a method for pattern discovery. In this work, I develop computational mechanics for four increasingly sophisticated types of process—memoryless transducers, time series, transducers with memory, and cellular automata. In each case I prove the optimality and uniqueness of the e-machine's representation of the causal architecture, and give reliable algorithms for pattern discovery. 
The e-machine is the organization of the process, or at least of the part of it which is relevant to our measurements. It leads to a natural measure of the statistical complexity of processes, namely the amount of information needed to specify the state of the E-machine. Self-organization is a self-generated increase in statistical complexity. This fulfills various hunches which have been advanced in the literature, seems to accord with people's intuitions, and is both mathematically precise and operational.",267,11,,https://www.semanticscholar.org/paper/1530382baf56cd93d0fe69318efdfe060b4b7179,0.8900
Ell09,"Prediction, Retrodiction, and the Amount of Information Stored in the Present","C. J. Ellison, J. Mahoney, and J. Crutchfield",2009,2009-05-22,Journal of Statistical Physics,136,1005-1034,"We introduce an ambidextrous view of stochastic dynamical systems, comparing their forward-time and reverse-time representations and then integrating them into a single time-symmetric representation. The perspective is useful theoretically, computationally, and conceptually. Mathematically, we prove that the excess entropy—a familiar measure of organization in complex systems—is the mutual information not only between the past and future, but also between the predictive and retrodictive causal states. Practically, we exploit the connection between prediction and retrodiction to directly calculate the excess entropy. Conceptually, these lead one to discover new system measures for stochastic dynamical systems: crypticity (information accessibility) and causal irreversibility. Ultimately, we introduce a time-symmetric representation that unifies all of these quantities, compressing the two directional representations into one. The resulting compression offers a new conception of the amount of information stored in the present.",117,6.9,10.1007/s10955-009-9808-z,https://doi.org/10.1007/s10955-009-9808-z,0.8700
Cru09,"Time's barbed arrow: irreversibility, crypticity, and stored information.","J. Crutchfield, C. J. Ellison, and J. Mahoney",2009,2009-02-07,Physical review letters,103 9,"'
          094101
        ","We show why the amount of information communicated between the past and future-the excess entropy-is not in general the amount of information stored in the present-the statistical complexity. This is a puzzle, and a long-standing one, since the former describes observed behavior, while optimal prediction requires the latter. We present a closed-form expression for the excess entropy in terms of optimal causal predictors and retrodictors-both machines of computational mechanics. This leads us to two new system invariants: causal irreversibility-the asymmetry between the causal representations-and crypticity-the degree to which a process hides its state information.",129,7.5,10.1103/PhysRevLett.103.094101,https://doi.org/10.1103/PhysRevLett.103.094101,0.8500
Ay04,Reductions of Hidden Information Sources,N. Ay and J. Crutchfield,2004,2004-05-21,Journal of Statistical Physics,120,659-684,"In all but special circumstances, measurements of time-dependent processes reflect internal structures and correlations only indirectly. Building predictive models of such hidden information sources requires discovering, in some way, the internal states and mechanisms. Unfortunately, there are often many possible models that are observationally equivalent. Here we show that the situation is not as arbitrary as one would think. We show that generators of hidden stochastic processes can be reduced to a minimal form and compare this reduced representation to that provided by computational mechanics – the ε-machine. On the way to developing deeper, measure-theoretic foundations for the latter, we introduce a new two-step reduction process. The first step (internal-event reduction) produces the smallest observationally equivalent σ-algebra and the second (internal-state reduction) removes σ-algebra components that are redundant for optimal prediction. For several classes of stochastic dynamical systems these reductions produce representations that are equivalent to ε-machines.",15,0.7,10.1007/s10955-005-6797-4,https://doi.org/10.1007/s10955-005-6797-4,0.8300
Bar14,Computational Mechanics of Input–Output Processes: Structured Transformations and the ϵ\documentclass[12pt]{minimal} \usepackage{amsmath} \usepackage{wasysym} \usepackage{amsfonts} \usepackage{amssymb} \usepackage{amsbsy} \usepackage{mathrsfs} \usepackage{upgreek} \setlength{\oddsidemargin}{-69pt} \,Nix Barnett and J. Crutchfield,2014,2014-12-08,Journal of Statistical Physics,161,404 - 451,"Computational mechanics quantifies structure in a stochastic process via its causal states, leading to the process’s minimal, optimal predictor—the ϵ-machine\documentclass[12pt]{minimal} \usepackage{amsmath} \usepackage{wasysym} \usepackage{amsfonts} \usepackage{amssymb} \usepackage{amsbsy} \usepackage{mathrsfs} \usepackage{upgreek} \setlength{\oddsidemargin}{-69pt} \begin{document}$$\epsilon {\text {-}}\mathrm{machine}$$\end{document}. We extend computational mechanics to communication channels coupling two processes, obtaining an analogous optimal model—the ϵ-transducer\documentclass[12pt]{minimal} \usepackage{amsmath} \usepackage{wasysym} \usepackage{amsfonts} \usepackage{amssymb} \usepackage{amsbsy} \usepackage{mathrsfs} \usepackage{upgreek} \setlength{\oddsidemargin}{-69pt} \begin{document}$$\epsilon {\text {-}}\mathrm{transducer}$$\end{document}—of the stochastic mapping between them. Here, we lay the foundation of a structural analysis of communication channels, treating joint processes and processes with input. The result is a principled structural analysis of mechanisms that support information flow between processes. It is the first in a series on the structural information theory of memoryful channels, channel composition, and allied conditional information measures.",59,5.2,10.1007/s10955-015-1327-5,https://doi.org/10.1007/s10955-015-1327-5,0.8100
Ort12c,Thermodynamics as a theory of decision-making with information-processing costs,Pedro A. Ortega and Daniel A. Braun,2012,2012-04-29,"Proceedings of the Royal Society A: Mathematical, Physical and Engineering Sciences",469,,"Perfectly rational decision-makers maximize expected utility, but crucially ignore the resource costs incurred when determining optimal actions. Here, we propose a thermodynamically inspired formalization of bounded rational decision-making where information processing is modelled as state changes in thermodynamic systems that can be quantified by differences in free energy. By optimizing a free energy, bounded rational decision-makers trade off expected utility gains and information-processing costs measured by the relative entropy. As a result, the bounded rational decision-making problem can be rephrased in terms of well-known variational principles from statistical physics. In the limit when computational costs are ignored, the maximum expected utility principle is recovered. We discuss links to existing decision-making frameworks and applications to human decision-making experiments that are at odds with expected utility theory. Since most of the mathematical machinery can be borrowed from statistical physics, the main contribution is to re-interpret the formalism of thermodynamic free-energy differences in terms of bounded rational decision-making and to discuss its relationship to human decision-making experiments.",301,21,10.1098/rspa.2012.0683,https://doi.org/10.1098/rspa.2012.0683,0.7800
Gen15,"Bounded Rationality, Abstraction, and Hierarchical Decision-Making: An Information-Theoretic Optimality Principle","Tim Genewein, Felix Leibfried, Jordi Grau-Moya, and Daniel A. Braun",2015,2015-11-01,Frontiers Robotics AI,2,27,"Abstraction and hierarchical information-processing are hallmarks of human and animal intelligence underlying the unrivaled flexibility of behavior in biological systems. Achieving such a flexibility in artificial systems is challenging, even with more and more computational power. Here we investigate the hypothesis that abstraction and hierarchical information-processing might in fact be the consequence of limitations in information-processing power. In particular, we study an information-theoretic framework of bounded rational decision-making that trades off utility maximization against information-processing costs. We apply the basic principle of this framework to perception-action systems with multiple information-processing nodes and derive bounded optimal solutions. We show how the formation of abstractions and decision-making hierarchies depends on information-processing costs. We illustrate the theoretical ideas with example simulations and conclude by formalizing a mathematically unifying optimization principle that could potentially be extended to more complex systems.",125,12,10.3389/frobt.2015.00027,https://doi.org/10.3389/frobt.2015.00027,0.7600
Cos20,Active inference on discrete state-spaces: A synthesis,Lancelot Da Costa et al.,2020,2020-01-20,Journal of Mathematical Psychology,99,,"Active inference is a normative principle underwriting perception, action, planning, decision-making and learning in biological or artificial agents. From its inception, its associated process theory has grown to incorporate complex generative models, enabling simulation of a wide range of complex behaviours. Due to successive developments in active inference, it is often difficult to see how its underlying principle relates to process theories and practical implementation. In this paper, we try to bridge this gap by providing a complete mathematical synthesis of active inference on discrete state-space models. This technical summary provides an overview of the theory, derives neuronal dynamics from first principles and relates this dynamics to biological processes. Furthermore, this paper provides a fundamental building block needed to understand active inference for mixed generative models; allowing continuous sensations to inform discrete representations. This paper may be used as follows: to guide research towards outstanding challenges, a practical guide on how to implement active inference to simulate experimental behaviour, or a pointer towards various in-silico neurophysiological responses that may be used to make empirical predictions.",255,40,10.1016/j.jmp.2020.102447,https://doi.org/10.1016/j.jmp.2020.102447,0.7400
Fri13,The anatomy of choice: active inference and agency,Karl J. Friston et al.,2013,2013-09-25,Frontiers in Human Neuroscience,7,,"This paper considers agency in the setting of embodied or active inference. In brief, we associate a sense of agency with prior beliefs about action and ask what sorts of beliefs underlie optimal behavior. In particular, we consider prior beliefs that action minimizes the Kullback–Leibler (KL) divergence between desired states and attainable states in the future. This allows one to formulate bounded rationality as approximate Bayesian inference that optimizes a free energy bound on model evidence. We show that constructs like expected utility, exploration bonuses, softmax choice rules and optimism bias emerge as natural consequences of this formulation. Previous accounts of active inference have focused on predictive coding and Bayesian filtering schemes for minimizing free energy. Here, we consider variational Bayes as an alternative scheme that provides formal constraints on the computational anatomy of inference and action—constraints that are remarkably consistent with neuroanatomy. Furthermore, this scheme contextualizes optimal decision theory and economic (utilitarian) formulations as pure inference problems. For example, expected utility theory emerges as a special case of free energy minimization, where the sensitivity or inverse temperature (of softmax functions and quantal response equilibria) has a unique and Bayes-optimal solution—that minimizes free energy. This sensitivity corresponds to the precision of beliefs about behavior, such that attainable goals are afforded a higher precision or confidence. In turn, this means that optimal behavior entails a representation of confidence about outcomes that are under an agent's control.",329,26,10.3389/fnhum.2013.00598,https://doi.org/10.3389/fnhum.2013.00598,0.7200
Swe25,"Decision, Inference, and Information: Formal Equivalences Under Active Inference","Patrick Sweeney, Jaime Ruiz-Serra, and Michael S. Harré",2025,2025-12-19,Entropy,28,,"A central challenge in artificial intelligence and cognitive science is identifying a unifying principle that governs inference, learning, and action. Active inference proposes such a principle: the minimization of variational free energy. Advocates of active inference argue that the framework subsumes classical models of optimal behavior—including Bayesian decision theory, resource rationality, optimal control, and reinforcement learning—while also instantiating information-theoretic principles such as rate-distortion theory and maximum entropy. However, the literature outlining these conceptual links remains fragmented, limiting integration across fields. This review develops these connections systematically. We show how these major frameworks admit formal correspondences with expected free energy minimization when expressed in variational form, exposing a shared optimization principle that underlies theories of optimal decision-making and information processing. This synthesis is intended both to orient researchers from other fields who are new to active inference and to clarify foundational assumptions for those already working within the framework.",0,,10.3390/e28010001,https://doi.org/10.3390/e28010001,0.7000
Wol08,Approximate predictive state representations,"Britton Wolfe, Michael R. James, and Satinder Singh",2008,2008-05-12,Adaptive Agents and Multi-Agent Systems,,363-370,"Predictive state representations (PSRs) are models that represent the state of a dynamical system as a set of predictions about future events. The existing work with PSRs focuses on trying to learn exact models, an approach that cannot scale to complex dynamical systems. In contrast, our work takes the first steps in developing a theory of approximate PSRs. We examine the consequences of using an approximate predictive state representation, bounding the error of the approximate state under certain conditions. We also introduce factored PSRs, a class of PSRs with a particular approximate state representation. We show that the class of factored PSRs allow one to tune the degree of approximation by trading off accuracy for compactness. We demonstrate this trade-off empirically on some example systems, using factored PSRs that were learned from data.",13,0.7,10.65109/wtqk6477,https://doi.org/10.65109/wtqk6477,0.6800
Boo09,Closing the learning-planning loop with predictive state representations,"Byron Boots, S. Siddiqi, and Geoffrey J. Gordon",2009,2009-12-11,The International Journal of Robotics Research,30,954 - 966,"A central problem in artificial intelligence is to choose actions to maximize reward in a partially observable, uncertain environment. To do so, we must learn an accurate environment model, and then plan to maximize reward. Unfortunately, learning algorithms often recover a model that is too inaccurate to support planning or too large and complex for planning to succeed; or they require excessive prior domain knowledge or fail to provide guarantees such as statistical consistency. To address this gap, we propose a novel algorithm which provably learns a compact, accurate model directly from sequences of action-observation pairs. We then evaluate the learner by closing the loop from observations to actions. In more detail, we present a spectral algorithm for learning a predictive state representation (PSR), and evaluate it in a simulated, vision-based mobile robot planning task, showing that the learned PSR captures the essential features of the environment and enables successful and efficient planning. Our algorithm has several benefits which have not appeared together in any previous PSR learner: it is computationally efficient and statistically consistent; it handles high-dimensional observations and long time horizons; and, our close-the-loop experiments provide an end-to-end practical test.",270,16,10.1177/0278364911404092,https://doi.org/10.1177/0278364911404092,0.6600
Sti09,Optimally Predictive Causal Inference,Susanne Still,2009,,,,,"Natural systems compute intrinsically and produce information. The organization of a stochastic dynamical system is reflected in the time series of observations made of the system and can be quantified by the excess entropy or predictive information—the mutual information between past and future. This information can be used to build models of varying complexity that capture the causal structure of the underlying system. Here we study two distinct cases of causal inference, which we call optimal causal filtering and optimal causal estimation. Optimal causal filtering corresponds to the ideal case in which infinite data are available. We show that, in the limit in which a model complexity constraint is relaxed, the filtering method finds the causal architecture of a stochastic dynamical system, known as the causal state partition. In that limit, it reconstructs exactly the system’s hidden, causal states. More generally, it finds a graded model-complexity hierarchy of approximations to the causal architecture. For nonideal cases with finite data, we show how the correct number of underlying causal states can be found by optimal causal estimation. A previously derived model complexity control term allows us to correct for the effect of statistical fluctuations in probability estimates and thereby avoid over-fitting.",0,,,https://www.semanticscholar.org/paper/f1d54e3e5bc4330d6c8a52b3d261eef31781dfde,0.6400
Sti17,Thermodynamic Cost and Benefit of Memory.,Susanne Still,2017,2017-04-29,Physical review letters,124 5,"'
          050601
        ","This Letter exposes a tight connection between the thermodynamic efficiency of information processing and predictive inference. A generalized lower bound on dissipation is derived for partially observable information engines which are allowed to use temperature differences. It is shown that the retention of irrelevant information limits efficiency. A data representation method is derived from optimizing a fundamental physical limit to information processing: minimizing the lower bound on dissipation leads to a compression method that maximally retains relevant, predictive, information. In that sense, predictive inference emerges as the strategy that least precludes energy efficiency.",41,4.5,10.1103/PhysRevLett.124.050601,https://doi.org/10.1103/PhysRevLett.124.050601,0.6200
Sti12b,An information-theoretic approach to curiosity-driven reinforcement learning,Susanne Still and Doina Precup,2012,2012-07-12,Theory in Biosciences,131,139 - 148,,219,16,10.1007/s12064-011-0142-z,https://doi.org/10.1007/s12064-011-0142-z,0.6000
Mar14,Informational and Causal Architecture of Discrete-Time Renewal Processes,Sarah E. Marzen and J. Crutchfield,2014,2014-08-28,Entropy,17,4891-4917,"Renewal processes are broadly used to model stochastic behavior consisting of isolated events separated by periods of quiescence, whose durations are specified by a given probability law. Here, we identify the minimal sufficient statistic for their prediction (the set of causal states), calculate the historical memory capacity required to store those states (statistical complexity), delineate what information is predictable (excess entropy), and decompose the entropy of a single measurement into that shared with the past, future, or both. The causal state equivalence relation defines a new subclass of renewal processes with a finite number of causal states despite having an unbounded interevent count distribution. We use these formulae to analyze the output of the parametrized Simple Nonunifilar Source, generated by a simple two-state hidden Markov model, but with an infinite-state epsilon-machine presentation. All in all, the results lay the groundwork for analyzing processes with infinite statistical complexity and infinite excess entropy.",39,3.3,10.3390/e17074891,https://doi.org/10.3390/e17074891,0.5800
Mar16b,Informational and Causal Architecture of Continuous-time Renewal Processes,Sarah E. Marzen and J. Crutchfield,2016,2016-11-03,Journal of Statistical Physics,168,109 - 127,"We introduce the minimal maximally predictive models (ϵ-machines\documentclass[12pt]{minimal} \usepackage{amsmath} \usepackage{wasysym} \usepackage{amsfonts} \usepackage{amssymb} \usepackage{amsbsy} \usepackage{mathrsfs} \usepackage{upgreek} \setlength{\oddsidemargin}{-69pt} \begin{document}$$\epsilon \text{-machines }$$\end{document}) of processes generated by certain hidden semi-Markov models. Their causal states are either discrete, mixed, or continuous random variables and causal-state transitions are described by partial differential equations. As an application, we present a complete analysis of the ϵ-machines\documentclass[12pt]{minimal} \usepackage{amsmath} \usepackage{wasysym} \usepackage{amsfonts} \usepackage{amssymb} \usepackage{amsbsy} \usepackage{mathrsfs} \usepackage{upgreek} \setlength{\oddsidemargin}{-69pt} \begin{document}$$\epsilon \text{-machines }$$\end{document} of continuous-time renewal processes. This leads to closed-form expressions for their entropy rate, statistical complexity, excess entropy, and differential information anatomy rates.",31,3.2,10.1007/s10955-017-1793-z,https://doi.org/10.1007/s10955-017-1793-z,0.5600
Mar17b,"Structure and Randomness of Continuous-Time, Discrete-Event Processes",Sarah E. Marzen and J. Crutchfield,2017,2017-04-16,Journal of Statistical Physics,169,303-315,"Loosely speaking, the Shannon entropy rate is used to gauge a stochastic process’ intrinsic randomness; the statistical complexity gives the cost of predicting the process. We calculate, for the first time, the entropy rate and statistical complexity of stochastic processes generated by finite unifilar hidden semi-Markov models—memoryful, state-dependent versions of renewal processes. Calculating these quantities requires introducing novel mathematical objects ($$\epsilon $$ϵ-machines of hidden semi-Markov processes) and new information-theoretic methods to stochastic processes.",27,3.0,10.1007/s10955-017-1859-y,https://doi.org/10.1007/s10955-017-1859-y,0.5400
Abe19,State Abstraction as Compression in Apprenticeship Learning,David Abel et al.,2019,2019-07-17,AAAI Conference on Artificial Intelligence,,3134-3142,"State abstraction can give rise to models of environments that are both compressed and useful, thereby enabling efficient sequential decision making. In this work, we offer the first formalism and analysis of the trade-off between compression and performance made in the context of state abstraction for Apprenticeship Learning. We build on Rate-Distortion theory, the classic Blahut-Arimoto algorithm, and the Information Bottleneck method to develop an algorithm for computing state abstractions that approximate the optimal tradeoff between compression and performance. We illustrate the power of this algorithmic structure to offer insights into effective abstraction, compression, and reinforcement learning through a mixture of analysis, visuals, and experimentation.",64,9.4,10.1609/AAAI.V33I01.33013134,https://doi.org/10.1609/AAAI.V33I01.33013134,0.5200
Aru21,Deciding What to Learn: A Rate-Distortion Approach,Dilip Arumugam and Benjamin Van Roy,2021,2021-01-15,International Conference on Machine Learning,,373-382,"Agents that learn to select optimal actions represent a prominent focus of the sequential decision-making literature. In the face of a complex environment or constraints on time and resources, however, aiming to synthesize such an optimal policy can become infeasible. These scenarios give rise to an important trade-off between the information an agent must acquire to learn and the sub-optimality of the resulting policy. While an agent designer has a preference for how this trade-off is resolved, existing approaches further require that the designer translate these preferences into a fixed learning target for the agent. In this work, leveraging rate-distortion theory, we automate this process such that the designer need only express their preferences via a single hyperparameter and the agent is endowed with the ability to compute its own learning targets that best achieve the desired trade-off. We establish a general bound on expected discounted regret for an agent that decides what to learn in this manner along with computational experiments that illustrate the expressiveness of designer preferences and even show improvements over Thompson sampling in identifying an optimal policy.",29,5.4,,https://www.semanticscholar.org/paper/59e1f4e89f1a0fde5ecc9edee63a03159089c372,0.5000
Aru22,On Rate-Distortion Theory in Capacity-Limited Cognition & Reinforcement Learning,"Dilip Arumugam, Mark K. Ho, Noah D. Goodman, and Benjamin Van Roy",2022,2022-10-30,ArXiv,abs/2210.16877,,"Throughout the cognitive-science literature, there is widespread agreement that decision-making agents operating in the real world do so under limited information-processing capabilities and without access to unbounded cognitive or computational resources. Prior work has drawn inspiration from this fact and leveraged an information-theoretic model of such behaviors or policies as communication channels operating under a bounded rate constraint. Meanwhile, a parallel line of work also capitalizes on the same principles from rate-distortion theory to formalize capacity-limited decision making through the notion of a learning target, which facilitates Bayesian regret bounds for provably-efficient learning algorithms. In this paper, we aim to elucidate this latter perspective by presenting a brief survey of these information-theoretic models of capacity-limited decision making in biological and artificial agents.",7,2.0,10.48550/arXiv.2210.16877,https://doi.org/10.48550/arXiv.2210.16877,0.4900
Aru22b,Between Rate-Distortion Theory & Value Equivalence in Model-Based Reinforcement Learning,Dilip Arumugam and Benjamin Van Roy,2022,2022-06-04,ArXiv,abs/2206.02025,,"The quintessential model-based reinforcement-learning agent iteratively refines its estimates or prior beliefs about the true underlying model of the environment. Recent empirical successes in model-based reinforcement learning with function approximation, however, eschew the true model in favor of a surrogate that, while ignoring various facets of the environment, still facilitates effective planning over behaviors. Recently formalized as the value equivalence principle, this algorithmic technique is perhaps unavoidable as real-world reinforcement learning demands consideration of a simple, computationally-bounded agent interacting with an overwhelmingly complex environment. In this work, we entertain an extreme scenario wherein some combination of immense environment complexity and limited agent capacity entirely precludes identifying an exactly value-equivalent model. In light of this, we embrace a notion of approximate value equivalence and introduce an algorithm for incrementally synthesizing simple and useful approximations of the environment from which an agent might still recover near-optimal behavior. Crucially, we recognize the information-theoretic nature of this lossy environment compression problem and use the appropriate tools of rate-distortion theory to make mathematically precise how value equivalence can lend tractability to otherwise intractable sequential decision-making problems.",1,0.3,10.48550/arXiv.2206.02025,https://doi.org/10.48550/arXiv.2206.02025,0.4800
Aru22c,Deciding What to Model: Value-Equivalent Sampling for Reinforcement Learning,Dilip Arumugam and Benjamin Van Roy,2022,2022-06-04,ArXiv,abs/2206.02072,,"The quintessential model-based reinforcement-learning agent iteratively refines its estimates or prior beliefs about the true underlying model of the environment. Recent empirical successes in model-based reinforcement learning with function approximation, however, eschew the true model in favor of a surrogate that, while ignoring various facets of the environment, still facilitates effective planning over behaviors. Recently formalized as the value equivalence principle, this algorithmic technique is perhaps unavoidable as real-world reinforcement learning demands consideration of a simple, computationally-bounded agent interacting with an overwhelmingly complex environment, whose underlying dynamics likely exceed the agent's capacity for representation. In this work, we consider the scenario where agent limitations may entirely preclude identifying an exactly value-equivalent model, immediately giving rise to a trade-off between identifying a model that is simple enough to learn while only incurring bounded sub-optimality. To address this problem, we introduce an algorithm that, using rate-distortion theory, iteratively computes an approximately-value-equivalent, lossy compression of the environment which an agent may feasibly target in lieu of the true model. We prove an information-theoretic, Bayesian regret bound for our algorithm that holds for any finite-horizon, episodic sequential decision-making problem. Crucially, our regret bound can be expressed in one of two possible forms, providing a performance guarantee for finding either the simplest model that achieves a desired sub-optimality gap or, alternatively, the best model given a limit on agent capacity.",20,5.0,10.48550/arXiv.2206.02072,https://doi.org/10.48550/arXiv.2206.02072,0.4700
Fox16c,Minimum-information LQG control part I: Memoryless controllers,Roy Fox and Naftali Tishby,2016,2016-06-06,2016 IEEE 55th Conference on Decision and Control (CDC),,5610-5616,"With the increased demand for power efficiency in feedback-control systems, communication is becoming a limiting factor, raising the need to trade off the external cost that they incur with the capacity of the controller's communication channels. With a proper design of the channels, this translates into a sequential rate-distortion problem, where we minimize the rate of information required for the controller's operation under a constraint on its external cost. Memoryless controllers are of particular interest both for the simplicity and frugality of their implementation and as a basis for studying more complex controllers. In this paper we present the optimality principle for memoryless linear controllers that utilize minimal information rates to achieve a guaranteed external-cost level. We also study the interesting and useful phenomenology of the optimal controller, such as the principled reduction of its order.",18,1.8,10.1109/CDC.2016.7799131,https://doi.org/10.1109/CDC.2016.7799131,0.4600
Fox16,Minimum-information LQG control Part II: Retentive controllers,Roy Fox and Naftali Tishby,2016,2016-06-06,2016 IEEE 55th Conference on Decision and Control (CDC),,5603-5609,"Retentive (memory-utilizing) sensing-acting agents may operate under limitations on the communication between their sensing, memory and acting components, requiring them to trade off the external cost that they incur with the capacity of their communication channels. In this paper we formulate this problem as a sequential rate-distortion problem of minimizing the rate of information required for the controller's operation under a constraint on its external cost. We reduce this bounded retentive control problem to the memoryless one, studied in Part I of this work [1], by viewing the memory reader as one more sensor and the memory writer as one more actuator. We further investigate the structure of the resulting optimal solution and demonstrate its interesting phenomenology.",13,1.3,10.1109/CDC.2016.7799130,https://doi.org/10.1109/CDC.2016.7799130,0.4500
Tan15b,LQG Control With Minimum Directed Information: Semidefinite Programming Approach,"Takashi Tanaka, Peyman Mohajerin Esfahani, and S. Mitter",2015,2015-10-14,IEEE Transactions on Automatic Control,63,37-52,"We consider a discrete-time linear–quadratic–Gaussian (LQG) control problem, in which Massey's directed information from the observed output of the plant to the control input is minimized, while required control performance is attainable. This problem arises in several different contexts, including joint encoder and controller design for data-rate minimization in networked control systems. We show that the optimal control law is a linear–Gaussian randomized policy. We also identify the state-space realization of the optimal policy, which can be synthesized by an efficient algorithm based on semidefinite programming. Our structural result indicates that the filter–controller separation principle from the LQG control theory and the sensor–filter separation principle from the zero-delay rate-distortion theory for Gauss–Markov sources hold simultaneously in the considered problem. A connection to the data-rate theorem for mean-square stability by Nair and Evans is also established.",113,11,10.1109/TAC.2017.2709618,https://doi.org/10.1109/TAC.2017.2709618,0.4400
Tan15,LQG Control with Minimal Information: Three-Stage Separation Principle and SDP-based Solution Synthesis,"Takashi Tanaka, Peyman Mohajerin Esfahani, and S. Mitter",2015,2015-10-14,ArXiv,abs/1510.04214,,"In the interest of evaluating an information-theoretic requirement for feedback control, this paper proposes a framework to synthesize a control policy that minimizes Massey’s directed information from the state sequence to the control sequence while attaining required Linear-Quadratic-Gaussian (LQG) control performance. Interpretation and significance of this framework is discussed in the context of networked control theory. As the main result, we show that an optimal control policy can be realized by an attractively simple three-stage decision architecture comprising (1) a linear sensor with additive Gaussian noise, (2) a Kalman filter, and (3) a certainty equivalence controller. This result suggests an integration of two separation principles previously known in the literature: the filter-controller separation principle in the LQG control theory, and the sensorfilter separation principle in zero-delay rate-distortion theory for Gauss-Markov sources. It is also shown that an optimal policy can be synthesized by semidefinite programming (SDP). Both time-varying finite-horizon problems and time-invariant infinitehorizon problems are considered. Our results can be viewed as a generalization of the data-rate theorem for mean-square stability by Nair & Evans, extended for a control performance analysis.",12,1.1,,https://www.semanticscholar.org/paper/daeb13fee5360fff8440d2a3bfc080611c1220dc,0.4300
Tan17,Transfer-Entropy-Regularized Markov Decision Processes,"Takashi Tanaka, H. Sandberg, and M. Skoglund",2017,2017-08-30,IEEE Transactions on Automatic Control,67,1944-1951,"We consider the framework of transfer-entropy-regularized Markov decision process (TERMDP) in which the weighted sum of the classical state-dependent cost and the transfer entropy from the state random process to the control input process is minimized. Although TERMDPs are generally formulated as nonconvex optimization problems, an analytical necessary optimality condition can be expressed as a finite set of nonlinear equations, based on which an iterative forward–backward computational procedure similar to the Arimoto–Blahut algorithm is developed. It is shown that every limit point of the sequence generated by the proposed algorithm is a stationary point of the TERMDP. Applications of TERMDPs are discussed in the context of networked control systems theory and nonequilibrium thermodynamics. The proposed algorithm is applied to an information-constrained maze navigation problem, whereby we study how the price of information qualitatively alters the optimal decision polices.",15,1.7,10.1109/TAC.2021.3069347,https://doi.org/10.1109/TAC.2021.3069347,0.4200
Tou01,Information-theoretic approach to the study of control systems,H. Touchette and S. Lloyd,2001,2001-04-02,Physica A-statistical Mechanics and Its Applications,331,140-172,"We propose an information-theoretic framework for analyzing control systems based on the close relationship of controllers to communication channels. A communication channel takes an input state and transforms it into an output state. A controller, similarly, takes the initial state of a system to be controlled and transforms it into a target state. In this sense, a controller can be thought of as an actuation channel that acts on inputs to produce desired outputs. In this transformation process, two different control strategies can be adopted: (i) the controller applies an actuation dynamics that is independent of the state of the system to be controlled (open-loop control); or (ii) the controller enacts an actuation dynamics that is based on some information about the state of the controlled system (closed-loop control). Using this communication channel model of control, we provide necessary and sufficient conditions for a system to be perfectly controllable and perfectly observable in terms of information and entropy. In addition, we derive a quantitative trade-off between the amount of information gathered by a closed-loop controller and its relative performance advantage over an open-loop controller in stabilizing a system. This work supplements earlier results (Phys. Rev. Lett. 84 (2000) 1156) by providing new derivations of the advantage afforded by closed-loop control and by proposing an information-based optimality criterion for control systems. New applications of this approach pertaining to proportional controllers, and the control of chaotic maps are also presented.",209,8.3,10.1016/j.physa.2003.09.007,https://doi.org/10.1016/j.physa.2003.09.007,0.4100
Mas90,"CAUSALITY, FEEDBACK AND DIRECTED INFORMATION",J. Massey,1990,,,,,"It is shown that the ""usual definition"" of a discrete memoryless channel (DMC) in fact prohibits the use of feedback. The difficulty stems from the confusion of causality and statistical dependence. An adequate definition of a DMC is given, as well as a definition of using a channel without feedback. A definition, closely based on an old idea of Marko, is given for the directed information flowing from one sequence to another. This directed information is used to give a simple proof of the well-known fact that the use of feedback cannot increase the capacity of a DMC. It is shown that, when feedback is present, directed information is a more useful quantity than the traditional mutual information.",754,21,,https://www.semanticscholar.org/paper/557668619327081a6b77aa5b181fa84722a875a4,0.4000
Kra98,Directed information for channels with feedback,G. Kramer,1998,,,,1-135,,366,13,10.3929/ETHZ-A-001988524,https://doi.org/10.3929/ETHZ-A-001988524,0.3900
Tat06,The Capacity of Channels With Feedback,S. Tatikonda and S. Mitter,2006,2006-09-25,IEEE Transactions on Information Theory,55,323-349,"In this paper, we introduce a general framework for treating channels with memory and feedback. First, we prove a general feedback channel coding theorem based on Massey's concept of directed information. Second, we present coding results for Markov channels. This requires determining appropriate sufficient statistics at the encoder and decoder. We give a recursive characterization of these sufficient statistics. Third, a dynamic programming framework for computing the capacity of Markov channels is presented. Fourth, it is shown that the average cost optimality equation (ACOE) can be viewed as an implicit single-letter characterization of the capacity. Fifth, scenarios with simple sufficient statistics are described. Sixth, error exponents for channels with feedback are presented.",276,14,10.1109/TIT.2008.2008147,https://doi.org/10.1109/TIT.2008.2008147,0.3800
Cha09,6WRFKDVWLF&RQWURORYHU)LQLWH&DSDFLW\&KDQQHOV,"C. Charalambous, C. Kourtellaris, and Photios A. Stavrou",2009,,,,,"Optimal communication/control analysis and de- sign of dynamical controlled systems, when there are finite capacity communication constraints often involve information and control theoretic analysis. This paper, employees informa- tion theoretic concepts, which are subject to causality, and thus applicable to control/communication system analysis and design in which encoders, decoders and controllers are causal. The basic mathematical concepts are constructive; they are based on a modified version of Shannon's self-mutual information, known as directed information, which describes how much information a random process conveys to another random process, to account for the causality of the probabilistic channel connecting these random processes, when feedback is used. Following this construction data processing inequalities are derived while the solution to the casual information rate distortion is obtained in which the optimal reconstruction kernel is causally dependent on the source and control. Further, in view of the complexity of the causal rate distortion function, a tight lower bound on the casual rate distortion function is derived which is easy to apply in many control/communication systems. Finally, using the information transmission theorem, the connection between stabilizabilty and observability of the control system is related to the causal rate distortion function and its lower bound.",0,,,https://www.semanticscholar.org/paper/46ac552a420e2b304b159b5982717fed8b1a6f32,0.3600
Gor11,Information-Theoretic Viewpoints on Optimal Causal Coding-Decoding Problems,Siva K. Gorantla and T. Coleman,2011,2011-02-01,ArXiv,abs/1102.0250,,"In this paper we consider an interacting two-agent sequential decision-making problem consisting of a Markov source process, a causal encoder with feedback, and a causal decoder. Motivated by a desire to foster links between control and information theory, we augment the standard formulation by considering general alphabets and a cost function operating on current and previous symbols. Using dynamic programming, we provide a structural result whereby an optimal scheme exists that operates on appropriate sufficient statistics. We emphasize an example where the decoder alphabet lies in a space of beliefs on the source alphabet, and the additive cost function is a log likelihood ratio pertaining to sequential information gain. We also consider the inverse optimal control problem, where a fixed encoder/decoder pair satisfying statistical conditions is shown to be optimal for some cost function, using probabilistic matching. We provide examples of the applicability of this framework to communication with feedback, hidden Markov models and the nonlinear filter, decentralized control, brain-machine interfaces, and queuing theory.",16,1.0,,https://www.semanticscholar.org/paper/5ce6a2a8e2bd47e3a1665bf2ddac06e441facd25,0.3500
Pac18,Task-Driven Estimation and Control via Information Bottlenecks,Vincent Pacelli and Anirudha Majumdar,2018,2018-09-20,2019 International Conference on Robotics and Automation (ICRA),,2061-2067,"Our goal is to develop a principled and general algorithmic framework for task-driven estimation and control for robotic systems. State-of-the-art approaches for controlling robotic systems typically rely heavily on accurately estimating the full state of the robot (e.g., a running robot might estimate joint angles and velocities, torso state, and position relative to a goal). However, full state representations are often excessively rich for the specific task at hand and can lead to significant computational inefficiency and brittleness to errors in state estimation. In contrast, we present an approach that eschews such rich representations and seeks to create task-driven representations. The key technical insight is to leverage the theory of information bottlenecks to formalize the notion of a “task-driven representation” in terms of information theoretic quantities that measure the minimality of a representation. We propose novel iterative algorithms for automatically synthesizing (offline) a task-driven representation (given in terms of a set of task-relevant variables (TRVs)) and a performant control policy that is a function of the TRVs. We presentonline algorithms for estimating the TRVs in order to apply the control policy. We demonstrate that our approach results in significant robustness to unmodeled measurement uncertainty both theoretically and via thorough simulation experiments including a spring-loaded inverted pendulum running to a goal location.",13,1.7,10.1109/ICRA.2019.8794213,https://doi.org/10.1109/ICRA.2019.8794213,0.3300
Hah19,Estimating Predictive Rate–Distortion Curves via Neural Variational Inference,Michael Hahn and Richard Futrell,2019,2019-06-28,Entropy,21,,"The Predictive Rate–Distortion curve quantifies the trade-off between compressing information about the past of a stochastic process and predicting its future accurately. Existing estimation methods for this curve work by clustering finite sequences of observations or by utilizing analytically known causal states. Neither type of approach scales to processes such as natural languages, which have large alphabets and long dependencies, and where the causal states are not known analytically. We describe Neural Predictive Rate–Distortion (NPRD), an estimation method that scales to such processes, leveraging the universal approximation capabilities of neural networks. Taking only time series data as input, the method computes a variational bound on the Predictive Rate–Distortion curve. We validate the method on processes where Predictive Rate–Distortion is analytically known. As an application, we provide bounds on the Predictive Rate–Distortion of natural language, improving on bounds provided by clustering sequences. Based on the results, we argue that the Predictive Rate–Distortion curve is more useful than the usual notion of statistical complexity for characterizing highly complex processes such as natural language.",12,1.7,10.3390/e21070640,https://doi.org/10.3390/e21070640,0.3100
Sac20,Optimal prediction with resource constraints using the information bottleneck,"V. Sachdeva, T. Mora, A. Walczak, and S. Palmer",2020,2020-05-01,PLoS Computational Biology,17,,"Responding to stimuli requires that organisms encode information about the external world. Not all parts of the signal are important for behavior, and resource limitations demand that signals be compressed. Prediction of the future input is widely beneficial in many biological systems. We compute the trade-offs between representing the past faithfully and predicting the future for input dynamics with different levels of complexity. For motion prediction, we show that, depending on the parameters in the input dynamics, velocity or position coordinates prove more predictive. We identify the properties of global, transferrable strategies for time-varying stimuli. For non-Markovian dynamics we explore the role of long-term memory of the internal representation. Lastly, we show that prediction in evolutionary population dynamics is linked to clustering allele frequencies into non-overlapping memories, revealing a very different prediction strategy from motion prediction.",18,3.0,10.1101/2020.04.29.069179,https://doi.org/10.1101/2020.04.29.069179,0.3000
Wol14,Optimal high-level descriptions of dynamical systems,"D. Wolpert, Joshua A. Grochow, E. Libby, and S. Dedeo",2014,2014-09-25,arXiv: Information Theory,,,"To analyze high-dimensional systems, many fields in science and engineering rely on high-level descriptions, sometimes called ""macrostates,"" ""coarse-grainings,"" or ""effective theories"". Examples of such descriptions include the thermodynamic properties of a large collection of point particles undergoing reversible dynamics, the variables in a macroeconomic model describing the individuals that participate in an economy, and the summary state of a cell composed of a large set of biochemical networks. 
Often these high-level descriptions are constructed without considering the ultimate reason for needing them in the first place. Here, we formalize and quantify one such purpose: the need to predict observables of interest concerning the high-dimensional system with as high accuracy as possible, while minimizing the computational cost of doing so. The resulting State Space Compression (SSC) framework provides a guide for how to solve for the {optimal} high-level description of a given dynamical system, rather than constructing it based on human intuition alone. 
In this preliminary report, we introduce SSC, and illustrate it with several information-theoretic quantifications of ""accuracy"", all with different implications for the optimal compression. We also discuss some other possible applications of SSC beyond the goal of accurate prediction. These include SSC as a measure of the complexity of a dynamical system, and as a way to quantify information flow between the scales of a system.",22,1.9,,https://www.semanticscholar.org/paper/ba13d49c5b1c2a274b585094ea89c9a4e74ba5cb,0.2800
Din06,Information Theoretic Approaches for Predictive Models : Results and Analysis,Monica Dinculescu and Doina Precup,2006,,,,,"Learning the internal representation of partially observable environments has proven to be a di cult problem. State representations which rely on prior models, such as partially observable Markov decision processes (POMDPs) are computation expensive and sensitive to the accuracy of the underlying model dynamics. Recent work by Still and Bialek o ers an information theoretic approach that compresses the available history into an internal representation and maximizes its predictive power. We propose an alternative algorithm that ensures a more accurate internal representation, and faster optimal policy convergence times. In addition, in order to validate the asymptotic nature of the theoretical algorithm, we present the rst empirical results in the eld, comparing the internal representations returned by both approaches, their accuracy, and their predictive powers.",0,,,https://www.semanticscholar.org/paper/bf26c1807af780d66b0a18931d6e0378f33a5155,0.2700
Abe07,Policy-Gradients for PSRs and POMDPs,"Douglas Aberdeen, O. Buffet, and Owen Thomas",2007,2007-03-11,International Conference on Artificial Intelligence and Statistics,,3-10,"In uncertain and partially observable environments control policies must be a function of the complete history of actions and observations. Rather than present an ever growing history to a learner, we instead track sufficient statistics of the history and map those to a control policy. The mapping has typically been done using dynamic programming, requiring large amounts of memory. We present a general approach to mapping sufficient statistics directly to control policies by combining the tracking of sufficient statistics with the use of policy-gradient reinforcement learning. The best known sufficient statistic is the belief state, computed from a known or estimated partially observable Markov decision process (POMDP) model. More recently, predictive state representations (PSRs) have emerged as a potentially compact model of partially observable systems. Our experiments explore the usefulness of both of these sufficient statistics, exact and estimated, in direct policy-search.",22,1.1,,https://www.semanticscholar.org/paper/d365b66fe8afc73e93efd25912564c00aef7b9a2,0.2500
Yu08,On Near Optimality of the Set of Finite-State Controllers for Average Cost POMDP,Huizhen Yu and D. Bertsekas,2008,2008-02-01,Math. Oper. Res.,33,1-11,"We consider the average cost problem for partially observable Markov decision processes (POMDP) with finite state, observation, and control spaces. We prove that there exists an e-optimal finite-state controller (FSC) functionally independent of initial distributions for any e > 0, under the assumption that the optimal liminf average cost function of the POMDP is constant. As part of our proof, we establish that if the optimal liminf average cost function is constant, then the optimal limsup average cost function is also constant, and the two are equal. We also discuss the connection between the existence of nearly optimal finite-history controllers and two other important issues for average cost POMDP: the existence of an average cost that is independent of the initial state distribution, and the existence of a bounded solution to the constant average cost optimality equation.",47,2.6,10.1287/moor.1070.0279,https://doi.org/10.1287/moor.1070.0279,0.2300
Kar22,Near Optimality of Finite Memory Policies for POMPDs with Continuous Spaces,"A. D. Kara, Erhan Bayraktar, and S. Yüksel",2022,2022-12-06,2022 IEEE 61st Conference on Decision and Control (CDC),,2301-2306,"We study an approximation method for partially observed Markov decision processes (POMDPs) with continuous spaces. Belief MDP reduction has been the standard approach to study POMDPs, which, due to its uncountable state space and strict regularity properties however, requires rigorous approximation methods for practical applications. In this work, we focus on an approximation procedure via discretizing the observation space and constructing a fully observed finite MDP model using a finite length history of the discrete observations and control actions. We show that the resulting policy is nearly optimal under some regularity assumptions on the channel, and under certain controlled filter stability requirements for the hidden state process. We also provide a Q learning algorithm that uses a finite memory of discretized information variables, and prove its convergence to the optimality equation of the finite fully observed MDP constructed using the approximation method.",0,,10.1109/CDC51059.2022.9993165,https://doi.org/10.1109/CDC51059.2022.9993165,0.2200
Yuk23,"Another Look at Partially Observed Optimal Stochastic Control: Existence, Ergodicity, and Approximations Without Belief-Reduction",S. Yüksel,2023,2023-01-26,Applied Mathematics & Optimization,91,,"We present an alternative view for the study of optimal control of partially observed Markov Decision Processes (POMDPs). We first revisit the traditional (and by now standard) separated-design method of reducing the problem to fully observed MDPs (belief-MDPs), and present conditions for the existence of optimal policies. Then, rather than working with this standard method, we define a Markov chain taking values in an infinite dimensional product space with the history process serving as the controlled state process and a further refinement in which the control actions and the state process are causally conditionally independent given the measurement/information process. We provide new sufficient conditions for the existence of optimal control policies under the discounted cost and average cost infinite horizon criteria. In particular, while in the belief-MDP reduction of POMDPs, weak Feller condition requirement imposes total variation continuity on either the system kernel or the measurement kernel, with the approach of this paper only weak continuity of both the transition kernel and the measurement kernel is needed (and total variation continuity is not) together with regularity conditions related to filter stability. For the discounted cost setup, we establish near optimality of finite window policies via a direct argument involving near optimality of quantized approximations for MDPs under weak Feller continuity, where finite truncations of memory can be viewed as quantizations of infinite memory with a uniform diameter in each finite window restriction under the product metric. For the average cost setup, we provide new existence conditions and also a general approach on how to initialize the randomness which we show to establish convergence to optimal cost. In the control-free case, our analysis leads to new and weak conditions for the existence and uniqueness of invariant probability measures for nonlinear filter processes, where we show that unique ergodicity of the measurement process and a measurability condition related to filter stability leads to unique ergodicity.",9,2.7,10.1007/s00245-024-10211-9,https://doi.org/10.1007/s00245-024-10211-9,0.2100
Sin24,Agent-state based policies in POMDPs: Beyond belief-state MDPs,Amit Sinha and Aditya Mahajan,2024,2024-09-24,2024 IEEE 63rd Conference on Decision and Control (CDC),,6722-6735,"The traditional approach to POMDPs is to convert them into fully observed MDPs by considering a belief state as an information state. However, a belief-state based approach requires perfect knowledge of the system dynamics and is therefore not applicable in the learning setting where the system model is unknown. Various approaches to circumvent this limitation have been proposed in the literature. We present a unified treatment of some of these approaches by viewing them as models where the agent maintains a local recursively updateable “agent state” and chooses actions based on the agent state. We highlight the different classes of agent-state based policies and the various approaches that have been proposed in the literature to find good policies within each class. These include the designer’s approach to find optimal non-stationary agent-state based policies, policy search approaches to find a locally optimal stationary agent-state based policies, and the approximate information state to find approximately optimal stationary agent-state based policies. We then present how ideas from the approximate information state approach have been used to improve Q-learning and actor-critic algorithms for learning in POMDPs.",11,6.7,10.1109/CDC56724.2024.10886046,https://doi.org/10.1109/CDC56724.2024.10886046,0.2000
Cos24,Active Inference as a Model of Agency,"Lancelot Da Costa, Samuel Tenka, Dominic Zhao, and Noor Sajid",2024,2024-01-23,ArXiv,abs/2401.12917,,"Is there a canonical way to think of agency beyond reward maximisation? In this paper, we show that any type of behaviour complying with physically sound assumptions about how macroscopic biological agents interact with the world canonically integrates exploration and exploitation in the sense of minimising risk and ambiguity about states of the world. This description, known as active inference, refines the free energy principle, a popular descriptive framework for action and perception originating in neuroscience. Active inference provides a normative Bayesian framework to simulate and model agency that is widely used in behavioural neuroscience, reinforcement learning (RL) and robotics. The usefulness of active inference for RL is three-fold. \emph{a}) Active inference provides a principled solution to the exploration-exploitation dilemma that usefully simulates biological agency. \emph{b}) It provides an explainable recipe to simulate behaviour, whence behaviour follows as an explainable mixture of exploration and exploitation under a generative world model, and all differences in behaviour are explicit in differences in world model. \emph{c}) This framework is universal in the sense that it is theoretically possible to rewrite any RL algorithm conforming to the descriptive assumptions of active inference as an active inference algorithm. Thus, active inference can be used as a tool to uncover and compare the commitments and assumptions of more specific models of agency.",15,6.5,10.48550/arXiv.2401.12917,https://doi.org/10.48550/arXiv.2401.12917,0.1900
Ort12b,Free Energy and the Generalized Optimality Equations for Sequential Decision Making,Pedro A. Ortega and Daniel A. Braun,2012,2012-05-17,ArXiv,abs/1205.3997,,"The free energy functional has recently been proposed as a variational principle for bounded rational decision-making, since it instantiates a natural trade-off between utility gains and information processing costs that can be axiomatically derived. Here we apply the free energy principle to general decision trees that include both adversarial and stochastic environments. We derive generalized sequential optimality equations that not only include the Bellman optimality equations as a limit case, but also lead to well-known decision-rules such as Expectimax, Minimax and Expectiminimax. We show how these decision-rules can be derived from a single free energy principle that assigns a resource parameter to each node in the decision tree. These resource parameters express a concrete computational cost that can be measured as the amount of samples that are needed from the distribution that belongs to each node. The free energy principle therefore provides the normative basis for generalized optimality equations that account for both adversarial and stochastic environments.",13,0.9,,https://www.semanticscholar.org/paper/8141b978fa4600f4e4dd0f2d7a363da48f62dd08,0.1800
Ort12,Adaptive Coding of Actions and Observations,Pedro A. Ortega and Daniel A. Braun,2012,2012-12-01,Neural Information Processing Systems,,1-4,"The application of expected utility theory to construct adaptive agents is both computationally intractable and statistically questionable. To overcome these difficulties, agents need the ability to delay the choice of the optimal policy to a later stage when they have learned more about the environment. How should agents do this optimally? An information-theoretic answer to this question is given by the Bayesian control rule—the solution to the adaptive coding problem when there are not only observations but also actions. This paper reviews the central ideas behind the Bayesian control rule.",3,0.2,,https://www.semanticscholar.org/paper/70a76ed83473afa7f8a491dceb05ca2209234a31,0.1700
Wei03b,On competitive prediction and its relation to rate-distortion theory,T. Weissman and N. Merhav,2003,2003-12-01,IEEE Trans. Inf. Theory,49,3185-3194,"Consider the normalized cumulative loss of a predictor F on the sequence x/sup n/=(x/sub 1/,...,x/sub n/), denoted L/sub F/(x/sup n/). For a set of predictors G, let L(G,x/sup n/)=min/sub F/spl isin/G/L/sub F/(x/sup n/) denote the loss of the best predictor in the class on x/sup n/. Given the stochastic process X=X/sub 1/,X/sub 2/,..., we look at EL(G,X/sup n/), termed the competitive predictability of G on X/sup n/. Our interest is in the optimal predictor set of size M, i.e., the predictor set achieving min/sub |G|/spl les/M/EL(G,X/sup n/). When M is subexponential in n, simple arguments show that min/sub |G|/spl les/M/EL(G,X/sup n/) coincides, for large n, with the Bayesian envelope min/sub F/EL/sub F/(X/sup n/). We investigate the behavior, for large n, of min/sub |G|/spl les/e//sup nR/EL(G,X/sup n/), which we term the competitive predictability of X at rate R. We show that whenever X has an autoregressive representation via a predictor with an associated independent and identically distributed (i.i.d.) innovation process, its competitive predictability is given by the distortion-rate function of that innovation process. Indeed, it will be argued that by viewing G as a rate-distortion codebook and the predictors in it as codewords allowed to base the reconstruction of each symbol on the past unquantized symbols, the result can be considered as the source-coding analog of Shannon's classical result that feedback does not increase the capacity of a memoryless channel. For a general process X, we show that the competitive predictability is lower-bounded by the Shannon lower bound (SLB) on the distortion-rate function of X and upper-bounded by the distortion-rate function of any (not necessarily memoryless) innovation process through which the process X has an autoregressive representation. Thus, the competitive predictability is also precisely characterized whenever X can be autoregressively represented via an innovation process for which the SLB is tight. The error exponent, i.e., the exponential behavior of min/sub |G|/spl les/exp(nR)/Pr(L(G,X/sup n/)>d), is also characterized for processes that can be autoregressively represented with an i.i.d. innovation process.",40,1.8,10.1109/TIT.2003.820014,https://doi.org/10.1109/TIT.2003.820014,0.1600
Gra75,Process definitions of distortion-rate functions and source coding theorems,"R. Gray, D. Neuhoff, and J. Omura",1975,1975-09-01,IEEE Trans. Inf. Theory,21,524-532,"The standard definition of the distortion-rate function involves a limit of information-tbeoretic minimizations over distributions of random vectors. Several alternative definitions, each involving a single minimization over random processes, are presented here and verified. These definitions parallel Khinchine's process definition of channel capacity, provide a new interpretation of block and nonblock source coding (with a fidelity criterion) theorems in terms of optimal stochastic codes, and provide a comparison between the optimal performance theoretically attainable (OPTA) using block and nonblock source codes. Coupling the process definitions with recently developed bounding techniques provides a new and simple proof of the block source coding theorem for ergodic sources.",61,1.2,10.1109/TIT.1975.1055440,https://doi.org/10.1109/TIT.1975.1055440,0.1400
Sta12,Causal Rate Distortion Function on Abstract Alphabets: Optimal Reconstruction and Properties,"Photios A. Stavrou, C. Charalambous, and C. Kourtellaris",2012,2012-02-04,ArXiv,abs/1202.0895,,"A causal rate distortion function with a general fidelity criterion is formulated on abstract alphabets and a coding theorem is derived. Existence of the minimizing kernel is shown using the topology of weak convergence of probability measures. The optimal reconstruction kernel is derived, which is causal, and certain properties of the causal rate distortion function are presented.",2,0.1,,https://www.semanticscholar.org/paper/e9f76edcca3ab5028938e90f96ad9002adbe4545,0.1300
Cha11,Causal Rate Distortion Function on Abstract Alphabets and Optimal Reconstruction Kernel,"C. Charalambous, Photios A. Stavrou, and C. Kourtellaris",2011,2011-02-16,ArXiv,abs/1102.3294,,"A Causal rate distortion function with a general fidelity criterion is formulated on abstract alphabets and the optimal reconstruction kernel is derived, which consists of a product of causal kernels. In the process, general abstract spaces are introduced to show existence of the minimizing kernel using weak*-convergence. Certain properties of the causal rate distortion function are presented.",1,0.1,,https://www.semanticscholar.org/paper/a6394b7105208888955fed22ca86133e520737be,0.1200
Hot06,On Causal Coding of Markovian Sources with General Alphabets,Manchester Grand Hyatt Hotel,2006,,,,,"We study the structure of optimal causal encoder for a kth order Markovian source, minimizing the total rate subject to a mean-square distortion constraint. In our setup, the source has a general alphabet and the encoder is allowed to be variable-rate. This leads to an optimization problem in an infinite-dimensional space, for which we prove the existence of a solution. We further show that, for k ≥ 1, the optimal causal encoder for a kth order Markovian source uses only the last k source symbols and the information available at the receiver. For k =0 , however, the optimal causal encoder is memoryless. We also consider the infinite-horizon problem, and provide an existence result for an optimal stationary solution. We further show that for coding of a linear source, the quantization of the innovation is an almost optimal scheme in the limit of low-distortion.",0,,,https://www.semanticscholar.org/paper/15b863c0c1a2120b0c332afa33011f5807e368e1,0.1100
Ay08,Predictive information and explorative behavior of autonomous robots,N. Ay et al.,2008,2008-04-24,The European Physical Journal B,63,329-339,"Abstract.Measures of complexity are of immediate interest for the field of autonomous
robots both as a means to classify the behavior and as an objective function
for the autonomous development of robot behavior. In the present paper we
consider predictive information in sensor space as a measure for the
behavioral complexity of a two-wheel embodied robot moving in a rectangular
arena with several obstacles. The mutual information (MI) between past and
future sensor values is found empirically to have a maximum for a behavior
which is both explorative and sensitive to the environment. This makes
predictive information a prospective candidate as an objective function for
the autonomous development of such behaviors. We derive theoretical
expressions for the MI in order to obtain an explicit update rule for the
gradient ascent dynamics. Interestingly, in the case of a linear or
linearized model of the sensorimotor dynamics the structure of the learning
rule derived depends only on the dynamical properties while the value of the
MI influences only the learning rate. In this way the problem of the
prohibitively large sampling times for information theoretic measures can be
circumvented. This result can be generalized and may help to derive explicit
learning rules from complexity theoretic measures. 

",187,10,10.1140/EPJB/E2008-00175-0,https://doi.org/10.1140/EPJB/E2008-00175-0,0.1000
Zie10,Modeling Purposeful Adaptive Behavior with the Principle of Maximum Causal Entropy,Brian D. Ziebart,2010,,,,,"Predicting human behavior from a small amount of training examples is a challenging machine learning problem. In this thesis, we introduce the principle of maximum causal entropy, a general technique for applying information theory to decision-theoretic, game-theoretic, and control settings where relevant information is sequentially revealed over time. This approach guarantees decision-theoretic performance by matching purposeful measures of behavior (Abbeel & Ng, 2004), and/or enforces game-theoretic rationality constraints (Aumann, 1974), while otherwise being as uncertain as possible, which minimizes worst-case predictive log-loss (Grunwald & Dawid, 2003). 
We derive probabilistic models for decision, control, and multi-player game settings using this approach. We then develop corresponding algorithms for efficient inference that include relaxations of the Bellman equation (Bellman, 1957), and simple learning algorithms based on convex optimization. We apply the models and algorithms to a number of behavior prediction tasks. Specifically, we present empirical evaluations of the approach in the domains of vehicle route preference modeling using over 100,000 miles of collected taxi driving data, pedestrian motion modeling from weeks of indoor movement data, and robust prediction of game play in stochastic multi-player games.",751,46,10.1184/R1/6720692.V1,https://doi.org/10.1184/R1/6720692.V1,0.0900
Mar24,"Resource-rational reinforcement learning and sensorimotor causal states, and resource-rational maximiners",Sarah Marzen,2024,2024-04-29,Interface Focus,,,"'
 We propose a new computational-level objective function for theoretical biology and theoretical neuroscience that combines: reinforcement learning, the study of learning with feedback via rewards; rate-distortion theory, a branch of information theory that deals with compressing signals to retain relevant information; and computational mechanics, the study of minimal sufficient statistics of prediction, also known as causal states. We highlight why this proposal is likely only an approximation, but is likely to be an interesting one, and propose a new algorithm for evaluating it to obtain the newly coined ‘reward-rate manifold’. The performance of real and artificial agents in partially observable environments can be newly benchmarked using these reward-rate manifolds. To that end, we calculate an example reward-rate manifold utilizing new equations reminiscent of the Blahut–Arimoto algorithm and propose a general algorithm for computing reward-rate manifolds. Finally, we describe experiments that can probe whether or not biological organisms are resource-rational reinforcement learners, using as an example maximin strategies, as bacteria have been shown to be approximate maximiners—doing their best in the worst-case environment, regardless of what is actually happening. This proposal explains why ‘good enough’ for organisms might actually be near-optimal, if viewed correctly.",3,1.5,10.1098/rsfs.2024.0062,https://doi.org/10.1098/rsfs.2024.0062,0.0800
Lam22,Guaranteed Discovery of Control-Endogenous Latent States with Multi-Step Inverse Models,Alex Lamb et al.,2022,2022-07-17,Trans. Mach. Learn. Res.,2023,,"In many sequential decision-making tasks, the agent is not able to model the full complexity of the world, which consists of multitudes of relevant and irrelevant information. For example, a person walking along a city street who tries to model all aspects of the world would quickly be overwhelmed by a multitude of shops, cars, and people moving in and out of view, each following their own complex and inscrutable dynamics. Is it possible to turn the agent's firehose of sensory information into a minimal latent state that is both necessary and sufficient for an agent to successfully act in the world? We formulate this question concretely, and propose the Agent Control-Endogenous State Discovery algorithm (AC-State), which has theoretical guarantees and is practically demonstrated to discover the minimal control-endogenous latent state which contains all of the information necessary for controlling the agent, while fully discarding all irrelevant information. This algorithm consists of a multi-step inverse model (predicting actions from distant observations) with an information bottleneck. AC-State enables localization, exploration, and navigation without reward or demonstrations. We demonstrate the discovery of the control-endogenous latent state in three domains: localizing a robot arm with distractions (e.g., changing lighting conditions and background), exploring a maze alongside other agents, and navigating in the Matterport house simulator.",35,9.1,,https://www.semanticscholar.org/paper/df2499f13dd98d4ce7a46888834084798c9930e4,0.0700
Ham14,Compressed Predictive State Representation: An Efficient Moment-Method for Sequence Prediction and Sequential Decision-Making,William L. Hamilton,2014,,,,,"The construction of accurate predictive models over sequence data is of fundamental importance in the pursuit of developing artificial agents that are capable of (near)-optimal sequential decision-making in disparate environments. If such predictive models are available, they can be exploited by decision-making agents, allowing them to reason about the future dynamics of a system. Constructing models with sufficient predictive capacity, however, is a difficult task. Under the standard maximum likelihood criterion, these models tend to have non-convex learning objectives, and heuristics such as expectation-maximization suffer from high computational overhead. In contrast, an alternative statistical objective, the so-called method of moments, leads to convex optimizations that are often efficiently solvable via spectral decompositions. This work further improves upon the scalability, efficiency, and accuracy of this moment-based framework by employing techniques from the field of compressed sensing. Specifically, random projections of high-dimensional data are used during learning to (1) provide computational efficiency and (2) regularize the learned predictive models. Both theoretical analyses, outlining an explicit bias-variance trade-off, and experiments, demonstrating the superior empirical performance of the novel algorithm (e.g., compared to uncompressed moment-methods), are provided. Going further, this work introduces a sequential decision-making framework which exploits these compressed learned models. Experiments demonstrate that the combination of the compressed model learning algorithm and this decision-making framework allows for agents to successfully plan in massive, complex environments without prior knowledge.",0,,,https://www.semanticscholar.org/paper/ddadadef3eb26a19a8ba18f89a0084bbb40048f5,0.0600
Zha22,PAC Reinforcement Learning for Predictive State Representations,"Wenhao Zhan, Masatoshi Uehara, Wen Sun, and Jason D. Lee",2022,2022-07-12,ArXiv,abs/2207.05738,,"In this paper we study online Reinforcement Learning (RL) in partially observable dynamical systems. We focus on the Predictive State Representations (PSRs) model, which is an expressive model that captures other well-known models such as Partially Observable Markov Decision Processes (POMDP). PSR represents the states using a set of predictions of future observations and is defined entirely using observable quantities. We develop a novel model-based algorithm for PSRs that can learn a near optimal policy in sample complexity scaling polynomially with respect to all the relevant parameters of the systems. Our algorithm naturally works with function approximation to extend to systems with potentially large state and observation spaces. We show that given a realizable model class, the sample complexity of learning the near optimal policy only scales polynomially with respect to the statistical complexity of the model class, without any explicit polynomial dependence on the size of the state and observation spaces. Notably, our work is the first work that shows polynomial sample complexities to compete with the globally optimal policy in PSRs. Finally, we demonstrate how our general theorem can be directly used to derive sample complexity bounds for special models including $m$-step weakly revealing and $m$-step decodable tabular POMDPs, POMDPs with low-rank latent transition, and POMDPs with linear emission and latent transition.",47,12,10.48550/arXiv.2207.05738,https://doi.org/10.48550/arXiv.2207.05738,0.0500
