Cite Key,Title,Authors,Year,Publication Date,Journal,Volume,Pages,Abstract,Citation Count,Citations/Year,DOI,URL,Relevance Score
Aub91b,Viability theory,J. Aubin,1991,,,,,,1632,46,10.1007/978-0-8176-4910-4,https://doi.org/10.1007/978-0-8176-4910-4,2.2000
Kol12b,A Theory of Goal-Oriented MDPs with Dead Ends,"A. Kolobov, Mausam, and Daniel S. Weld",2012,2012-08-14,ArXiv,abs/1210.4875,,"Stochastic Shortest Path (SSP) MDPs is a problem class widely studied in AI, especially in probabilistic planning. They describe a wide range of scenarios but make the restrictive assumption that the goal is reachable from any state, i.e., that dead-end states do not exist. Because of this, SSPs are unable to model various scenarios that may have catastrophic events (e.g., an airplane possibly crashing if it flies into a storm). Even though MDP algorithms have been used for solving problems with dead ends, a principled theory of SSP extensions that would allow dead ends, including theoretically sound algorithms for solving such MDPs, has been lacking. In this paper, we propose three new MDP classes that admit dead ends under increasingly weaker assumptions. We present Value Iteration-based as well as the more efficient heuristic search algorithms for optimally solving each class, and explore theoretical relationships between these classes. We also conduct a preliminary empirical study comparing the performance of our algorithms on different MDP classes, especially on scenarios with unavoidable dead ends.",95,6.9,,https://www.semanticscholar.org/paper/7b879ee4a07228cdbbaa1c6e31ffa3693c857892,2.0500
Gar08b,On Upper-Confidence Bound Policies for Non-Stationary Bandit Problems,Aurélien Garivier and É. Moulines,2008,2008-05-22,arXiv: Statistics Theory,,,"Multi-armed bandit problems are considered as a paradigm of the trade-off between exploring the environment to find profitable actions and exploiting what is already known. In the stationary case, the distributions of the rewards do not change in time, Upper-Confidence Bound (UCB) policies have been shown to be rate optimal. A challenging variant of the MABP is the non-stationary bandit problem where the gambler must decide which arm to play while facing the possibility of a changing environment. In this paper, we consider the situation where the distributions of rewards remain constant over epochs and change at unknown time instants. We analyze two algorithms: the discounted UCB and the sliding-window UCB. We establish for these two algorithms an upper-bound for the expected regret by upper-bounding the expectation of the number of times a suboptimal arm is played. For that purpose, we derive a Hoeffding type inequality for self normalized deviations with a random number of summands. We establish a lower-bound for the regret in presence of abrupt changes in the arms reward distributions. We show that the discounted UCB and the sliding-window UCB both match the lower-bound up to a logarithmic factor.",329,18,,https://www.semanticscholar.org/paper/6eb7f22b9329ff77d0bdb6d86f35a7b6e62be1e3,1.9000
Ker14,Homeostatic reinforcement learning for integrating reward collection and physiological stability,Mehdi Keramati and B. Gutkin,2014,2014-12-02,eLife,3,,"Efficient regulation of internal homeostasis and defending it against perturbations requires adaptive behavioral strategies. However, the computational principles mediating the interaction between homeostatic and associative learning processes remain undefined. Here we use a definition of primary rewards, as outcomes fulfilling physiological needs, to build a normative theory showing how learning motivated behaviors may be modulated by internal states. Within this framework, we mathematically prove that seeking rewards is equivalent to the fundamental objective of physiological stability, defining the notion of physiological rationality of behavior. We further suggest a formal basis for temporal discounting of rewards by showing that discounting motivates animals to follow the shortest path in the space of physiological variables toward the desired setpoint. We also explain how animals learn to act predictively to preclude prospective homeostatic challenges, and several other behavioral patterns. Finally, we suggest a computational role for interaction between hypothalamus and the brain reward system. DOI: http://dx.doi.org/10.7554/eLife.04811.001",175,15,10.7554/eLife.04811,https://doi.org/10.7554/eLife.04811,1.8500
Guo93b,Performance analysis of the forgetting factor RLS algorithm,"Lei Guo, L. Ljung, and P. Priouret",1993,1993-11-01,International Journal of Adaptive Control and Signal Processing,7,525-537,"An analysis is given of the performance of the standard forgetting factor recursive least squares (RLS) algorithm when used for tracking time-varying linear regression models. Three basic results are obtained: (1) the ‘P-matrix’ in the algorithm remains bounded if and only if the (time-varying) covariance matrix of the regressors is uniformly non-singular; (2) if so, the parameter tracking error covariance matrix is of the order O(μ + γ2/μ), where μ = 1 - λ, λ is the forgetting factor and γ is a quantity reflecting the speed of the parameter variations; (3) this covariance matrix can be arbitrarily well approximated (for small enough μ) by an expression that is easy to compute.",93,2.9,10.1002/ACS.4480070604,https://doi.org/10.1002/ACS.4480070604,1.7500
Yua19,Trading-Off Static and Dynamic Regret in Online Least-Squares and Beyond,Jianjun Yuan and Andrew G. Lamperski,2019,2019-09-06,ArXiv,abs/1909.03118,,"Recursive least-squares algorithms often use forgetting factors as a heuristic to adapt to non-stationary data streams. The first contribution of this paper rigorously characterizes the effect of forgetting factors for a class of online Newton algorithms. For exp-concave and strongly convex objectives, the algorithms achieve the dynamic regret of $\max\{O(\log T),O(\sqrt{TV})\}$, where $V$ is a bound on the path length of the comparison sequence. In particular, we show how classic recursive least-squares with a forgetting factor achieves this dynamic regret bound. By varying $V$, we obtain a trade-off between static and dynamic regret. In order to obtain more computationally efficient algorithms, our second contribution is a novel gradient descent step size rule for strongly convex functions. Our gradient descent rule recovers the order optimal dynamic regret bounds described above. For smooth problems, we can also obtain static regret of $O(T^{1-\beta})$ and dynamic regret of $O(T^\beta V^*)$, where $\beta \in (0,1)$ and $V^*$ is the path length of the sequence of minimizers. By varying $\beta$, we obtain a trade-off between static and dynamic regret.",26,3.9,10.1609/AAAI.V34I04.6149,https://doi.org/10.1609/AAAI.V34I04.6149,1.4500
Rus19b,Weighted Linear Bandits for Non-Stationary Environments,"Yoan Russac, Claire Vernade, and O. Cappé",2019,2019-09-19,Neural Information Processing Systems,,12017-12026,"We consider a stochastic linear bandit model in which the available actions correspond to arbitrary context vectors whose associated rewards follow a non-stationary linear regression model. In this setting, the unknown regression parameter is allowed to vary in time. To address this problem, we propose D-LinUCB, a novel optimistic algorithm based on discounted linear regression, where exponential weights are used to smoothly forget the past. This involves studying the deviations of the sequential weighted least-squares estimator under generic assumptions. As a by-product, we obtain novel deviation results that can be used beyond non-stationary environments. We provide theoretical guarantees on the behavior of D-LinUCB in both slowly-varying and abruptly-changing environments. We obtain an upper bound on the dynamic regret that is of order d B_T^{1/3}T^{2/3}, where B_T is a measure of non-stationarity (d and T being, respectively, dimension and horizon). This rate is known to be optimal. We also illustrate the empirical performance of D-LinUCB and compare it with recently proposed alternatives in simulated environments.",119,18,,https://www.semanticscholar.org/paper/821cb38c5f408e681840b3237093ad0cd33b6aa7,1.3500
Doy10,Stochastic viability and dynamic programming,L. Doyen and M. Lara,2010,2010-02-05,Syst. Control. Lett.,59,629-634,"This paper deals with the stochastic control of nonlinear systems in the presence of state and control constraints, for uncertain discrete-time dynamics in finite dimensional spaces. In the deterministic case, the viability kernel is known to play a basic role for the analysis of such problems and the design of viable control feedbacks. In the present paper, we show how a stochastic viability kernel and viable feedbacks relying on probability (or chance) constraints can be defined and computed by a dynamic programming equation. An example illustrates most of the assertions.",69,4.2,10.1016/j.sysconle.2010.07.008,https://doi.org/10.1016/j.sysconle.2010.07.008,1.3000
Tei12b,Stochastic Safest and Shortest Path Problems,F. Teichteil-Königsbuch,2012,2012-07-22,Proceedings of the AAAI Conference on Artificial Intelligence,,,"'
 
 Optimal solutions to Stochastic Shortest Path Problems (SSPs) usually require that there exists at least one policy that reaches the goal with probability 1 from the initial state. This condition is very strong and prevents from solving many interesting problems, for instance where all possible policies reach some dead-end states with a positive probability. We introduce a more general and richer dual optimization criterion, which minimizes the average (undiscounted) cost of only paths leading to the goal among all policies that maximize the probability to reach the goal. We present policy update equations in the form of dynamic programming for this new dual criterion, which are different from the standard Bellman equations, but produce the same solution if there exists one policy leading to the goal with probability 1 from the initial state. We demonstrate that our equations converge in infinite horizon without any condition on the structure of the problem or on its policies, which actually extends the class of SSPs that can be solved. We experimentally show that our dual criterion provides well-founded solutions to SSPs that can not be solved by the standard criterion, and that using a discount factor with the latter certainly provides solution policies but which are not optimal considering our well-founded criterion.
 
",61,4.4,10.1609/aaai.v26i1.8367,https://doi.org/10.1609/aaai.v26i1.8367,1.2500
Ben87,Design of adaptive algorithms for the tracking of time‐varying systems,A. Benveniste,1987,1987-09-01,International Journal of Adaptive Control and Signal Processing,1,3-29,"Abstract The design of adaptive algorithms for the purpose of the tracking of slowly time varying systems is investigated . A criterion for measuring the tracking capability of an algorithm in this situation was introduced in an earlier work; the domain of vali dity of this criterion is shown to be much wider than expected before. On the other hand, multistep algorithms, introduced in the Soviet literature, are generalized and systematically studied; they are shown to provide significant improvements over the classical (one-step) methods for the purpose of tracking. Finally, a complete design me thodology for adaptive algorithms used on time varying systems is given.",115,3.0,10.1002/ACS.4480010103,https://doi.org/10.1002/ACS.4480010103,1.2200
Lai87,Asymptotically efficient self-tuning regulators,T. Lai and C. Z. Wei,1987,1987-03-01,Siam Journal on Control and Optimization,25,466-481,"This paper studies the problem of adaptive regulation of linear systems with white-noise disturbances. The apparent dilemma between the control objective and the need of information for parameter estimation is resolved by occasional use of white-noise probing inputs and by a reparametrization of the model. Insights into the question concerning how often and when such probing inputs should be introduced are provided by the concept of “asymptotic efficiency,” which quantifies the asymptotically minimal cost due to parameter ignorance, or equivalently, due to the infeasibility of using the optimal regulator that assumes knowledge of the system parameters. Asymptotically efficient adaptive regulators are constructed by making use of certain basic properties of adaptive predictors involving recursive least squares for the reparametrized model.",54,1.4,10.1137/0325026,https://doi.org/10.1137/0325026,1.1800
Tre17c,Efficient solutions for Stochastic Shortest Path Problems with Dead Ends,"Felipe W. Trevizan, F. Teichteil-Königsbuch, and S. Thiébaux",2017,,Conference on Uncertainty in Artificial Intelligence,,,"Many planning problems require maximizing the probability of goal satisfaction as well as minimizing the expected cost to reach the goal. To model and solve such problems, there have been several attempts at extending Stochastic Shortest Path problems (SSPs) to deal with dead ends and optimize a dual optimization criterion. Unfortunately these extensions lack either theoretical robustness or practical efﬁciency. We study a new, perhaps more natural optimization criterion capturing these problems, the Min-Cost given Max-Prob (MCMP) criterion. This criterion leads to the minimum expected cost policy among those with maximum success probability, and accurately accounts for the cost and risk of reaching dead ends. Moreover, it lends itself to efﬁcient solution methods that build on recent heuristic search algorithms for the dual representation of stochastic shortest paths problems. Our experiments show up to one order of magnitude speed-up over the state of the art.",33,3.5,,https://www.semanticscholar.org/paper/9d217059284f4efda99fdff13f5e405364242b9a,1.1500
Mas21b,Safe Value Functions,"P. Massiani, Steve Heim, Friedrich Solowjow, and Sebastian Trimpe",2021,2021-05-25,IEEE Transactions on Automatic Control,68,2743-2757,"Safety constraints and optimality are important but sometimes conflicting criteria for controllers. Although these criteria are often solved separately with different tools to maintain formal guarantees, it is also common practice in reinforcement learning (RL) to simply modify reward functions by penalizing failures, with the penalty treated as a mere heuristic. We rigorously examine the relationship of both safety and optimality to penalties, and formalize sufficient conditions for safe value functions (SVFs): value functions that are both optimal for a given task, and enforce safety constraints. We reveal this structure by examining when rewards preserve viability under optimal control, and show that there always exists a finite penalty that induces an SVF. This penalty is not unique, but upper-unbounded: larger penalties do not harm optimality. Although it is often not possible to compute the minimum required penalty, we reveal clear structure of how the penalty, rewards, discount factor, and dynamics interact. This insight suggests practical, theory-guided heuristics to design reward functions for control problems where safety is important.",20,4.0,10.1109/TAC.2022.3200948,https://doi.org/10.1109/TAC.2022.3200948,1.1000
Jac24,Online Linear Regression in Dynamic Environments via Discounting,A. Jacobsen and Ashok Cutkosky,2024,2024-05-29,International Conference on Machine Learning,,21083-21120,"We develop algorithms for online linear regression which achieve optimal static and dynamic regret guarantees \emph{even in the complete absence of prior knowledge}. We present a novel analysis showing that a discounted variant of the Vovk-Azoury-Warmuth forecaster achieves dynamic regret of the form $R_{T}(\vec{u})\le O\left(d\log(T)\vee \sqrt{dP_{T}^{\gamma}(\vec{u})T}\right)$, where $P_{T}^{\gamma}(\vec{u})$ is a measure of variability of the comparator sequence, and show that the discount factor achieving this result can be learned on-the-fly. We show that this result is optimal by providing a matching lower bound. We also extend our results to \emph{strongly-adaptive} guarantees which hold over every sub-interval $[a,b]\subseteq[1,T]$ simultaneously.",15,7.6,10.48550/arXiv.2405.19175,https://doi.org/10.48550/arXiv.2405.19175,1.0900
Deo20,A randomized relaxation method to ensure feasibility in stochastic control of linear systems subject to state and input constraints,"Luca Deori, S. Garatti, and M. Prandini",2020,2020-05-01,Autom.,115,108854,"Abstract We consider a linear system affected by an additive stochastic disturbance and address the design of a finite horizon control policy that is optimal according to some cost criterion and accounts also for probabilistic constraints on both the input and state variables. The resulting policy can be implemented over a receding horizon according to the model predictive control strategy. Such a possibility, however, is hampered by the fact that a feasibility issue may arise when recomputing the policy. Infeasibility indeed can occur if the disturbance has unbounded support and the state is required to remain in a bounded set. In this paper, we propose a solution to this issue that is based on the introduction of a constraint relaxation that becomes effective only when the original problem turns out to be unfeasible. This is obtained via a cascade of two probabilistically-constrained optimization problems where, in the first one, performance is neglected and the policy is designed to fully recover feasibility or – if this is not possible – to determine the minimum level of relaxation which is needed to recover feasibility; in the second step, such a minimum relaxation level is imposed while optimally (re-)tuning the control policy parameters. Both problems are solved through a computationally tractable scenario-based scheme using a finite number of disturbance realizations and providing an approximate solution that satisfies with high confidence the original probabilistic constraints of the cascade.",3,0.5,10.1016/j.automatica.2020.108854,https://doi.org/10.1016/j.automatica.2020.108854,1.0800
Koz18,On-Line Learning of Linear Dynamical Systems: Exponential Forgetting in Kalman Filters,"Mark Kozdoba, Jakub Marecek, T. Tchrakian, and Shie Mannor",2018,2018-09-16,AAAI Conference on Artificial Intelligence,,4098-4105,"The Kalman filter is a key tool for time-series forecasting and analysis. We show that the dependence of a prediction of Kalman filter on the past is decaying exponentially, whenever the process noise is non-degenerate. Therefore, Kalman filter may be approximated by regression on a few recent observations. Surprisingly, we also show that having some process noise is essential for the exponential decay. With no process noise, it may happen that the forecast depends on all of the past uniformly, which makes forecasting more difficult.Based on this insight, we devise an on-line algorithm for improper learning of a linear dynamical system (LDS), which considers only a few most recent observations. We use our decay results to provide the first regret bounds w.r.t. to Kalman filters within learning an LDS. That is, we compare the results of our algorithm to the best, in hindsight, Kalman filter for a given signal. Also, the algorithm is practical: its per-update run-time is linear in the regression depth.",35,4.6,10.1609/aaai.v33i01.33014098,https://doi.org/10.1609/aaai.v33i01.33014098,1.0500
Kul84,Tracking of Slowly Varying Parameters by Directional Forgetting,R. Kulhavý and M. Kárný,1984,1984-07-01,IFAC Proceedings Volumes,17,687-692,,189,4.5,10.1016/S1474-6670(17)61051-6,https://doi.org/10.1016/S1474-6670(17)61051-6,1.0300
Lac19,Probabilistic planning with formal performance guarantees for mobile service robots,"Bruno Lacerda, Fatma Faruq, David Parker, and Nick Hawes",2019,2019-06-16,The International Journal of Robotics Research,38,1098 - 1123,"We present a framework for mobile service robot task planning and execution, based on the use of probabilistic verification techniques for the generation of optimal policies with attached formal performance guarantees. Our approach is based on a Markov decision process model of the robot in its environment, encompassing a topological map where nodes represent relevant locations in the environment, and a range of tasks that can be executed in different locations. The navigation in the topological map is modeled stochastically for a specific time of day. This is done by using spatio-temporal models that provide, for a given time of day, the probability of successfully navigating between two topological nodes, and the expected time to do so. We then present a methodology to generate cost optimal policies for tasks specified in co-safe linear temporal logic. Our key contribution is to address scenarios in which the task may not be achievable with probability one. We introduce a task progression function and present an approach to generate policies that are formally guaranteed to, in decreasing order of priority: maximize the probability of finishing the task; maximize progress towards completion, if this is not possible; and minimize the expected time or cost required. We illustrate and evaluate our approach with a scalability evaluation in a simulated scenario, and report on its implementation in a robot performing service tasks in an office environment for long periods of time.",53,7.6,10.1177/0278364919856695,https://doi.org/10.1177/0278364919856695,1.0100
Nar87,Persistent excitation in adaptive systems,K. Narendra and A. Annaswamy,1987,,International Journal of Control,45,127-160,"The importance of the concept of persistent excitation (PE) in adaptive identification and control has been recognized for some time. Recently it has become evident that it also plays a central role in many questions related to the robustness of adaptive systems. There is every reason to believe that arguments involving this concept will continue to feature prominently in the analysis of most of the important problems of adaptive control. Hence there is a real need for a deeper understanding of the concept. The paper is written with three objectives. The first, which is tutorial in nature, is to provide a general framework for the discussion of persistent excitation and to collect results in the area, which are scattered throughout the adaptive literature. The second objective is to present some new results related to the uniform asymptotic stability (u.a.s.) and robustness of adaptive systems and the relation of PE to the stability properties of a class of non-linear systems. The final objective is to di...",358,9.1,10.1080/00207178708933715,https://doi.org/10.1080/00207178708933715,1.0000
Kul93,On a general concept of forgetting,R. Kulhavý and M. Zarrop,1993,1993-10-01,International Journal of Control,58,905-924,"Practice leads us to seek a simple method which would make parameter estimation (and subsequent control or signal processing) reliably adaptive. Unfortunately, in most applications we lack sufficient information to specify a complete model of parameter variations. In other words, the problem is ‘under-determined’ which prevents us from employing standard equations of probability calculus. In this paper we apply known principles of rational behaviour in such situations to propose a plausible and well justified solution. The result we get is close to classical exponential forgetting, but regularized by available prior information. We demonstrate the practical implications of this feature.",169,5.2,10.1080/00207179308923034,https://doi.org/10.1080/00207179308923034,0.9800
Mes17c,Stochastic model predictive control with active uncertainty learning: A Survey on dual control,A. Mesbah,2017,2017-11-20,Annu. Rev. Control.,45,107-117,,217,26,10.1016/j.arcontrol.2017.11.001,https://doi.org/10.1016/j.arcontrol.2017.11.001,0.9600
Ehl16b,Risk-Averse ω-regular Markov Decision Process Control,"Rüdiger Ehlers, Salar Moarref, and U. Topcu",2016,2016-03-22,ArXiv,abs/1603.06716,,"Many control problems in environments that can be modeled as Markov decision processes (MDPs) concern infinite-time horizon specifications. The classical aim in this context is to compute a control policy that maximizes the probability of satisfying the specification. In many scenarios, there is however a non-zero probability of failure in every step of the system's execution. For infinite-time horizon specifications, this implies that the specification is violated with probability 1 in the long run no matter what policy is chosen, which prevents previous policy computation methods from being useful in these scenarios. 
In this paper, we introduce a new optimization criterion for MDP policies that captures the task of working towards the satisfaction of some infinite-time horizon $\omega$-regular specification. The new criterion is applicable to MDPs in which the violation of the specification cannot be avoided in the long run. We give an algorithm to compute policies that are optimal in this criterion and show that it captures the ideas of optimism and risk-averseness in MDP control: while the computed policies are optimistic in that a MDP run enters a failure state relatively late, they are risk-averse by always maximizing the probability to reach their respective next goal state. We give results on two robot control scenarios to validate the usability of risk-averse MDP policies.",1,0.1,,https://www.semanticscholar.org/paper/83f40dc9d6c3196e5ff4f156820d4274d92ef815,0.9500
Cai20b,Optimal Probabilistic Motion Planning With Potential Infeasible LTL Constraints,"Mingyu Cai, Shaoping Xiao, Zhijun Li, and Z. Kan",2020,2020-07-28,IEEE Transactions on Automatic Control,68,301-316,"This paper studies optimal motion planning subject to motion and environment uncertainties. By modeling the system as a probabilistic labeled Markov decision process (PL-MDP), the control objective is to synthesize a finite-memory policy, under which the agent satisfies complex high-level tasks expressed as linear temporal logic (LTL) with desired satisfaction probability. In particular, the cost optimization of the trajectory that satisfies infinite horizon tasks is considered, and the trade-off between reducing the expected mean cost and maximizing the probability of task satisfaction is analyzed. The LTL formulas are converted to limit-deterministic Büchi automata (LDBA) with a reachability acceptance condition and a compact graph structure. The novelty of this work lies in considering the cases where LTL specifications can be potentially infeasible and developing a relaxed product MDP between PL- MDP and LDBA. The relaxed product MDP allows the agent to revise its motion plan whenever the task is not fully feasible and quantify the revised plan’s violation measurement. A multi- objective optimization problem is then formulated to jointly consider the probability of task satisfaction, the violation with respect to original task constraints, and the implementation cost of the policy execution. The formulated problem can be solved via coupled linear programs. This work first bridges the gap between probabilistic planning revision of potential infeasible LTL specifications and optimal control synthesis of both plan prefix and plan suffix of the trajectory over the infinite horizons. Experimental results are provided to demonstrate the effectiveness of the proposed framework.",51,8.8,10.1109/TAC.2021.3138704,https://doi.org/10.1109/TAC.2021.3138704,0.9500
Bar76,"Caution, Probing, and the Value of Information in the Control of Uncertain Systems",Y. Bar-Shalom and E. Tse,1976,1976-07-01,,,323-337,,67,1.3,,https://www.semanticscholar.org/paper/239c259f0ffcc625c38c26daf37bd7f027c0998d,0.9400
Guo90,Estimating time-varying parameters by the Kalman filter based algorithm: stability and convergence,Lei Guo,1990,1990-02-01,IEEE Transactions on Automatic Control,35,141-147,"Convergence and stability properties of the Kalman filter-based parameter estimator are established for linear stochastic time-varying regression models. The main features are: both the variances and sample path averages of the parameter tracking error are shown to be bounded; the regression vector includes both stochastic and deterministic signals, and no assumptions of stationarity or independence are requires; and the unknown parameters are only assumed to have bounded variations in an average sense. >",154,4.2,10.1109/9.45169,https://doi.org/10.1109/9.45169,0.9200
Che20f,Reinforcement Learning for Non-Stationary Markov Decision Processes: The Blessing of (More) Optimism,"Wang Chi Cheung, D. Simchi-Levi, and Ruihao Zhu",2020,2020-06-24,ArXiv,abs/2006.14389,,"We consider un-discounted reinforcement learning (RL) in Markov decision processes (MDPs) under drifting non-stationarity, i.e., both the reward and state transition distributions are allowed to evolve over time, as long as their respective total variations, quantified by suitable metrics, do not exceed certain variation budgets. We first develop the Sliding Window Upper-Confidence bound for Reinforcement Learning with Confidence Widening (SWUCRL2-CW) algorithm, and establish its dynamic regret bound when the variation budgets are known. In addition, we propose the Bandit-over-Reinforcement Learning (BORL) algorithm to adaptively tune the SWUCRL2-CW algorithm to achieve the same dynamic regret bound, but in a parameter-free manner, i.e., without knowing the variation budgets. Notably, learning non-stationary MDPs via the conventional optimistic exploration technique presents a unique challenge absent in existing (non-stationary) bandit learning settings. We overcome the challenge by a novel confidence widening technique that incorporates additional optimism.",114,19,,https://www.semanticscholar.org/paper/5b3e68658c99ed9c461a909b16b862221946d6ad,0.9000
Ker11,A Reinforcement Learning Theory for Homeostatic Regulation,Mehdi Keramati and B. Gutkin,2011,2011-12-12,Neural Information Processing Systems,,82-90,"Reinforcement learning models address animal's behavioral adaptation to its changing ""external"" environment, and are based on the assumption that Pavlovian, habitual and goal-directed responses seek to maximize reward acquisition. Negative-feedback models of homeostatic regulation, on the other hand, are concerned with behavioral adaptation in response to the ""internal"" state of the animal, and assume that animals' behavioral objective is to minimize deviations of some key physiological variables from their hypothetical setpoints. Building upon the drive-reduction theory of reward, we propose a new analytical framework that integrates learning and regulatory systems, such that the two seemingly unrelated objectives of reward maximization and physiological-stability prove to be identical. The proposed theory shows behavioral adaptation to both internal and external states in a disciplined way. We further show that the proposed framework allows for a unified explanation of some behavioral pattern like motivational sensitivity of different associative learning mechanism, anticipatory responses, interaction among competing motivational systems, and risk aversion.",52,3.6,,https://www.semanticscholar.org/paper/ea210f761a19395d4b70f53dec2b6f446db22ebe,0.9000
Lah15,This Time the Robot Settles for a Cost: A Quantitative Approach to Temporal Logic Planning with Partial Satisfaction,"Morteza Lahijanian, Shaull Almagor, Dror Fried, L. Kavraki, and Moshe Y. Vardi",2015,2015-01-25,AAAI Conference on Artificial Intelligence,,3664-3671,"'
 
 The specification of complex motion goals through temporal logics is increasingly favored in robotics to narrow the gap between task and motion planning. A major limiting factor of such logics, however, is their Boolean satisfaction condition. To relax this limitation, we introduce a method for quantifying the satisfaction of co-safe linear temporal logic specifications, and propose a planner that uses this method to synthesize robot trajectories with the optimal satisfaction value. The method assigns costs to violations of specifications from user-defined proposition costs. These violation costs define a distance to satisfaction and can be computed algorithmically using a weighted automaton. The planner utilizes this automaton and an abstraction of the robotic system to construct a product graph that captures all possible robot trajectories and their distances to satisfaction. Then, a plan with the minimum distance to satisfaction is generated by employing this graph as the high-level planner in a synergistic planning framework. The efficacy of the method is illustrated on a robot with unsatisfiable specifications in an office environment.
 
",72,6.4,10.1609/aaai.v29i1.9670,https://doi.org/10.1609/aaai.v29i1.9670,0.9000
Lju91,A result on the mean square error obtained using general tracking algorithms,L. Ljung and P. Priouret,1991,1991-07-01,International Journal of Adaptive Control and Signal Processing,5,231-248,"Tracking time-varying properties is of crucial importance in all adaptive algorithms. In this contribution we study a fairly general algorithm for tracking properties of model parameters that can be described in a linear regression form (including AR models and the like). An explicit expression for the mean square error between the estimated and the true (time-varying) parameter is established. For slow adaptation this expression can be arbitrarily well approximated by a much simpler expression. The treatment differs from other related studies using weak convergence theory, averaging, etc. in that the results are not asymptotic in nature and are applicable also to the transient phase as well as over unbounded time intervals.",37,1.1,10.1002/ACS.4480050402,https://doi.org/10.1002/ACS.4480050402,0.8800
Kul85,Restricted exponential forgetting in real-time identification,R. Kulhavý,1985,1985-07-01,Autom.,23,589-600,,307,7.5,10.1016/0005-1098(87)90054-9,https://doi.org/10.1016/0005-1098(87)90054-9,0.8700
Fil00,Survey of adaptive dual control methods,N. Filatov and H. Unbehauen,2000,,,147,118-128,"A survey of adaptive dual control methods, elaborated from the early 1960s until the present, is given. The development of dual control methods is considered in chronological order, taking into account its close interconnection with general progress in adaptive control theory and applications. Detailed classifications of stochastic adaptive control methods and dual control methods are presented. The properties of a neutral control system and the nature of the dual effect in adaptive control systems are described. The historical stages of the development of the theory and applications of dual control are reviewed.",158,6.0,10.1049/IP-CTA:20000107,https://doi.org/10.1049/IP-CTA:20000107,0.8600
Kim14,On the minimal revision problem of specification automata,"Kangjin Kim, Georgios Fainekos, and S. Sankaranarayanan",2014,2014-04-08,The International Journal of Robotics Research,34,1515 - 1535,"As robots are being integrated into our daily lives, it becomes necessary to provide guarantees on their safe and provably correct operation. Such guarantees can be provided using automata theoretic task and mission planning where the requirements are expressed as temporal logic specifications. However, in real-life scenarios, it is to be expected that not all user task requirements can be realized by the robot. In such cases, the robot must provide feedback to the user on why it cannot accomplish a given task. Moreover, the robot should indicate what tasks it can accomplish which are as “close” as possible to the initial user intent. This paper establishes that the latter problem, which is referred to as the minimal specification revision problem, is NP-complete. A heuristic algorithm is presented that can compute good approximations to the Minimal Revision Problem (MRP) in polynomial time. The experimental study of the algorithm demonstrates that in most problem instances the heuristic algorithm actually returns the optimal solution. Finally, some cases where the algorithm does not return the optimal solution are presented.",29,2.4,10.1177/0278364915587034,https://doi.org/10.1177/0278364915587034,0.8500
Pez15,"Active Inference, homeostatic regulation and adaptive behavioural control","G. Pezzulo, Francesco Rigoli, and Karl J. Friston",2015,2015-11-01,Progress in Neurobiology,134,17 - 35,"Highlights • An Active Inference account of homeostatic regulation and behavioural control.• Pavlovian, habitual and goal-directed behaviours explained with one scheme.• A possible phylogenetic trajectory from simpler to hierarchical controllers.• Precision-dependent processes regulate habitual and goal-directed behaviour.",556,53,10.1016/j.pneurobio.2015.09.001,https://doi.org/10.1016/j.pneurobio.2015.09.001,0.8500
Tse72b,An actively adaptive control for linear systems with random parameters via the dual control approach,E. Tse and Y. Bar-Shalom,1972,1972-12-01,IEEE Conference on Decision and Control,11,623-627,"A new method is presented for controlling a discrete-time linear system with, possibly time-varying, random parameters in the presence of input and output noise. The cost is assumed to be quadratic in the state and control. Previous algorithms for the above problem when the system had both zeroes and poles unknown were of the open-loop feedback type, i.e., they did not take into account that future observations will be made. Therefore, even though these schemes were adaptive, their learning was ""accidental"". In contrast to this, the new approach uses an expression of the optimal cost-to-go that exhibits the dual purpose of the control: learning and control. The effect of the present control on the future estimation (""learning"") appears explicitly in the cost used in the stochastic dynamic programming equation. The resulting sequence of controls, which is of the closed-loop type, is shown via simulations to appropriately divide its energy between the learning and the control purposes. Therefore, this control is called actively adaptive because it regulates the speed and amount of learning as required by the performance index. The simulations on a third order system with six unknown parameters also demonstrate the computational feasibility of the proposed algorithm.",123,2.3,10.1109/CDC.1972.269088,https://doi.org/10.1109/CDC.1972.269088,0.8400
Sal88,Modified least squares algorithm incorporating exponential resetting and forgetting,"M. Salgado, G. Goodwin, and R. Middleton",1988,1988-02-01,International Journal of Control,47,477-491,In this paper we present the general analysis of a class of least squares algorithms with emphasis on their dynamic performance particularly in the presence of poor excitation. The analysis is carried out in a deterministic framework and stresses geometrical interpretations. The core of this paper is the proposal and analysis of a new algorithm which incorporates exponential forgetting and resetting to an unprejudiced treatment of data when excitation is poor. The algorithm is particularly suitable for tracking time-varying parameters and is similar in computational complexity to the standard recursive least squares algorithm. The superior performance of the algorithm is verified via simulation studies.,227,5.9,10.1080/00207178808906026,https://doi.org/10.1080/00207178808906026,0.8200
Bus23,Bi-Objective Lexicographic Optimization in Markov Decision Processes with Related Objectives,Damien Busatto-Gaston et al.,2023,2023-05-16,ArXiv,abs/2305.09634,,"We consider lexicographic bi-objective problems on Markov Decision Processes (MDPs), where we optimize one objective while guaranteeing optimality of another. We propose a two-stage technique for solving such problems when the objectives are related (in a way that we formalize). We instantiate our technique for two natural pairs of objectives: minimizing the (conditional) expected number of steps to a target while guaranteeing the optimal probability of reaching it; and maximizing the (conditional) expected average reward while guaranteeing an optimal probability of staying safe (w.r.t. some safe set of states). For the first combination of objectives, which covers the classical frozen lake environment from reinforcement learning, we also report on experiments performed using a prototype implementation of our algorithm and compare it with what can be obtained from state-of-the-art probabilistic model checkers solving optimal reachability.",4,1.3,10.48550/arXiv.2305.09634,https://doi.org/10.48550/arXiv.2305.09634,0.8200
Fri15,Active inference and epistemic value,Karl J. Friston et al.,2015,2015-02-17,Cognitive Neuroscience,6,187 - 214,"We offer a formal treatment of choice behavior based on the premise that agents minimize the expected free energy of future outcomes. Crucially, the negative free energy or quality of a policy can be decomposed into extrinsic and epistemic (or intrinsic) value. Minimizing expected free energy is therefore equivalent to maximizing extrinsic value or expected utility (defined in terms of prior preferences or goals), while maximizing information gain or intrinsic value (or reducing uncertainty about the causes of valuable outcomes). The resulting scheme resolves the exploration-exploitation dilemma: Epistemic value is maximized until there is no further information gain, after which exploitation is assured through maximization of extrinsic value. This is formally consistent with the Infomax principle, generalizing formulations of active vision based upon salience (Bayesian surprise) and optimal decisions based on expected utility and risk-sensitive (Kullback-Leibler) control. Furthermore, as with previous active inference formulations of discrete (Markovian) problems, ad hoc softmax parameters become the expected (Bayes-optimal) precision of beliefs about, or confidence in, policies. This article focuses on the basic theory, illustrating the ideas with simulations. A key aspect of these simulations is the similarity between precision updates and dopaminergic discharges observed in conditioning paradigms.",682,61,10.1080/17588928.2015.1020053,https://doi.org/10.1080/17588928.2015.1020053,0.8000
Lar08,Robust and stochastic viability,M. Lara and L. Doyen,2008,,,,171-191,,0,,10.1007/978-3-540-79074-7_7,https://doi.org/10.1007/978-3-540-79074-7_7,0.8000
Hei13,An MPC Approach to Dual Control,"Tor Aksel N. Heirung, B. Ydstie, and B. Foss",2013,2013-12-01,IFAC Proceedings Volumes,46,69-74,"Abstract We present a model predictive control (MPC) approach to solve the dual adaptive control problem. The cost function minimized by the controller rewards probing the system for information when the parameter estimates are poor. The control algorithm is designed to handle poorly identified models and excites the system so that information can be gathered to achieve the optimal trade-off between process control and identification. This excitation is achieved without requiring the input to be persistently exciting; rather, the probing objective is based on an exact formulation of the expected value of the output error at the first time stage. The resulting expression is also used for the second time stage; this ensures that a proper trade-off between excitation and output regulation is maintained. The algorithm can be viewed as the merging of adaptive control with MPC and its design can easily be implemented with modifications to an existing MPC. As an example we consider a first-order linear process system with two unknown parameters. Our proposed algorithm probes the system even when the output error is small and quickly gathers enough information to correctly identify the unknown plant parameters.",15,1.2,10.3182/20131218-3-IN-2045.00151,https://doi.org/10.3182/20131218-3-IN-2045.00151,0.7900
Yos16,On Reward Function for Survival,N. Yoshida,2016,2016-06-18,ArXiv,abs/1606.05767,,"Obtaining a survival strategy (policy) is one of the fundamental problems of biological agents. In this paper, we generalize the formulation of previous research related to the survival of an agent and we formulate the survival problem as a maximization of the multi-step survival probability in future time steps. We introduce a method for converting the maximization of multi-step survival probability into a classical reinforcement learning problem. Using this conversion, the reward function (negative temporal cost function) is expressed as the log of the temporal survival probability. And we show that the objective function of the reinforcement learning in this sense is proportional to the variational lower bound of the original problem. Finally, We empirically demonstrate that the agent learns survival behavior by using the reward function introduced in this paper.",8,0.8,,https://www.semanticscholar.org/paper/0466f1aaa36e2f174c0153475099a4f47ffa35cc,0.7800
Aub11,Viability Theory: New Directions,"J. Aubin, A. Bayen, and P. Saint-Pierre",2011,2011-07-19,,,,,366,25,10.1007/978-3-642-16684-6,https://doi.org/10.1007/978-3-642-16684-6,0.7800
Fri12,Active inference and agency: optimal control without cost functions,"Karl J. Friston, Spyridon Samothrakis, and P. Montague",2012,2012-10-01,Biological Cybernetics,106,523-541,"This paper describes a variational free-energy formulation of (partially observable) Markov decision problems in decision making under uncertainty. We show that optimal control can be cast as active inference. In active inference, both action and posterior beliefs about hidden states minimise a free energy bound on the negative log-likelihood of observed states, under a generative model. In this setting, reward or cost functions are absorbed into prior beliefs about state transitions and terminal states. Effectively, this converts optimal control into a pure inference problem, enabling the application of standard Bayesian filtering techniques. We then consider optimal trajectories that rest on posterior beliefs about hidden states in the future. Crucially, this entails modelling control as a hidden state that endows the generative model with a representation of agency. This leads to a distinction between models with and without inference on hidden control states; namely, agency-free and agency-based models, respectively.",223,16,10.1007/s00422-012-0512-8,https://doi.org/10.1007/s00422-012-0512-8,0.7500
Bla21,Efficient Strategy Synthesis for MDPs With Resource Constraints,"František Blahoudek, Petr Novotn'y, M. Ornik, Pranay Thangeda, and U. Topcu",2021,2021-05-05,IEEE Transactions on Automatic Control,68,4586-4601,"We consider qualitative strategy synthesis for the formalism called consumption Markov decision processes. This formalism can model the dynamics of an agent that operates under resource constraints in a stochastic environment. The presented algorithms work in time polynomial with respect to the representation of the model and they synthesize strategies ensuring that a given set of goal states will be reached (once or infinitely many times) with probability 1 without resource exhaustion. In particular, when the amount of resource becomes too low to safely continue in the mission, the strategy changes course of the agent toward one of a designated set of reload states where the agent replenishes the resource to full capacity; with a sufficient amount of resource, the agent attempts to fulfill the mission again. We also present two heuristics that attempt to reduce the expected time that the agent needs to fulfill the given mission, a parameter important in practical planning. The presented algorithms were implemented, and the numerical examples demonstrate the effectiveness (in terms of computation time) of the planning approach based on consumption Markov decision processes and the positive impact of the two heuristics on planning in a realistic example.",7,1.4,10.1109/TAC.2022.3209612,https://doi.org/10.1109/TAC.2022.3209612,0.7500
Buc19,Viability of an open set for stochastic control systems,"R. Buckdahn, Hélène Frankowska, and M. Quincampoix",2019,2019-10-01,Stochastic Processes and their Applications,,,"Abstract The problem of compatibility of a stochastic control system and a set of constraints – the so called viability property – has been widely investigated during the last three decades. Given a stochastic control system, the question is to characterize sets A such that for any initial condition in A there exists a control ensuring that the associated stochastic process remains forever almost surely in A (this is called the viability property of A ). When A is closed and the dynamics is continuous, the viability property has been characterized in the literature through several equivalent geometric conditions involving A , the drift and the diffusion of the control system. In this article we give a necessary and sufficient condition involving the boundary of an open set A ensuring the viability property of A , whenever A has a C 2 , 1 boundary and the dynamics are Lipschitz. If moreover a classical convexity condition on the control dynamics holds true, we show that the viability of an open set A is equivalent to the viability of its closure. This last result is rather surprising, because several very elementary examples in the deterministic framework show that, in general, there is no such equivalence for a general open set A . We will also discuss examples illustrating that the above equivalence is wrong when either the boundary of A does not have enough regularity, or the dynamics are not Lipschitz continuous.",4,0.6,10.1016/J.SPA.2018.11.012,https://doi.org/10.1016/J.SPA.2018.11.012,0.7200
Bes13,Non-Stationary Stochastic Optimization,"Omar Besbes, Y. Gur, and A. Zeevi",2013,2013-07-20,Oper. Res.,63,1227-1244,"We consider a non-stationary variant of a sequential stochastic optimization problem, in which the underlying cost functions may change along the horizon. We propose a measure, termed variation budget , that controls the extent of said change, and study how restrictions on this budget impact achievable performance. We identify sharp conditions under which it is possible to achieve long-run average optimality and more refined performance measures such as rate optimality that fully characterize the complexity of such problems. In doing so, we also establish a strong connection between two rather disparate strands of literature: (1) adversarial online convex optimization and (2) the more traditional stochastic approximation paradigm (couched in a non-stationary setting). This connection is the key to deriving well-performing policies in the latter, by leveraging structure of optimal policies in the former. Finally, tight bounds on the minimax regret allow us to quantify the “price of non-stationarity,” which mathematically captures the added complexity embedded in a temporally changing environment versus a stationary one.",491,38,10.1287/opre.2015.1408,https://doi.org/10.1287/opre.2015.1408,0.7000
Che18,Learning to Optimize under Non-Stationarity,"Wang Chi Cheung, D. Simchi-Levi, and Ruihao Zhu",2018,2018-10-05,ArXiv,abs/1810.03024,,"We introduce algorithms that achieve state-of-the-art \emph{dynamic regret} bounds for non-stationary linear stochastic bandit setting. It captures natural applications such as dynamic pricing and ads allocation in a changing environment. We show how the difficulty posed by the non-stationarity can be overcome by a novel marriage between stochastic and adversarial bandits learning algorithms. Defining $d,B_T,$ and $T$ as the problem dimension, the \emph{variation budget}, and the total time horizon, respectively, our main contributions are the tuned Sliding Window UCB (\texttt{SW-UCB}) algorithm with optimal $\widetilde{O}(d^{2/3}(B_T+1)^{1/3}T^{2/3})$ dynamic regret, and the tuning free bandit-over-bandit (\texttt{BOB}) framework built on top of the \texttt{SW-UCB} algorithm with best $\widetilde{O}(d^{2/3}(B_T+1)^{1/4}T^{3/4})$ dynamic regret.",160,21,10.2139/SSRN.3261050,https://doi.org/10.2139/SSRN.3261050,0.7000
Cor81,Deterministic convergence of a self-tuning regulator with variable forgetting factor,A. O. Cordero and D. Mayne,1981,,,128,19-23,The usual implementation of Astrom's self-tuning regulator employs a forgetting factor whose value is a compromise to meet the conflicting demands of low steady-state variance and rapid response to process changes. To obtain better performance a new self-tunning regulator with a variable forgetting factor has recently been proposed. The paper establishes the deterministic convergence of a suitable modified varsion of this algorithm.,77,1.7,10.1049/IP-D:19810004,https://doi.org/10.1049/IP-D:19810004,0.6800
Pet95,A parallel adaptation algorithm for recursive-least-squares adaptive filters in nonstationary environments,S. D. Peters and A. Antoniou,1995,1995-11-01,IEEE Trans. Signal Process.,43,2484-2495,"An accurate new expression for the steady-state tracking performance of exponentially weighted recursive-least-squares (RLS) adaptive filters in a random walk scenario is derived. This relation is then used to provide a detailed comparison between RLS-performance and that of normalized least-mean-squares adaptive filters. Further, a variable-forgetting-factor algorithm referred to as the parallel adaptation algorithm that approximately achieves the theoretical minimum mean-squared-error performance in a random walk scenario is developed. Extensive simulation results are presented to support the present findings and demonstrate the improved performance of the proposed algorithm in a number of different applications.",18,0.6,10.1109/78.482100,https://doi.org/10.1109/78.482100,0.6600
For81,Implementation of self-tuning regulators with variable forgetting factors,"T. Fortescue, L. Kershenbaum, and B. Ydstie",1981,,Autom.,17,831-835,,826,18,10.1016/0005-1098(81)90070-4,https://doi.org/10.1016/0005-1098(81)90070-4,0.6500
Mai19,Active Roll-outs in MDP with Irreversible Dynamics,"Odalric-Ambrym Maillard, Timothy A. Mann, R. Ortner, and Shie Mannor",2019,2019-07-09,,,,"In Reinforcement Learning (RL), regret guarantees scaling with the square root of the time horizon have been shown to hold only for communicating Markov decision processes (MDPs) where any two states are connected. This essentially means that an algorithm can eventually recover from any mistake. However, real-world tasks usually include situations where taking a single ""bad"" action can permanently trap a learner in a suboptimal region of the state-space. Since it is provably impossible to achieve sub-linear regret in general multi-chain MDPs, we assume a weak mechanism that allows the learner to request additional information. Our main contribution is to address: (i) how much external information is needed, (ii) how and when to use it, and (iii) how much regret is incurred. We design an algorithm that minimizes requests for external information in the form of rollouts of a policy specified by the learner by actively requesting it only when needed. The algorithm provably achieves O(√ T) active regret after T steps in a large class of multi-chain MDPs, by only requesting O(log(T)) rollout transitions. The superiority of our algorithm to standard algorithms such as R-Max and UCRL is demonstrated in experiments on some illustrative grid-world examples. (a) (b) (c) Figure 1: Example of (a) a communicating MDP, (b) a unichain MDP with a single recurrent class, and (c) a multi-chain MDP with two recurrent classes. The circles represent states while the labeled edges represent transitions due to executing actions {a, b, c}.",4,0.6,,https://www.semanticscholar.org/paper/89c3d2fdf5e3885f7d3bf1fbfb939dd4dffa45df,0.6200
Par92b,Recursive forgetting algorithms,"J. Parkum, N. K. Poulsen, and J. Holst",1992,,International Journal of Control,55,109-128,"Fn the first part of this paper, a general forgetting algorithm is formulated and analysed. It contains most existing forgetting schemes as special cases. Conditions are given ensuring that the basic convergence properties will hold. In the second part of the paper, the results are applied to a specific algorithm with selective forgetting. Here, the forgetting is non-uniform in time and space. The theoretical analysis is supported by a simulation example demonstrating the practical performance of this algorithm.",124,3.6,10.1080/00207179208934228,https://doi.org/10.1080/00207179208934228,0.6200
Wid84,On the statistical efficiency of the LMS algorithm with nonstationary inputs,B. Widrow and E. Walach,1984,1984-05-22,IEEE Trans. Inf. Theory,30,211-221,"A fundamental relationship exists between the quality of an adaptive solution and the amount of data used in obtaining it. Quality is defined here in terms of ""misadjustment,"" the ratio of the excess mean square error (mse) in an adaptive solution to the minimum possible mse. The higher the misadjustment, the lower the quality is. The quality of the exact least squares solution is compared with the quality of the solutions obtained by the orthogonalized and the conventional least mean square (LMS) algorithms with stationary and nonstationary input data. When adapting with noisy observations, a filter trained with a finite data sample using an exact least squares algorithms will have a misadjustment given by M=\frac{n}{N}=\frac{number of weights}{number of training samples} If the same adaptive filter were trained with a steady flow of data using an ideal ""orthogonalized LMS"" algorithm, the misadjustment would be M=\frac{n}{4\tau_{\mse}}=\frac{number of weights}{number of training samples} Thus, for a given time constant \tau_{\mse} of the learning process, the ideal orthogonalized LMS algorithm will have about as low a misadjustment as can be achieved, since this algorithm performs essentially as an exact least squares algorithm with exponential data weighting. It is well known that when rapid convergence with stationary data is required, exact least squares algorithms can in certain cases outperform the conventional Widrow-Hoff LMS algorithm. It is shown here, however, that for an important class of nonstationary problems, the misadjustment of conventional LMS is the same as that of orthogonalized LMS, which in the stationary case is shown to perform essentially as an exact least squares algorithm.",177,4.2,10.1109/TIT.1984.1056892,https://doi.org/10.1109/TIT.1984.1056892,0.6000
Cam94,Exponentially weighted least squares identification of time-varying systems with white disturbances,M. Campi,1994,1994-11-01,IEEE Trans. Signal Process.,42,2906-2914,"The paper is devoted to the stochastic analysis of recursive least squares (RLS) identification algorithms with an exponential forgetting factor. A persistent excitation assumption of a conditional type is made that does not prevent the regressors from being a dependent sequence. Moreover, the system parameter is modeled as the output of a random-walk type equation without extra constraints on its variance. It is shown that the estimation error can be split into two terms, depending on the parameter drift and the disturbance noise, respectively. The first term turns out to be proportional to the memory length of the algorithm, whereas the second is proportional to the inverse of the same quantity. Even though these dependence laws are well known in very special mathematical frameworks (deterministic excitation and/or independent observations), this is believed to be the first contribution where they are proven in a general dependent context. Some idealized examples are introduced in the paper to clarify the link between generality of assumptions and applicability of results in the developed analysis. >",30,1.0,10.1109/78.330351,https://doi.org/10.1109/78.330351,0.6000
Cai21b,Reinforcement learning with soft temporal logic constraints using limit-deterministic generalized Büchi automaton,"Mingyu Cai, Zhangli Zhou, Lin Li, Shaoping Xiao, and Z. Kan",2021,2021-01-25,Journal of Automation and Intelligence,,,"This paper studies the control synthesis of motion planning subject to uncertainties. The uncertainties are considered in robot motions and environment properties, giving rise to the probabilistic labeled Markov decision process (PL-MDP). A Model-Free Reinforcement The learning (RL) method is developed to generate a finite-memory control policy to satisfy high-level tasks expressed in linear temporal logic (LTL) formulas. Due to uncertainties and potentially conflicting tasks, this work focuses on infeasible LTL specifications, where a relaxed LTL constraint is developed to allow the agent to revise its motion plan and take violations of original tasks into account for partial satisfaction. And a novel automaton is developed to improve the density of accepting rewards and enable deterministic policies. We proposed an RL framework with rigorous analysis that is guaranteed to achieve multiple objectives in decreasing order: 1) satisfying the acceptance condition of relaxed product MDP and 2) reducing the violation cost over long-term behaviors. We provide simulation and experimental results to validate the performance.",5,0.9,10.1016/j.jai.2024.12.005,https://doi.org/10.1016/j.jai.2024.12.005,0.6000
Lau21,Continuous Homeostatic Reinforcement Learning for Self-Regulated Autonomous Agents,"Hugo Laurençon, Charbel-Raphaël Ségerie, J. Lussange, and B. Gutkin",2021,2021-09-14,ArXiv,abs/2109.06580,,"Homeostasis is a prevalent process by which living beings maintain their internal milieu around optimal levels. Multiple lines of evidence suggest that living beings learn to act to predicatively ensure homeostasis (allostasis). A classical theory for such regulation is drive reduction, where a function of the difference between the current and the optimal internal state. The recently introduced homeostatic regulated reinforcement learning theory (HRRL), by defining within the framework of reinforcement learning a reward function based on the internal state of the agent, makes the link between the theories of drive reduction and reinforcement learning. The HRRL makes it possible to explain multiple eating disorders. However, the lack of continuous change in the internal state of the agent with the discrete-time modeling has been so far a key shortcoming of the HRRL theory. Here, we propose an extension of the homeostatic reinforcement learning theory to a continuous environment in space and time, while maintaining the validity of the theoretical results and the behaviors explained by the model in discrete time. Inspired by the self-regulating mechanisms abundantly present in biology, we also introduce a model for the dynamics of the agent internal state, requiring the agent to continuously take actions to maintain homeostasis. Based on the Hamilton-Jacobi-Bellman equation and function approximation with neural networks, we derive a numerical scheme allowing the agent to learn directly how its internal mechanism works, and to choose appropriate action policies via reinforcement learning and an appropriate exploration of the environment. Our numerical experiments show that the agent does indeed learn to behave in a way that is beneficial to its survival in the environment, making our framework promising for modeling animal dynamics and decision-making.",9,1.9,,https://www.semanticscholar.org/paper/9201986fdabbffa88f397c43134da8d707fb7c83,0.5800
Goe20,Recursive Least Squares With Variable-Direction Forgetting: Compensating for the Loss of Persistency [Lecture Notes],"A. Goel, Adam L. Bruce, and D. Bernstein",2020,2020-08-01,IEEE Control Systems,40,80-102,"The ability to estimate parameters depends on two things: identifiability [1] (which is the ability to distinguish distinct parameters) and persistent excitation (which refers to the spectral content of the signals needed to ensure convergence of the parameter estimates to the true parameter values) [2]-[4]. Roughly speaking, the level of persistency must be commensurate with the number of unknown parameters. For example, a harmonic input has 2D persistency and thus can be used to identify two parameters, whereas white noise is sufficiently persistent for identifying an arbitrary number of parameters. Within the context of adaptive control, persistent excitation is needed to avoid bursting [5]; recent research has focused on relaxing these requirements [6]-[8].",47,8.1,10.1109/MCS.2020.2990516,https://doi.org/10.1109/MCS.2020.2990516,0.5800
Aub01b,Viability kernels and capture basins of sets under differential inclusions,J. Aubin,2001,2001-03-01,"Proceedings of the 41st IEEE Conference on Decision and Control, 2002.",4,4605-4610 vol.4,,102,4.0,10.1109/CDC.2002.1185102,https://doi.org/10.1109/CDC.2002.1185102,0.5600
Kim19,Randomized Exploration for Non-Stationary Stochastic Linear Bandits,Baekjin Kim and Ambuj Tewari,2019,2019-12-01,Conference on Uncertainty in Artificial Intelligence,,71-80,"We investigate two perturbation approaches to overcome conservatism that optimism based algorithms chronically suffer from in practice. The first approach replaces optimism with a simple randomization when using confidence sets. The second one adds random perturbations to its current estimate before maximizing the expected reward. For non-stationary linear bandits, where each action is associated with a $d$-dimensional feature and the unknown parameter is time-varying with total variation $B_T$, we propose two randomized algorithms, Discounted Randomized LinUCB (D-RandLinUCB) and Discounted Linear Thompson Sampling (D-LinTS) via the two perturbation approaches. We highlight the statistical optimality versus computational efficiency trade-off between them in that the former asymptotically achieves the optimal dynamic regret $\tilde{\mathcal{O}}( d ^{2/3}B_T^{1/3} T^{2/3})$, but the latter is oracle-efficient with an extra logarithmic gap in number of arms compared to minimax-optimal dynamic regret. In a simulation study, both empirically show the outstanding performance in tackling conservatism issue that Discounted LinUCB (D-LinUCB) struggles with.",21,3.2,,https://www.semanticscholar.org/paper/3f3cb7f9fb9fdda257b258564ece4e62e01b6f9e,0.5500
Nie89,Nonasymptotic results for finite-memory WLS filters,M. Niedźwiecki and L. Guo,1989,1989-12-13,"Proceedings of the 28th IEEE Conference on Decision and Control,",,1785-1790 vol.2,,30,0.8,10.1109/CDC.1989.70461,https://doi.org/10.1109/CDC.1989.70461,0.5500
Guo95,Exponential stability of general tracking algorithms,Lei Guo and L. Ljung,1995,1995-08-01,IEEE Trans. Autom. Control.,40,1376-1387,"Tracking and adaptation algorithms are, from a formal point of view, nonlinear systems which depend on stochastic variables in a fairly complicated way. The analysis of such algorithms is thus quite complicated. A first step is to establish the exponential stability of these systems. This is of interest in its own right and a prerequisite for the practical use of the algorithm. It is also a necessary starting point to analyze the performance in terms of tracking and adaptation because that is how close the estimated parameters are to the time-varying true ones. In this paper we establish some general conditions for the exponential stability of a wide and common class of tracking algorithms. This includes least mean squares, recursive least squares, and Kalman filter based adaptation algorithms. We show how stability of an averaged (linear and deterministic) equation and stability of the actual algorithm are linked to each other under weak conditions on the involved stochastic processes. We also give explicit conditions for exponential stability of the most common algorithms. The tracking performance of the algorithms is studied in a companion paper. >",77,2.5,10.1109/9.402229,https://doi.org/10.1109/9.402229,0.5500
Coq07,A Dynamic Programming Approach to Viability Problems,"Pierre-Arnaud Coquelin, Sophie Martin, and R. Munos",2007,2007-04-01,2007 IEEE International Symposium on Approximate Dynamic Programming and Reinforcement Learning,,178-184,,27,1.4,10.1109/ADPRL.2007.368186,https://doi.org/10.1109/ADPRL.2007.368186,0.5500
Luo22b,Dynamic Regret Minimization for Control of Non-stationary Linear Dynamical Systems,"Yuwei Luo, Varun Gupta, and M. Kolar",2022,2022-06-06,Abstract Proceedings of the 2022 ACM SIGMETRICS/IFIP PERFORMANCE Joint International Conference on Measurement and Modeling of Computer Systems,,,"We consider the problem of controlling a Linear Quadratic Regulator (LQR) system over a finite horizon T with fixed and known cost matrices Q,R, but unknown and non-stationary dynamics At, Bt. The sequence of dynamics matrices can be arbitrary, but with a total variation, VT, assumed to be o(T) and unknown to the controller. Under the assumption that a sequence of stabilizing, but potentially sub-optimal controllers is available for all t, we present an algorithm that achieves the optimal dynamic regret of Õ(VT2/5 T3/5). With piecewise constant dynamics, our algorithm achieves the optimal regret of Õ(√ST) where S is the number of switches. The crux of our algorithm is an adaptive non-stationarity detection strategy, which builds on an approach recently developed for contextual Multi-armed Bandit problems. We also argue that non-adaptive forgetting (e.g., restarting or using sliding window learning with a static window size) may not be regret optimal for the LQR problem, even when the window size is optimally tuned with the knowledge of VT. The main technical challenge in the analysis of our algorithm is to prove that the ordinary least squares (OLS) estimator has a small bias when the parameter to be estimated is non-stationary. Our analysis also highlights that the key motif driving the regret is that the LQR problem is in spirit a bandit problem with linear feedback and locally quadratic cost. This motif is more universal than the LQR problem itself, and therefore we believe our results should find wider application.",0,,10.1145/3489048.3522649,https://doi.org/10.1145/3489048.3522649,0.5200
Fer18,Occupation Measure Heuristics to Solve Stochastic Shortest Path with Dead Ends,"Milton Condori Fernández, Leliane Nunes de Barros, and Karina Valdivia Delgado",2018,2018-10-01,2018 7th Brazilian Conference on Intelligent Systems (BRACIS),,522-527,"The most efficient approach to solve probabilistic planning problems is based on stochastic shortest path (SSP) and uses heuristic search to find a policy that minimizes the expected accumulated cost to the goal (MINCOST criterion). However, this approach can only solve problems with dead ends (states from which it is not possible to reach the goal) if an efficient dead end detection heuristic is used. Another solution would be to plan in two phases: maximizing the probability to reach the goal (MAXPROB) and then minimizing the expected cost (MINCOST). While there exist several heuristics to solve MINCOST, there is not known efficient heuristics to solve MAXPROB. A recent work proposes the first heuristic that takes into account the probabilities, called h pom, which solves a relaxed version of an SSP as a linear program in the dual space. However, to solve large problems with dead ends, h pom must be augmented with a dead end detection heuristic (e.g., h_pom and h_max ). In this work, we propose two new heuristics based on h pom. The first, h^pe_pom (s), estimates the minimal cost of state s to reach the goal, including new variables and constraints for the dead ends and adding an expected penalty for reaching them. The second, h ppom (s), estimates the maximum probability of state s to reach the goal, and is used to solve MAXPROB problems by ignoring action costs; We claim that h ppom (s) is the first heuristic for MAXPROB. Empirical results show that h^pe_pom can solve larger planning instances when compared to h pom h_max.",0,,10.1109/bracis.2018.00096,https://doi.org/10.1109/bracis.2018.00096,0.5200
You19,Model-invariant viability kernel approximation,"Mahdi Yousefi, K. Heusden, Ian M. Mitchell, and G. Dumont",2019,2019-05-01,Syst. Control. Lett.,127,13-18,"Abstract Discussion of safety preserving control in the presence of uncertainty has mostly focused on stochastic and additive uncertainty. Multiplicative uncertainty can be represented as additive uncertainty, however, this may lead to very conservative solutions. We recently introduced a model-invariant safety-preserving control scheme for multiplicative uncertainty with multi-model description in linear time-invariant systems. This scheme relies on an approximation of the model-invariant viability kernel, which is a set of initial states for which there exists a control input that keeps the states of an uncertain system within a set of viability constraints. In previous work, we showed that the model-invariant viability kernel is the intersection of the viability kernels of all members of a model set representing model-uncertainty. Calculating this intersection is computationally expensive if the number of members in the set is large. In this paper, we propose an efficient approach to under-approximate the model-invariant viability kernel without the need to calculate the viability kernel of all individual set members. This extends the practical applicability of our previous work to multi-model uncertainty descriptions with a large or infinite number of models as well as models with continuous uncertainty.",7,1.0,10.1016/J.SYSCONLE.2019.03.010,https://doi.org/10.1016/J.SYSCONLE.2019.03.010,0.5000
Won99,Systems with finite communication bandwidth constraints. II. Stabilization with limited information feedback,W. Wong and R. Brockett,1999,1999-05-01,IEEE Trans. Autom. Control.,44,1049-1053,"For part I, see ibid., vol.42, p.1294-8, 1997. In this paper a new class of feedback control problems is introduced. Unlike classical models, the systems considered here have communication channel constraints. As a result, the issue of coding and communication protocol becomes an integral part of the analysis. Since these systems cannot be asymptotically stabilized if the underlying dynamics are unstable, a weaker stability concept called containability is introduced. A key result connects containability with an inequality equation involving the communication data rate and the rate of change of the state.",930,34,10.1109/9.763226,https://doi.org/10.1109/9.763226,0.5000
Sah06,The Necessity and Sufficiency of Anytime Capacity for Stabilization of a Linear System Over a Noisy Communication Link—Part I: Scalar Systems,Anant Sahai and S. Mitter,2006,2006-01-04,IEEE Transactions on Information Theory,52,3369-3395,"In this paper, we review how Shannon's classical notion of capacity is not enough to characterize a noisy communication channel if the channel is intended to be used as part of a feedback loop to stabilize an unstable scalar linear system. While classical capacity is not enough, another sense of capacity (parametrized by reliability) called ""anytime capacity"" is necessary for the stabilization of an unstable process. The required rate is given by the log of the unstable system gain and the required reliability comes from the sense of stability desired. A consequence of this necessity result is a sequential generalization of the Schalkwijk-Kailath scheme for communication over the additive white Gaussian noise (AWGN) channel with feedback. In cases of sufficiently rich information patterns between the encoder and decoder, adequate anytime capacity is also shown to be sufficient for there to exist a stabilizing controller. These sufficiency results are then generalized to cases with noisy observations, delayed control actions, and without any explicit feedback between the observer and the controller. Both necessary and sufficient conditions are extended to continuous time systems as well. We close with comments discussing a hierarchy of difficulty for communication problems and how these results establish where stabilization problems sit in that hierarchy",432,21,10.1109/TIT.2006.878169,https://doi.org/10.1109/TIT.2006.878169,0.5000
Bru20b,Convergence and Consistency of Recursive Least Squares with Variable-Rate Forgetting,"Adam L. Bruce, A. Goel, and D. Bernstein",2020,2020-03-05,Autom.,119,109052,"A recursive least squares algorithm with variable rate forgetting (VRF) is derived by minimizing a quadratic cost function.Under persistent excitation and boundedness of the forgetting factor, the minimizer given by VRF is shown to converge to the true parameters. In addition, under persistent excitation and with noisy measurements, where the noise is uncorrelated with the regressor, conditions are given under which the minimizer given by VRF is a consistent estimator of the true parameters.The results are illustrated by a numerical example involving abruptly changing parameters.",83,13,10.1016/j.automatica.2020.109052,https://doi.org/10.1016/j.automatica.2020.109052,0.5000
Lai23,Generalized Forgetting Recursive Least Squares: Stability and Robustness Guarantees,Brian Lai and D. Bernstein,2023,2023-08-08,IEEE Transactions on Automatic Control,69,7646-7661,"This work presents generalized forgetting recursive least squares (GF-RLS), a generalization of RLS that encompasses many extensions of RLS as special cases. First, sufficient conditions are presented for the 1) Lyapunov stability, 2) uniform Lyapunov stability, 3) global asymptotic stability, and 4) global uniform exponential stability of parameter estimation error in GF-RLS when estimating fixed parameters without noise. Second, robustness guarantees are derived for the estimation of time-varying parameters in the presence of measurement noise and regressor noise. These robustness guarantees are presented in terms of global uniform ultimate boundedness of the parameter estimation error. A specialization of this result gives a bound to the asymptotic bias of least squares estimators in the errors-in-variables problem. Lastly, a survey is presented to show how GF-RLS can be used to analyze various extensions of RLS from literature.",26,9.3,10.1109/TAC.2024.3394351,https://doi.org/10.1109/TAC.2024.3394351,0.5000
Par18,Generalised free energy and active inference,Thomas Parr and Karl J. Friston,2018,2018-04-23,Biological Cybernetics,113,495 - 513,"Active inference is an approach to understanding behaviour that rests upon the idea that the brain uses an internal generative model to predict incoming sensory data. The fit between this model and data may be improved in two ways. The brain could optimise probabilistic beliefs about the variables in the generative model (i.e. perceptual inference). Alternatively, by acting on the world, it could change the sensory data, such that they are more consistent with the model. This implies a common objective function (variational free energy) for action and perception that scores the fit between an internal model and the world. We compare two free energy functionals for active inference in the framework of Markov decision processes. One of these is a functional of beliefs (i.e. probability distributions) about states and policies, but a function of observations, while the second is a functional of beliefs about all three. In the former (expected free energy), prior beliefs about outcomes are not part of the generative model (because they are absorbed into the prior over policies). Conversely, in the second (generalised free energy), priors over outcomes become an explicit component of the generative model. When using the free energy function, which is blind to future observations, we equip the generative model with a prior over policies that ensure preferred (i.e. priors over) outcomes are realised. In other words, if we expect to encounter a particular kind of outcome, this lends plausibility to those policies for which this outcome is a consequence. In addition, this formulation ensures that selected policies minimise uncertainty about future outcomes by minimising the free energy expected in the future. When using the free energy functional—that effectively treats future observations as hidden states—we show that policies are inferred or selected that realise prior preferences by minimising the free energy of future expectations. Interestingly, the form of posterior beliefs about policies (and associated belief updating) turns out to be identical under both formulations, but the quantities used to compute them are not.",235,29,10.1007/s00422-019-00805-w,https://doi.org/10.1007/s00422-019-00805-w,0.5000
Buf04,Robust LRTDP: Reachability Analysis,O. Buffet,2004,2004-12-21,,,,"Stochastic Shortest Path problems (SSPs) can be efficiently dealt with by the Real-Time Dynamic Programmingalgorithm (RTDP). Yet, RTDP requires that a goal state is always reachable. This paper presents an algorithm checking for goal reachability, especially in the complex case of an uncertain SSP where only a possible interval is known for each transition probability. This gives an analysis method for determining if SSP algorithms such as RTDP are applicable, even if the exact model is not known. We aim at a symbolic analysis in order to avoid a complete state-space enumeration.",0,,,https://www.semanticscholar.org/paper/71acee4a9a0b891b8db2d52ff4f821bbf8fa2abe,0.4900
Fra18,Human-help in automated planning under uncertainty,I. Franch,2018,2018-09-21,,,,"Planning is the sub-area of artificial intelligence that studies the process of selecting actions to lead an agent, e.g. a robot, to a goal state. In many realistic scenarios, any plan of actions can lead the robot into a dead-end state, that is, a state from which the goal cannot be reached. In such cases, the robot can, pro-actively, resort to human help in order to reach the goal, an approach called symbiotic autonomy. In this work, we propose two different strategies to tackle this problem: (I) contingent planning, where the initial state is partially observable, configuring a belief state, and there is non-determinism in the outcomes of the robot actions; and (II) probabilistic planning, where the initial state may be partially or totally observable and the actions have probabilistic outcomes. In both scenarios, the human help is considered a scarce resource that should be used only when necessary. In contingent planning, the problem is to find a policy (a mapping from states to actions) that: (i) guarantees the agent always reaches the goal (strong policy); (ii) guarantees that the agent eventually reaches the goal (strong cyclic policy), or (iii) does not guarantee achieving the goal (weak policy). In this scenario, one of this work contributions is to propose contingent planning systems that consider human help to transform weak policies into strong (cyclic) policies. To do so, two types of human help are included: (i) human actions that modify states and/or belief states; and (ii) human observations that modify belief states. In probabilistic planning, the problem is to find a policy (a mapping from world states to actions) that can be one of these two types: a proper policy, where the agent has a probability 1 of reaching the goal; or an improper policy, in the case of unavoidable dead-ends. In general, the goal of the agent is to find a policy that minimizes the expected accumulated cost of the actions while maximizes the probability of reaching the goal. In this scenario, this work proposes probabilistic planners that consider human help to transform improper policies into proper policies however, considering two new (alternative) criteria: either to minimize the probability of using human actions or to minimize the expected number of human actions. Furthermore, we show that optimal policies under these criteria can be efficiently computed either by increasing human action costs or given a penalty when a human help is used. Solutions proposed in both scenarios, contingent planning and probabilistic planning with human help, were evaluated over a collection of planning problems with dead-ends. The results show that: (i) all generated policies (strong (cyclic) or proper) include human help only when necessary; and (ii) we were able to find policies for contingent planning problems with up to 1015000 belief states and for probabilistic planning problems with more than 3 ∗ 1018 physical states.",0,,10.11606/T.45.2019.TDE-19122018-211701,https://doi.org/10.11606/T.45.2019.TDE-19122018-211701,0.4800
Nai04,Stabilizability of Stochastic Linear Systems with Finite Feedback Data Rates,G. Nair and R. Evans,2004,2004-02-01,SIAM J. Control. Optim.,43,413-436,"Feedback control with limited data rates is an emerging area which incorporates ideas from both control and information theory. A fundamental question it poses is how low the closed-loop data rate can be made before a given dynamical system is impossible to stabilize by any coding and control law. Analogously to source coding, this defines the smallest error-free data rate sufficient to achieve ""reliable"" control, and explicit expressions for it have been derived for linear time-invariant systems without disturbances. In this paper, the more general case of finite-dimensional linear systems with process and observation noise is considered, the object being mean square state stability. By inductive arguments employing the entropy power inequality of information theory, and a new quantizer error bound, an explicit expression for the infimum stabilizing data rate is derived, under very mild conditions on the initial state and noise probability distributions.",753,34,10.1137/S0363012902402116,https://doi.org/10.1137/S0363012902402116,0.4800
Wit02,Adaptive dual control,B. Wittenmark,2002,,,,,"The paper discusses the solution to the optimal adaptive control problem over an extended time horizon. This leads to a controller that have dual features, i.e., tt uses control actions as well as probing actions. The solution of the optimal dual control problem is intractable from a computational point of view. Approximations to obtain simpler suboptimal dual controllers are thus important. There are many different approaches how to obtain suboptimal dual controllers. Many of the approximations use a cautious controller as a starting point and introduce different active probing features. This can be done by including a term in the loss function that reflects the quality of the estimates of the parameters of the process. To introduce a dual feature this term must be a function of the control signal that is going to be determined and it should also contain information about the quality of the parameter estimates. The suboptimal dual controllers should also be such that they easily can be used for higher-order systems. (Less)",54,2.2,,https://www.semanticscholar.org/paper/9c1fe4c9791bab12e3a494664a71acd442c496af,0.4700
Bay17,Algorithms for persistent autonomy and surveillance,Cenk Baykal,2017,,,,,"In this thesis, we consider the problem of
monitoring stochastic, time-varying events occurring at discrete
locations. Our problem formulation extends prior work in persistent
surveillance by considering the objective of successfully
completing monitoring tasks in unknown, dynamic environments where
the rates of events are time-inhomogeneous and may be subject to
abrupt changes. We propose novel monitoring algorithms that
effectively strike a balance between exploration and exploitation
as well as a balance between remembering and discarding information
to handle temporal variations in unknown environments. We present
analysis proving the favorable properties of the policies generated
by our algorithms and present simulation results demonstrating
their effectiveness in several monitoring scenarios inspired by
real-world applications. Our theoretical and empirical results
support the applicability of our algorithm to a wide range of
monitoring applications, such as detection and tracking efforts at
a large scale.",0,,,https://www.semanticscholar.org/paper/5de00a96eef1b31cc2a0ee5e4cf4f2435a66f189,0.4600
Ber91,An Analysis of Stochastic Shortest Path Problems,D. Bertsekas and J. Tsitsiklis,1991,1991-08-01,Math. Oper. Res.,16,580-595,"We consider a stochastic version of the classical shortest path problem whereby for each node of a graph, we must choose a probability distribution over the set of successor nodes so as to reach a certain destination node with minimum expected cost. The costs of transition between successive nodes can be positive as well as negative. We prove natural generalizations of the standard results for the deterministic shortest path problem, and we extend the corresponding theory for undiscounted finite state Markovian decision problems by removing the usual restriction that costs are either all nonnegative or all nonpositive.",622,18,10.1287/moor.16.3.580,https://doi.org/10.1287/moor.16.3.580,0.4500
Mas21c,On exploration requirements for learning safety constraints,"P. Massiani, Steve Heim, and Sebastian Trimpe",2021,2021-05-17,ArXiv,abs/2105.08143,,"Enforcing safety for dynamical systems is challenging, since it requires constraint satisfaction along trajectory predictions. Equivalent control constraints can be computed in the form of sets that enforce positive invariance, and can thus guarantee safety in feedback controllers without predictions. However, these constraints are cumbersome to compute from models, and it is not yet well established how to infer constraints from data. In this paper, we shed light on the key objects involved in learning control constraints from data in a model-free setting. In particular, we discuss the family of constraints that enforce safety in the context of a nominal control policy, and expose that these constraints do not need to be accurate everywhere. They only need to correctly exclude a subset of the state-actions that would cause failure, which we call the critical set.",5,1.0,,https://www.semanticscholar.org/paper/b4d39f7805fe30e03a35f7a77be8e762daa52723,0.4500
Goe20b,Recursive Least Squares with Variable-Direction Forgetting -- Compensating for the loss of persistency,"A. Goel, Adam L. Bruce, and D. Bernstein",2020,2020-03-07,arXiv: Optimization and Control,,,"Learning depends on the ability to acquire and assimilate new information. This ability depends---somewhat counterintuitively---on the ability to forget. In particular, effective forgetting requires the ability to recognize and utilize new information to order to update a system model. This article is a tutorial on forgetting within the context of recursive least squares (RLS). To do this, RLS is first presented in its classical form, which employs uniform-direction forgetting. Next, examples are given to motivate the need for variable-direction forgetting, especially in cases where the excitation is not persistent. Some of these results are well known, whereas others complement the prior literature. The goal is to provide a self-contained tutorial of the main ideas and techniques for students and researchers whose research may benefit from variable-direction forgetting.",24,3.9,,https://www.semanticscholar.org/paper/772d524bc1403853a5bcbed1182e5327de80f555,0.4500
Llo18,Interrupting behaviour: Minimizing decision costs via temporal commitment and low-level interrupts,K. Lloyd and P. Dayan,2018,2018-01-01,PLoS Computational Biology,14,,"Ideal decision-makers should constantly assess all sources of information about opportunities and threats, and be able to redetermine their choices promptly in the face of change. However, perpetual monitoring and reassessment impose inordinate sensing and computational costs, making them impractical for animals and machines alike. The obvious alternative of committing for extended periods of time to limited sensory strategies associated with particular courses of action can be dangerous and wasteful. Here, we explore the intermediate possibility of making provisional temporal commitments whilst admitting interruption based on limited broader observation. We simulate foraging under threat of predation to elucidate the benefits of such a scheme. We relate our results to diseases of distractibility and roving attention, and consider mechanistic substrates such as noradrenergic neuromodulation.",15,1.8,10.1371/journal.pcbi.1005916,https://doi.org/10.1371/journal.pcbi.1005916,0.4200
Tar19,No-Regret Exploration in Goal-Oriented Reinforcement Learning,"Jean Tarbouriech, Evrard Garcelon, Michal Valko, Matteo Pirotta, and A. Lazaric",2019,2019-12-07,International Conference on Machine Learning,,9428-9437,"Many popular reinforcement learning problems (e.g., navigation in a maze, some Atari games, mountain car) are instances of the episodic setting under its stochastic shortest path (SSP) formulation, where an agent has to achieve a goal state while minimizing the cumulative cost. Despite the popularity of this setting, the exploration-exploitation dilemma has been sparsely studied in general SSP problems, with most of the theoretical literature focusing on different problems (i.e., fixed-horizon and infinite-horizon) or making the restrictive loop-free SSP assumption (i.e., no state can be visited twice during an episode). In this paper, we study the general SSP problem with no assumption on its dynamics (some policies may actually never reach the goal). We introduce UC-SSP, the first no-regret algorithm in this setting, and prove a regret bound scaling as $\displaystyle \widetilde{\mathcal{O}}( D S \sqrt{ A D K})$ after $K$ episodes for any unknown SSP with $S$ states, $A$ actions, positive costs and SSP-diameter $D$, defined as the smallest expected hitting time from any starting state to the goal. We achieve this result by crafting a novel stopping rule, such that UC-SSP may interrupt the current policy if it is taking too long to achieve the goal and switch to alternative policies that are designed to rapidly terminate the episode.",48,7.4,,https://www.semanticscholar.org/paper/384ce8a6d36ef3102a71b8d32ebabafad26b7da7,0.4000
Uel17,Deep active inference,K. Ueltzhöffer,2017,2017-09-07,Biological Cybernetics,112,547 - 573,"This work combines the free energy principle and the ensuing active inference dynamics with recent advances in variational inference in deep generative models, and evolution strategies to introduce the “deep active inference” agent. This agent minimises a variational free energy bound on the average surprise of its sensations, which is motivated by a homeostatic argument. It does so by optimising the parameters of a generative latent variable model of its sensory inputs, together with a variational density approximating the posterior distribution over the latent variables, given its observations, and by acting on its environment to actively sample input that is likely under this generative model. The internal dynamics of the agent are implemented using deep and recurrent neural networks, as used in machine learning, making the deep active inference agent a scalable and very flexible class of active inference agent. Using the mountain car problem, we show how goal-directed behaviour can be implemented by defining appropriate priors on the latent states in the agent’s model. Furthermore, we show that the deep active inference agent can learn a generative model of the environment, which can be sampled from to understand the agent’s beliefs about the environment and its interaction therewith.",114,13,10.1007/s00422-018-0785-7,https://doi.org/10.1007/s00422-018-0785-7,0.4000
Sol18,Value of Information in Feedback Control: Quantification,"T. Soleymani, J. Baras, and S. Hirche",2018,2018-12-18,IEEE Transactions on Automatic Control,67,3730-3737,"Although transmission of a data packet containing sensory information in a networked control system improves the quality of regulation, it has indeed a price from the communication perspective. It is, therefore, rational that such a data packet be transmitted only if it is valuable in the sense of a cost-benefit analysis. Yet, the fact is that little is known so far about this valuation of information and its connection with traditional event-triggered communication. In the present article, we study this intrinsic property of networked control systems by formulating a rate-regulation trade-off between the packet rate and the regulation cost with an event trigger and a controller as two distributed decision makers, and show that the valuation of information is conceivable and quantifiable grounded on this trade-off. In particular, we characterize an equilibrium in the rate-regulation trade-off, and quantify the value of information <inline-formula><tex-math notation=""LaTeX"">${\rm{VoI}}_k$</tex-math></inline-formula> there as the variation in a so-called value function with respect to a piece of sensory information that can be communicated to the controller at each time <inline-formula><tex-math notation=""LaTeX"">$k$</tex-math></inline-formula>. We prove that, for a multi-dimensional Gauss--Markov process, <inline-formula><tex-math notation=""LaTeX"">${\rm{VoI}}_k$</tex-math></inline-formula> is a symmetric function of the discrepancy between the state estimates at the event trigger and the controller, and that a data packet containing sensory information at time <inline-formula><tex-math notation=""LaTeX"">$k$</tex-math></inline-formula> should be transmitted to the controller only if <inline-formula><tex-math notation=""LaTeX"">${\rm{VoI}}_k$</tex-math></inline-formula> is nonnegative. Moreover, we discuss that <inline-formula><tex-math notation=""LaTeX"">${\rm{VoI}}_k$</tex-math></inline-formula> can be computed with arbitrary accuracy, and that it can be approximated by a closed-form quadratic function with a performance guarantee.",61,8.2,10.1109/TAC.2021.3113472,https://doi.org/10.1109/TAC.2021.3113472,0.3500
Kul22b,Opportunistic Qualitative Planning in Stochastic Systems with Preferences over Temporal Logic Objectives,A. Kulkarni and Jie Fu,2022,2022-03-25,ArXiv,abs/2203.13803,,"Preferences play a key role in determining what goals/constraints to satisfy when not all constraints can be satisfied simultaneously. In this work, we study preference-based planning in a stochastic system modeled as a Markov decision process, subject to a possible incomplete preference over temporally extended goals. Our contributions are three folds: First, we introduce a preference language to specify preferences over temporally extended goals. Second, we define a novel automata-theoretic model to represent the preorder induced by given preference relation. The automata representation of preferences enables us to develop a preference-based planning algorithm for stochastic systems. Finally, we show how to synthesize opportunistic strategies that achieves an outcome that improves upon the current satisfiable outcome, with positive probability or with probability one, in a stochastic system. We illustrate our solution approaches using a robot motion planning example.",6,1.4,10.48550/arXiv.2203.13803,https://doi.org/10.48550/arXiv.2203.13803,0.3500
Sav21b,On Minimizing Total Discounted Cost in MDPs Subject to Reachability Constraints,"Y. Savas, Christos K. Verginis, M. Hibbard, and U. Topcu",2021,2021-03-16,IEEE Transactions on Automatic Control,69,6466-6473,"In this article, we study the synthesisof a policy in a Markov decision process (MDP) following which an agent reaches a target state in the MDP while minimizing its total discounted cost. The problem combines a reachability criterion with a discounted cost criterion and naturally expresses the completion of a task with probabilistic guarantees and optimal transient performance. We first establish that an optimal policy for the considered formulation may not exist but that there always exists a near-optimal stationary policy. We additionally provide a necessary and sufficient condition for the existence of an optimal policy. We then restrict our attention to stationary deterministic policies and show that the decision problem associated with the synthesis of an optimal stationary deterministic policy is NP-complete. Finally, we provide an exact algorithm based on mixed-integer linear programming and propose an efficient approximation algorithm based on linear programming for the synthesis of an optimal stationary deterministic policy.",3,0.6,10.1109/TAC.2024.3384834,https://doi.org/10.1109/TAC.2024.3384834,0.3500
Mas25b,Viability of Future Actions: Robust Safety in Reinforcement Learning via Entropy Regularization,"P. Massiani, Alexander von Rohr, Lukas Haverbeck, and Sebastian Trimpe",2025,2025-06-12,ECML/PKDD,,129-145,"Despite the many recent advances in reinforcement learning (RL), the question of learning policies that robustly satisfy state constraints under unknown disturbances remains open. In this paper, we offer a new perspective on achieving robust safety by analyzing the interplay between two well-established techniques in model-free RL: entropy regularization, and constraints penalization. We reveal empirically that entropy regularization in constrained RL inherently biases learning toward maximizing the number of future viable actions, thereby promoting constraints satisfaction robust to action noise. Furthermore, we show that by relaxing strict safety constraints through penalties, the constrained RL problem can be approximated arbitrarily closely by an unconstrained one and thus solved using standard model-free RL. This reformulation preserves both safety and optimality while empirically improving resilience to disturbances. Our results indicate that the connection between entropy regularization and robustness is a promising avenue for further empirical and theoretical investigation, as it enables robust safety in RL through simple reward shaping.",1,1.1,10.1007/978-3-032-06106-5_8,https://doi.org/10.1007/978-3-032-06106-5_8,0.3500
Hag83b,The problem of forgetting old data in recursive estimation,T. Hägglund,1983,1983-06-01,IFAC Proceedings Volumes,16,213-214,,38,0.9,10.1016/S1474-6670(17)62386-3,https://doi.org/10.1016/S1474-6670(17)62386-3,0.3000
Nie89b,Non-Asymptotic Results for Finite-Memory WLS Filters TP11 - 3:45,M. Niediwiecki and Lei Guo,1989,,,,,"The paper presents, what we believe to be, the first non-asymptotic analysis of properties of weighted least squares (WLS) adaptive filters used for identification of time-varying systems. We show that the problem of meansquare boundedness of WLS estimates is closely related to the problem of invertibility - in the mean sense - of the corresponding regression matrix. We discuss conditions under which such invertibility is guaranteed. Based on that, a number of results are derived paralleling those already obtained for least mean square (LMS) filters and the problem of “statistical robustness” of the WLS estimator is discussed.",0,,,https://www.semanticscholar.org/paper/f10e01e3934485686c33fd0c981dff81bde04b92,0.3000
Rou13,Performance of water extraction in an endangered aquifer when management is not all-powerful: a theoretical framework based on a viability theory,C. Rougé and G. Deffuant,2013,2013-07-08,,,530-539,"We address the performance of an aquifer system where water is extracted at a given baseline pumping rate under the following conditions: 1) catastrophic events such as saltwater intrusion or pollution can interrupt water extraction, 2) recharge is a stochastic process, and 3) the possibility of management to reduce the pumping rate if necessary is limited. We argue that the mathematical framework of stochastic viability theory is relevant for addressing this problem, and for complementing the usual performance indicators of reliability, resiliency and vulnerability (R-R-V) which, alone, are not adapted to describe situations where the baseline pumping rate cannot be restored. Indeed, viability theory allows for the derivation of the stochastic viability kernel, defined as the set of all the values of the aquifer storage for which the baseline pumping rate can be applied while ensuring continued water extraction with a high probability in a large time horizon. For lower values of aquifer storage, pumping has to be reduced to avoid adverse events, so that the baseline pumping rate cannot be met. Viability theory allows for finding the management actions that minimize the risk of event occurrence. For a given baseline pumping rate and for given limits to management, one can then derive R-R-V indicators to describe the performance of the system. This viability framework provides insights into the connection between the choice of higher baseline extraction rates and a lower system performance. Besides, the values of these indicators increase when management can reduce pumping rates more quickly, thus evidencing the importance of empowering management instances, both for avoiding catastrophes and for having an effective extraction policy. The applicability of the framework to conditions of extreme droughts is also discussed.",1,0.1,10.1061/9780784412947.051,https://doi.org/10.1061/9780784412947.051,0.2500
Che20g,Parameter-Free Learning for Evolving Markov Decision Processes: The Blessing of (More) Optimism.,"Wang Chi Cheung, D. Simchi-Levi, and Ruihao Zhu",2020,2020-02-20,arXiv: Learning,,,"We consider un-discounted reinforcement learning (RL) in Markov decision processes (MDPs) under drifting non-stationarity, i.e., both the reward and state transition distributions are allowed to evolve over time, as long as their respective total variations, quantified by suitable metrics, do not exceed certain \emph{variation budgets}. We first develop the Sliding Window Upper-Confidence bound for Reinforcement Learning with Confidence Widening (\texttt{SWUCRL2-CW}) algorithm, and establish its dynamic regret bound when the variation budgets are known. In addition, we propose the Bandit-over-Reinforcement Learning (\texttt{BORL}) algorithm to adaptively tune the \sw~to achieve the same dynamic regret bound, but in a \emph{parameter-free} manner, i.e., without knowing the variation budgets. Notably, learning drifting MDPs via conventional optimistic exploration presents a unique challenge absent in existing (non-stationary) bandit learning settings. We overcome the challenge by a novel confidence widening technique that incorporates additional optimism.",0,,,https://www.semanticscholar.org/paper/d6ec97dcb292ac86d13a136c57afa9b3121ba604,0.2000
