Cite Key,Title,Authors,Year,Publication Date,Journal,Volume,Pages,Abstract,Citation Count,Citations/Year,DOI,URL,Relevance Score
Tat04b,Control under communication constraints,S. Tatikonda and S. Mitter,2004,2004-07-12,IEEE Transactions on Automatic Control,49,1056-1068,,1745,80,10.1109/TAC.2004.831187,https://doi.org/10.1109/TAC.2004.831187,3.4000
Nay12,Decentralized Stochastic Control with Partial History Sharing: A Common Information Approach,"A. Nayyar, Aditya Mahajan, and D. Teneketzis",2012,2012-09-07,IEEE Transactions on Automatic Control,58,1644-1658,"A general model of decentralized stochastic control called partial history sharing information structure is presented. In this model, at each step the controllers share part of their observation and control history with each other. This general model subsumes several existing models of information sharing as special cases. Based on the information commonly known to all the controllers, the decentralized problem is reformulated as an equivalent centralized problem from the perspective of a coordinator. The coordinator knows the common information and selects prescriptions that map each controller's local information to its control actions. The optimal control problem at the coordinator is shown to be a partially observable Markov decision process (POMDP) which is solved using techniques from Markov decision theory. This approach provides 1) structural results for optimal strategies and 2) a dynamic program for obtaining optimal strategies for all controllers in the original decentralized problem. Thus, this approach unifies the various ad-hoc approaches taken in the literature. In addition, the structural results on optimal control strategies obtained by the proposed approach cannot be obtained by the existing generic approach (the person-by-person approach) for obtaining structural results in decentralized problems; and the dynamic program obtained by the proposed approach is simpler than that obtained by the existing generic approach (the designer's approach) for obtaining dynamic programs in decentralized problems.",305,22,10.1109/TAC.2013.2239000,https://doi.org/10.1109/TAC.2013.2239000,3.2000
Tan15b,LQG Control With Minimum Directed Information: Semidefinite Programming Approach,"Takashi Tanaka, Peyman Mohajerin Esfahani, and S. Mitter",2015,2015-10-14,IEEE Transactions on Automatic Control,63,37-52,"We consider a discrete-time linear–quadratic–Gaussian (LQG) control problem, in which Massey's directed information from the observed output of the plant to the control input is minimized, while required control performance is attainable. This problem arises in several different contexts, including joint encoder and controller design for data-rate minimization in networked control systems. We show that the optimal control law is a linear–Gaussian randomized policy. We also identify the state-space realization of the optimal policy, which can be synthesized by an efficient algorithm based on semidefinite programming. Our structural result indicates that the filter–controller separation principle from the LQG control theory and the sensor–filter separation principle from the zero-delay rate-distortion theory for Gauss–Markov sources hold simultaneously in the considered problem. A connection to the data-rate theorem for mean-square stability by Nair and Evans is also established.",113,11,10.1109/TAC.2017.2709618,https://doi.org/10.1109/TAC.2017.2709618,3.1000
Wan19e,Learning Efficient Multi-agent Communication: An Information Bottleneck Approach,R. Wang et al.,2019,2019-11-16,International Conference on Machine Learning,,9908-9918,"We consider the problem of the limited-bandwidth communication for multi-agent reinforcement learning, where agents cooperate with the assistance of a communication protocol and a scheduler. The protocol and scheduler jointly determine which agent is communicating what message and to whom. Under the limited bandwidth constraint, a communication protocol is required to generate informative messages. Meanwhile, an unnecessary communication connection should not be established because it occupies limited resources in vain. In this paper, we develop an Informative Multi-Agent Communication (IMAC) method to learn efficient communication protocols as well as scheduling. First, from the perspective of communication theory, we prove that the limited bandwidth constraint requires low-entropy messages throughout the transmission. Then inspired by the information bottleneck principle, we learn a valuable and compact communication protocol and a weight-based scheduler. To demonstrate the efficiency of our method, we conduct extensive experiments in various cooperative and competitive multi-agent tasks with different numbers of agents and different bandwidths. We show that IMAC converges faster and leads to efficient communication among agents under the limited bandwidth as compared to many baseline methods.",133,20,,https://www.semanticscholar.org/paper/ac7fbe27a47236689bf2076e7ffc9561a06941e1,3.0000
Fox16c,Minimum-information LQG control part I: Memoryless controllers,Roy Fox and Naftali Tishby,2016,2016-06-06,2016 IEEE 55th Conference on Decision and Control (CDC),,5610-5616,"With the increased demand for power efficiency in feedback-control systems, communication is becoming a limiting factor, raising the need to trade off the external cost that they incur with the capacity of the controller's communication channels. With a proper design of the channels, this translates into a sequential rate-distortion problem, where we minimize the rate of information required for the controller's operation under a constraint on its external cost. Memoryless controllers are of particular interest both for the simplicity and frugality of their implementation and as a basis for studying more complex controllers. In this paper we present the optimality principle for memoryless linear controllers that utilize minimal information rates to achieve a guaranteed external-cost level. We also study the interesting and useful phenomenology of the optimal controller, such as the principled reduction of its order.",18,1.8,10.1109/CDC.2016.7799131,https://doi.org/10.1109/CDC.2016.7799131,2.8000
Kim21d,Communication in Multi-Agent Reinforcement Learning: Intention Sharing,"Woojun Kim, Jongeui Park, and Y. Sung",2021,,International Conference on Learning Representations,,,,116,22,,https://www.semanticscholar.org/paper/9ed9ff62749f450247d1f6be9d1c14142fa63f05,2.6000
Dwo26,Robust Trust,Piotr Dworczak and A. Smolin,2026,2026-02-10,,,,"An agent chooses an action based on her private information and a recommendation from an informed but potentially misaligned adviser. With a known probability, the adviser truthfully reports his signal; with the remaining probability, he can send any message. We characterize optimal robust decision rules that maximize the agent's worst-case expected payoff. Every optimal rule is equivalent to a trust-region policy in belief space: the adviser's reported beliefs are taken at face value if they fall within the trust region but are otherwise clipped to the trust region's boundary. We derive alignment thresholds above which advice is strictly valuable and fully characterize the solution in both binary-state and binary-action environments.",0,,,https://www.semanticscholar.org/paper/8d3536ffc54dc01feeb4211ef93252e48f1e93a2,2.6000
Fox16,Minimum-information LQG control Part II: Retentive controllers,Roy Fox and Naftali Tishby,2016,2016-06-06,2016 IEEE 55th Conference on Decision and Control (CDC),,5603-5609,"Retentive (memory-utilizing) sensing-acting agents may operate under limitations on the communication between their sensing, memory and acting components, requiring them to trade off the external cost that they incur with the capacity of their communication channels. In this paper we formulate this problem as a sequential rate-distortion problem of minimizing the rate of information required for the controller's operation under a constraint on its external cost. We reduce this bounded retentive control problem to the memoryless one, studied in Part I of this work [1], by viewing the memory reader as one more sensor and the memory writer as one more actuator. We further investigate the structure of the resulting optimal solution and demonstrate its interesting phenomenology.",13,1.3,10.1109/CDC.2016.7799130,https://doi.org/10.1109/CDC.2016.7799130,2.4000
Tav22,A Unified Approach to Dynamic Decision Problems With Asymmetric Information: Nonstrategic Agents,"Hamidreza Tavafoghi, Ouyang Yi, and D. Teneketzis",2022,2022-03-01,IEEE Transactions on Automatic Control,67,1105-1119,"We study a general class of dynamic multi- agent decision problems with asymmetric information and nonstrategic agents, which include dynamic teams as a special case. When agents are nonstrategic, an agent’s strategy is known to the other agents. Nevertheless, the agents’ strategy choices and beliefs are interdependent over times, a phenomenon known as signaling. We introduce the notion of sufficient information that effectively compresses the agents’ information in a mutually consistent manner. Based on the notion of sufficient information, we propose an information state for each agent that is sufficient for decision-making purposes. We present instances of dynamic multiagent decision problems where we can determine an information state with a time-invariant domain for each agent. Furthermore, we present a generalization of the policy-independence property of belief in partially observed Markov decision processes (POMDP) to dynamic multiagent decision problems. Within the context of dynamic teams with asymmetric information, the proposed set of information states leads to a sequential decomposition that decouples the interdependence between the agents’ strategies and beliefs over time and enables us to formulate a dynamic program to determine a globally optimal policy via backward induction.",15,3.6,10.1109/TAC.2021.3060835,https://doi.org/10.1109/TAC.2021.3060835,2.3000
Sha12b,Epistemic trust: modeling children's reasoning about others' knowledge and intent.,"Patrick Shafto, Baxter S. Eaves, Danielle Navarro, and A. Perfors",2012,2012-05-01,Developmental science,15 3,"'
          436-47
        ","A core assumption of many theories of development is that children can learn indirectly from other people. However, indirect experience (or testimony) is not constrained to provide veridical information. As a result, if children are to capitalize on this source of knowledge, they must be able to infer who is trustworthy and who is not. How might a learner make such inferences while at the same time learning about the world? What biases, if any, might children bring to this problem? We address these questions with a computational model of epistemic trust in which learners reason about the helpfulness and knowledgeability of an informant. We show that the model captures the competencies shown by young children in four areas: (1) using informants' accuracy to infer how much to trust them; (2) using informants' recent accuracy to overcome effects of familiarity; (3) inferring trust based on consensus among informants; and (4) using information about mal-intent to decide not to trust. The model also explains developmental changes in performance between 3 and 4 years of age as a result of changing default assumptions about the helpfulness of other people.",132,9.4,10.1111/j.1467-7687.2012.01135.x,https://doi.org/10.1111/j.1467-7687.2012.01135.x,2.2000
Tat04c,Stochastic linear control over a communication channel,"S. Tatikonda, Anant Sahai, and S. Mitter",2004,2004-09-13,IEEE Transactions on Automatic Control,49,1549-1561,,442,20,10.1109/TAC.2004.834430,https://doi.org/10.1109/TAC.2004.834430,2.1000
Mos20,Task-Based Information Compression for Multi-Agent Communication Problems with Channel Rate Constraints,"Arsham Mostaani, T. Vu, S. Chatzinotas, and B. Ottersten",2020,2020-05-28,ArXiv,abs/2005.14220,,"A collaborative task is assigned to a multiagent system (MAS) in which agents are allowed to communicate. The MAS runs over an underlying Markov decision process and its task is to maximize the averaged sum of discounted one-stage rewards. Although knowing the global state of the environment is necessary for the optimal action selection of the MAS, agents are limited to individual observations. The inter-agent communication can tackle the issue of local observability, however, the limited rate of the inter-agent communication prevents the agent from acquiring the precise global state information. To overcome this challenge, agents need to communicate their observations in a compact way such that the MAS compromises the minimum possible sum of rewards. We show that this problem is equivalent to a form of rate-distortion problem which we call the task-based information compression. We introduce two schemes for task-based information compression (i) Learning-based information compression (LBIC) which leverages reinforcement learning to compactly represent the observation space of the agents, and (ii) State aggregation for information compression (SAIC), for which a state aggregation algorithm is analytically designed. The SAIC is shown, conditionally, to be capable of achieving the optimal performance in terms of the attained sum of discounted rewards. The proposed algorithms are applied to a rendezvous problem and their performance is compared with two benchmarks; (i) conventional source coding algorithms and the (ii) centralized multiagent control using reinforcement learning. Numerical experiments confirm the superiority of the proposed algorithms.",6,1.0,,https://www.semanticscholar.org/paper/0218f804322c63ada943788c95d38266ae0a9ca5,2.1000
Che23g,Minimizing Return Gaps with Discrete Communications in Decentralized POMDP,Jingdi Chen and Tian Lan,2023,,ArXiv,abs/2308.03358,,"Communication is crucial for solving cooperative Multi-Agent Reinforcement Learning tasks in Partially-Observable Markov Decision Processes. Existing works often rely on black-box methods to encode local information/features into messages shared with other agents. However, such black-box approaches are unable to provide any quantitative guarantees on the expected return and often lead to the generation of continuous messages with high communication overhead and poor interpretability. In this paper, we establish an upper bound on the return gap between an ideal policy with full observability and an optimal partially-observable policy with discrete communication. This result enables us to recast multi-agent communication into a novel online clustering problem over the local observations at each agent, with messages as cluster labels and the upper bound on the return gap as clustering loss. By minimizing the upper bound, we propose a surprisingly simple design of message generation functions in multi-agent communication and integrate it with reinforcement learning using a Regularized Information Maximization loss function. Evaluations show that the proposed discrete communication significantly outperforms state-of-the-art multi-agent communication baselines and can achieve nearly-optimal returns with few-bit messages that are naturally interpretable.",7,2.1,10.48550/arXiv.2308.03358,https://doi.org/10.48550/arXiv.2308.03358,2.0000
Seg01,Complexity and Coordination by Authority ∗,I. Segal,2001,,,,,"We prove that the simplest communication allowing two players to coordinate on a course of action is authority (letting one player choose an action). We also consider the case where each player possesses valuable information about the benefits of a large number of actions. For this case, we identify conditions under which authority can only be asymptotically improved upon by protocols of exponential complexity in the number of actions (i.e. those describing an unbounded number of actions). ∗I am greatly indebted to Eric Maskin for his thorough reading of earlier versions of the paper and many valuable suggestions. I am grateful to Daron Acemoglu, Philippe Aghion, Susan Athey, Abhijit Banerjee, Alberto Bisin, Drew Fudenberg, Oliver Hart, Bengt Holmstrom, Eric Maskin, Thomas Marschak, Paul Milgrom, Antonio Rangel, Steve Tadelis, Jean Tirole, and participants of seminars at Berkeley, Harvard, and MIT for helpful comments and discussions, to Edouard Servan-Schreiber for valuable research assistance, and to Alfred P. Sloan foundation and UC Berkeley’s Committee on Research for financial support. “Fundamentally, communication is required to translate purpose into terms of the concrete action required to effect it what to do and when and where to do it [...] Under very simple and usually temporary conditions and with small numbers of persons the communication problem often appears simple, but under many conditions, even with small numbers, a special channel of communication is required. For if all talk at once there is confusion, and there is indecision particularly as to timing of actions. This creates the necessity for a leader.” Chester Barnard (1938)",0,,,https://www.semanticscholar.org/paper/155c4af62e235caa0e48f6484b4250aab8676466,2.0000
Sou24,Cooperation and Control in Delegation Games,"Oliver Sourbut, Lewis Hammond, and Harriet Wood",2024,2024-02-24,ArXiv,abs/2402.15821,,"Many settings of interest involving humans and machines – from virtual personal assistants to autonomous vehicles – can naturally be modelled as principals (humans) delegating to agents (machines), which then interact with each other on their principals’ behalf. We refer to these multi-principal, multi-agent scenarios as delegation games. In such games, there are two important failure modes: problems of control (where an agent fails to act in line their principal’s preferences) and problems of cooperation (where the agents fail to work well together). In this paper we formalise and analyse these problems, further breaking them down into issues of alignment (do the players have similar preferences?) and capabilities (how competent are the players at satisfying those preferences?). We show – theoretically and empirically – how these measures determine the principals’ welfare, how they can be estimated using limited observations, and thus how they might be used to help us design more aligned and cooperative AI systems.",3,1.3,10.24963/ijcai.2024/26,https://doi.org/10.24963/ijcai.2024/26,2.0000
Tav18b,A Sufficient Information Approach to Decentralized Decision Making,"Hamidreza Tavafoghi, Ouyang Yi, and D. Teneketzis",2018,2018-12-01,2018 IEEE Conference on Decision and Control (CDC),,5069-5076,"We study a general class of decentralized dynamic decision-making problems with many agents, asymmetric information, and hidden actions. We propose the notion of sufficient information that provides a mutually consistent compression of the agents' private and common information for decision-making purposes. We define a class of strategies, called sufficient information-based (SIB) strategies, that are based on the agents' sufficient information. We show that restriction to SIB strategies is without loss of optimality in decentralized decision problems with non-strategic agents (i.e. teams). Accordingly, we provide a sequential decomposition of dynamic teams over time that specifies an algorithm for determining globally optimal strategies. For decentralized decision problems with strategic agents (i.e. games), we show that the class of SIB strategies is closed under the best response map. Consequently, we propose a notion of sufficient information-based equilibrium and provide a sequential decomposition of dynamic games over time that specifies an algorithm for determining Sufficient Information Based Perfect Bayesian Equilibria (SIB-PBE).",8,1.1,10.1109/CDC.2018.8619040,https://doi.org/10.1109/CDC.2018.8619040,2.0000
Sud24,Optimal Communication and Control Strategies in a Cooperative Multiagent MDP Problem,"Sagar Sudhakara, Dhruva Kartik, Rahul Jain, and A. Nayyar",2024,2024-10-01,IEEE Transactions on Automatic Control,69,6959-6966,"The problem of controlling cooperative multiagent systems under different models of information sharing among agents has received significant attention in the recent literature. In this article, we consider a setup where rather than committing to a fixed and nonadaptive information sharing protocol (e.g., periodic sharing or no sharing, etc.), agents can dynamically decide at each time step whether to share information with each other and incur the resulting communication cost. This setup requires a joint design of agents' communication and control strategies in order to optimize the tradeoff between communication costs and the control objective. We first show that agents can ignore a big part of their private information without compromising the system performance. We then provide a common-information-approach-based solution for the strategy optimization problem. This approach relies on constructing a fictitious partially observable markov decision process (POMDP) whose solution (obtained via a dynamic program) characterizes the optimal strategies for the agents. We extend our solution to incorporate time-varying packet-drop channels and constraints on when and how frequently agents can communicate.",4,2.4,10.1109/TAC.2024.3386454,https://doi.org/10.1109/TAC.2024.3386454,1.9000
Des02,Authority and Communication in Organizations,Wouter Dessein,2002,2002-10-01,The Review of Economic Studies,69,811-838,"This paper studies delegation as an alternative to communication. We show that a principal prefers to delegate control to a better informed agent rather than to communicate with this agent as long as the incentive conflict is not too large relative to the principal's uncertainty about the environment. We further identify cases in which the principal optimally delegates control to an “intermediary”, and show that keeping a veto-right typically reduces the expected utility of the principal unless the incentive conflict is extreme. Copyright 2002, Wiley-Blackwell.",1019,43,10.1111/1467-937X.00227,https://doi.org/10.1111/1467-937X.00227,1.9000
Vil12,Trusting the Messenger and the Message,S. Villata et al.,2012,,,,,"Information provided by a source should be assessed by an intelligent agent on the basis of several criteria: most notably, its content and the trust one has in its source. In turn, the observed quality of information should feed back on the assessment of its source, and such feedback should intelligently distribute among different features of the source—e.g., competence and sincerity. We propose a formal framework in which trust is not treated as a monolithic and static concept. We regard trust as a multi-dimensional concept relativized to the sincerity of the source and its competence with respect to specific domains: both these aspects influence the assessment of the information, and also determine a feedback on the trustworthiness degree of its source. We provide a framework to describe the combined effects of competence and sincerity on the perceived quality of information. We focus on the feedback dynamics from information quality to source evaluation, highlighting the role that uncertainty reduction, and social comparison play in determining the amount and the distribution of feedback. Category: I.2.11, Distributed Artificial Intelligence, Intelligent agents",2,0.1,,https://www.semanticscholar.org/paper/fbf1e71500b290141b59d8141d26e05135698da2,1.8000
Tis00,The information bottleneck method,"Naftali Tishby, Fernando C Pereira, and W. Bialek",2000,2000-04-24,ArXiv,physics/0004057,,"We define the relevant information in a signal $x\in X$ as being the information that this signal provides about another signal $y\in \Y$. Examples include the information that face images provide about the names of the people portrayed, or the information that speech sounds provide about the words spoken. Understanding the signal $x$ requires more than just predicting $y$, it also requires specifying which features of $\X$ play a role in the prediction. We formalize this problem as that of finding a short code for $\X$ that preserves the maximum information about $\Y$. That is, we squeeze the information that $\X$ provides about $\Y$ through a `bottleneck' formed by a limited set of codewords $\tX$. This constrained optimization problem can be seen as a generalization of rate distortion theory in which the distortion measure $d(x,\x)$ emerges from the joint statistics of $\X$ and $\Y$. This approach yields an exact set of self consistent equations for the coding rules $X \to \tX$ and $\tX \to \Y$. Solutions to these equations can be found by a convergent re-estimation method that generalizes the Blahut-Arimoto algorithm. Our variational principle provides a surprisingly rich framework for discussing a variety of problems in signal processing and learning, as will be described in detail elsewhere.",4311,165,,https://www.semanticscholar.org/paper/4ef483f819e11873822416042a4b6dc4652e010c,1.8000
Tia21,CGIBNet: Bandwidth-constrained Communication with Graph Information Bottleneck in Multi-Agent Reinforcement Learning,"Qi Tian, Kun Kuang, Baoxiang Wang, Furui Liu, and Fei Wu",2021,2021-12-20,,,,"Communication is one of the core components for cooperative multi-agent reinforcement learning (MARL). The communication bandwidth, in many real applications, is always subject to certain constraints. To improve communication efficiency, in this article, we propose to simultaneously optimize whom to communicate with and what to communicate for each agent in MARL. By initiating the communication between agents with a directed complete graph, we propose a novel communication model, named Communicative Graph Information Bottleneck Network (CGIBNet), to simultaneously compress the graph structure and the node information with the graph information bottleneck principle. The graph structure compression is designed to cut the redundant edges for determining whom to communicate with. The node information compression aims to address the problem of what to communicate via learning compact node representations. Moreover, CGIBNet is the first universal module for bandwidth-constrained communication, which can be applied to various training frameworks (i.e., policy-based and value-based MARL frameworks) and communication modes (i.e., single-round and multi-round communication). Extensive experiments are conducted in Traffic Control and StarCraft II environments. The results indicate that our method can achieve better performance in bandwidth-constrained settings compared with state-of-the-art algorithms.",0,,,https://www.semanticscholar.org/paper/b8316bb525fd6aa9b03a03be6598936c603efb65,1.8000
Sha15,Rationally Inattentive Control of Markov Processes,"Ehsan Shafieepoorfard, M. Raginsky, and Sean P. Meyn",2015,2015-02-12,ArXiv,abs/1502.03762,,"The article poses a general model for optimal control subject to information constraints, motivated in part by recent work of Sims and others on information-constrained decision-making by economic agents. In the average-cost optimal control framework, the general model introduced in this paper reduces to a variant of the linear-programming representation of the average-cost optimal control problem, subject to an additional mutual information constraint on the randomized stationary policy. The resulting optimization problem is convex and admits a decomposition based on the Bellman error, which is the object of study in approximate dynamic programming. The theory is illustrated through the example of information-constrained linear-quadratic-Gaussian (LQG) control problem. Some results on the infinite-horizon discounted-cost criterion are also presented.",26,2.3,10.1137/15M1008476,https://doi.org/10.1137/15M1008476,1.7000
Smi09,Learning to trust in the competence and commitment of agents,Michael J. Smith and Marie desJardins,2009,2009-02-01,Autonomous Agents and Multi-Agent Systems,18,36-82,,39,2.3,10.1007/s10458-008-9055-8,https://doi.org/10.1007/s10458-008-9055-8,1.7000
Mos20b,State Aggregation for Multiagent Communication over Rate-Limited Channels,"Arsham Mostaani, T. Vu, S. Chatzinotas, and B. Ottersten",2020,2020-12-01,GLOBECOM 2020 - 2020 IEEE Global Communications Conference,,1-7,"A collaborative task is assigned to a multiagent system (MAS) in which agents are allowed to communicate. The MAS runs over an underlying Markov decision process and its task is to maximize the averaged sum of discounted one-stage rewards. Although knowing the global state of the environment is necessary for the optimal action selection of the MAS, agents are limited to individual observations. The inter-agent communication can tackle the issue of local observability, however, the limited rate of the inter-agent communication prevents the agents from acquiring the precise global state information. To overcome this challenge, agents need to communicate their observations in a compact way such that the MAS compromises the minimum possible sum of rewards. We show that this problem is equivalent to a form of rate-distortion problem which we call the task-based information compression. State Aggregation for Information Compression (SAIC) is introduced here to perform the task-based information compression. The SAIC is shown, conditionally, to be capable of achieving the optimal performance in terms of the attained sum of discounted rewards. The proposed algorithm is applied to a rendezvous problem and its performance is compared with two benchmarks; (i) conventional source coding algorithms and the (ii) centralized multiagent control using reinforcement learning. Numerical experiments confirm the superiority and fast convergence of the proposed SAIC.",8,1.5,10.1109/GLOBECOM42002.2020.9322138,https://doi.org/10.1109/GLOBECOM42002.2020.9322138,1.7000
Rad93,The organization of decentralized information processing,R. Radner,1993,1993-09-01,Econometrica,61,1109-1146,"In a decision-theoretic model of a firm, the author represents managers as information processors of limited capacity; efficiency is measured in terms of (1) the number of processors and (2) the delay between the receipt of information by the organization and the implementation of the decision. The author characterizes efficient networks for both one-shot and repeated regimes, as well as the corresponding 'production function' relating the number of items processed to the number of processors and the delay. He sketches some applications to common decision paradigms, and implications for decentralization and organizational returns to scale. Copyright 1993 by The Econometric Society.",765,23,10.2307/2951495,https://doi.org/10.2307/2951495,1.7000
Kao21,Common Information based Approximate State Representations in Multi-Agent Reinforcement Learning,Hsu Kao and V. Subramanian,2021,2021-10-25,International Conference on Artificial Intelligence and Statistics,,6947-6967,"Due to information asymmetry, finding optimal policies for Decentralized Partially Observable Markov Decision Processes (Dec-POMDPs) is hard with the complexity growing doubly exponentially in the horizon length. The challenge increases greatly in the multi-agent reinforcement learning (MARL) setting where the transition probabilities, observation kernel, and reward function are unknown. Here, we develop a general compression framework with approximate common and private state representations, based on which decentralized policies can be constructed. We derive the optimality gap of executing dynamic programming (DP) with the approximate states in terms of the approximation error parameters and the remaining time steps. When the compression is exact (no error), the resulting DP is equivalent to the one in existing work. Our general framework generalizes a number of methods proposed in the literature. The results shed light on designing practically useful deep-MARL network structures under the""centralized learning distributed execution""scheme.",16,3.5,,https://www.semanticscholar.org/paper/c51231fad16b994da85035088c43ac0860a4fa64,1.6000
Tan14,Semidefinite Programming Approach to Gaussian Sequential Rate-Distortion Trade-Offs,"Takashi Tanaka, Kwang-Ki K. Kim, P. Parrilo, and S. Mitter",2014,2014-11-27,IEEE Transactions on Automatic Control,62,1896-1910,"Sequential rate-distortion (SRD) theory provides a framework for studying the fundamental trade-off between data-rate and data-quality in real-time communication systems. In this paper, we consider the SRD problem for multi-dimensional time-varying Gauss-Markov processes under mean-square distortion criteria. We first revisit the sensor-estimator separation principle, which asserts that considered SRD problem is equivalent to a joint sensor and estimator design problem in which data-rate of the sensor output is minimized while the estimator's performance satisfies the distortion criteria. We then show that the optimal joint design can be performed by semidefinite programming. A semidefinite representation of the corresponding SRD function is obtained. Implications of the obtained result in the context of zero-delay source coding theory and applications to networked control theory are also discussed.",120,10,10.1109/TAC.2016.2601148,https://doi.org/10.1109/TAC.2016.2601148,1.6000
Din23,Robust Multi-Agent Communication With Graph Information Bottleneck Optimization,Shifei Ding et al.,2023,2023-11-29,IEEE Transactions on Pattern Analysis and Machine Intelligence,46,3096-3107,"Recent research on multi-agent reinforcement learning (MARL) has shown that action coordination of multi-agents can be significantly enhanced by introducing communication learning mechanisms. Meanwhile, graph neural network (GNN) provides a promising paradigm for communication learning of MARL. Under this paradigm, agents and communication channels can be regarded as nodes and edges in the graph, and agents can aggregate information from neighboring agents through GNN. However, this GNN-based communication paradigm is susceptible to adversarial attacks and noise perturbations, and how to achieve robust communication learning under perturbations has been largely neglected. To this end, this paper explores this problem and introduces a robust communication learning mechanism with graph information bottleneck optimization, which can optimally realize the robustness and effectiveness of communication learning. We introduce two information-theoretic regularizers to learn the minimal sufficient message representation for multi-agent communication. The regularizers aim at maximizing the mutual information (MI) between the message representation and action selection while minimizing the MI between the agent feature and message representation. Besides, we present a MARL framework that can integrate the proposed communication mechanism with existing value decomposition methods. Experimental results demonstrate that the proposed method is more robust and efficient than state-of-the-art GNN-based MARL methods.",25,10,10.1109/TPAMI.2023.3337534,https://doi.org/10.1109/TPAMI.2023.3337534,1.6000
Sud21,Optimal communication and control strategies in a multi-agent MDP problem,"Sagar Sudhakara, Dhruva Kartik, Rahul Jain, and A. Nayyar",2021,2021-04-22,ArXiv,abs/2104.10923,,"The problem of controlling multi-agent systems under different models of information sharing among agents has received significant attention in the recent literature. In this paper, we consider a setup where rather than committing to a fixed information sharing protocol (e.g. periodic sharing or no sharing etc), agents can dynamically decide at each time step whether to share information with each other and incur the resulting communication cost. This setup requires a joint design of agents' communication and control strategies in order to optimize the trade-off between communication costs and control objective. We first show that agents can ignore a big part of their private information without compromising the system performance. We then provide a common information approach based solution for the strategy optimization problem. This approach relies on constructing a fictitious POMDP whose solution (obtained via a dynamic program) characterizes the optimal strategies for the agents. We also show that our solution can be easily modified to incorporate constraints on when and how frequently agents can communicate.",5,1.0,,https://www.semanticscholar.org/paper/27ee2d143f61cdde2be3622c7415b37e96f3643d,1.6000
Tan15,LQG Control with Minimal Information: Three-Stage Separation Principle and SDP-based Solution Synthesis,"Takashi Tanaka, Peyman Mohajerin Esfahani, and S. Mitter",2015,2015-10-14,ArXiv,abs/1510.04214,,"In the interest of evaluating an information-theoretic requirement for feedback control, this paper proposes a framework to synthesize a control policy that minimizes Massey’s directed information from the state sequence to the control sequence while attaining required Linear-Quadratic-Gaussian (LQG) control performance. Interpretation and significance of this framework is discussed in the context of networked control theory. As the main result, we show that an optimal control policy can be realized by an attractively simple three-stage decision architecture comprising (1) a linear sensor with additive Gaussian noise, (2) a Kalman filter, and (3) a certainty equivalence controller. This result suggests an integration of two separation principles previously known in the literature: the filter-controller separation principle in the LQG control theory, and the sensorfilter separation principle in zero-delay rate-distortion theory for Gauss-Markov sources. It is also shown that an optimal policy can be synthesized by semidefinite programming (SDP). Both time-varying finite-horizon problems and time-invariant infinitehorizon problems are considered. Our results can be viewed as a generalization of the data-rate theorem for mean-square stability by Nair & Evans, extended for a control performance analysis.",12,1.1,,https://www.semanticscholar.org/paper/daeb13fee5360fff8440d2a3bfc080611c1220dc,1.6000
Seg01b,Communication Complexity and Coordination by Authority,I. Segal,2001,,,,,"We prove that the simplest communication allowing two players to coordinate on a course of action is authority (letting one player choose an action). We also consider the case where each player possesses valuable information about the benefits of a large number of actions. For this case, we identify conditions under which authority can only be asymptotically improved upon by protocols of exponential complexity in the number of actions (i.e. those describing an unbounded number of actions).",27,1.1,,https://www.semanticscholar.org/paper/6058a6ecc7dcc59546cf1c0c8bc4d741b8cc7c2d,1.6000
Got18,Systems of Bounded Rational Agents with Information-Theoretic Constraints,Sebastian Gottwald and Daniel A. Braun,2018,2018-09-16,Neural Computation,31,440-476,"Specialization and hierarchical organization are important features of efficient collaboration in economical, artificial, and biological systems. Here, we investigate the hypothesis that both features can be explained by the fact that each entity of such a system is limited in a certain way. We propose an information-theoretic approach based on a free energy principle in order to computationally analyze systems of bounded rational agents that deal with such limitations optimally. We find that specialization allows a focus on fewer tasks, thus leading to a more efficient execution, but in turn, it requires coordination in hierarchical structures of specialized experts and coordinating units. Our results suggest that hierarchical architectures of specialized units at lower levels that are coordinated by units at higher levels are optimal, given that each unit's information-processing capability is limited and conforms to constraints on complexity costs.",9,1.2,10.1162/neco_a_01153,https://doi.org/10.1162/neco_a_01153,1.6000
Cho15b,Risk-Sensitive and Robust Decision-Making: a CVaR Optimization Approach,"Yinlam Chow, Aviv Tamar, Shie Mannor, and M. Pavone",2015,2015-06-06,ArXiv,abs/1506.02188,,"In this paper we address the problem of decision making within a Markov decision process (MDP) framework where risk and modeling errors are taken into account. Our approach is to minimize a risk-sensitive conditional-value-at-risk (CVaR) objective, as opposed to a standard risk-neutral expectation. We refer to such problem as CVaR MDP. Our first contribution is to show that a CVaR objective, besides capturing risk sensitivity, has an alternative interpretation as expected cost under worst-case modeling errors, for a given error budget. This result, which is of independent interest, motivates CVaR MDPs as a unifying framework for risk-sensitive and robust decision making. Our second contribution is to present an approximate value-iteration algorithm for CVaR MDPs and analyze its convergence rate. To our knowledge, this is the first solution algorithm for CVaR MDPs that enjoys error guarantees. Finally, we present results from numerical experiments that corroborate our theoretical findings and show the practicality of our approach.",383,35,,https://www.semanticscholar.org/paper/f583f9e720c16f6bb50f9d624b61c3bc851be008,1.5000
Str18,Learning to Share and Hide Intentions using Information Regularization,"D. Strouse, Max Kleiman-Weiner, J. Tenenbaum, M. Botvinick, and D. Schwab",2018,2018-08-01,ArXiv,abs/1808.02093,,"Learning to cooperate with friends and compete with foes is a key component of multi-agent reinforcement learning. Typically to do so, one requires access to either a model of or interaction with the other agent(s). Here we show how to learn effective strategies for cooperation and competition in an asymmetric information game with no such model or interaction. Our approach is to encourage an agent to reveal or hide their intentions using an information-theoretic regularizer. We consider both the mutual information between goal and action given state, as well as the mutual information between goal and state. We show how to stochastically optimize these regularizers in a way that is easy to integrate with policy gradient reinforcement learning. Finally, we demonstrate that cooperative (competitive) policies learned with our approach lead to more (less) reward for a second agent in two simple asymmetric information games.",62,7.9,,https://www.semanticscholar.org/paper/70f4a0478f2979005b3628491c8b95335834cb64,1.5000
Sil14,A Characterization of the Minimal Average Data Rate That Guarantees a Given Closed-Loop Performance Level,"Eduardo I. Silva, M. Derpich, Jan Østergaard, and Marco A. Encina",2014,2014-07-01,IEEE Transactions on Automatic Control,61,2171-2186,"This paper studies networked control systems closed over noiseless digital channels. We focus on noisy linear time-invariant (LTI) plants with stationary Gaussian disturbances, Gaussian initial state, scalar-valued control inputs and sensor outputs. For this set-up, we show that the absolute minimal directed information rate that allows one to achieve a prescribed level of performance (not necessarily stationary), over all combinations of encoder-controller-decoder, is achieved when the decoder output is jointly Gaussian with the other signals in the system. This directed information rate lower bounds the achievable operational data rates. When restricting our attention to encoder-controller-decoders which make the random processes in the loop (strongly) asymptotically wide-sense stationary, this bound can be expressed in terms of their asymptotic power spectral densities. Then we show that the directed information rate and stationary performance of any such scheme can be achieved when the concatenated encoder, channel, controller and decoder behave as an AWGN channel with LTI filters. We also present a simple coding scheme that allows one to achieve (operational) average data rates that are at most (approximately) 1.254 bits away from the derived lower bound, while satisfying the performance constraint. A numerical example is presented to illustrate our findings.",55,4.6,10.1109/TAC.2015.2500658,https://doi.org/10.1109/TAC.2015.2500658,1.5000
Tan17,Transfer-Entropy-Regularized Markov Decision Processes,"Takashi Tanaka, H. Sandberg, and M. Skoglund",2017,2017-08-30,IEEE Transactions on Automatic Control,67,1944-1951,"We consider the framework of transfer-entropy-regularized Markov decision process (TERMDP) in which the weighted sum of the classical state-dependent cost and the transfer entropy from the state random process to the control input process is minimized. Although TERMDPs are generally formulated as nonconvex optimization problems, an analytical necessary optimality condition can be expressed as a finite set of nonlinear equations, based on which an iterative forward–backward computational procedure similar to the Arimoto–Blahut algorithm is developed. It is shown that every limit point of the sequence generated by the proposed algorithm is a stationary point of the TERMDP. Applications of TERMDPs are discussed in the context of networked control systems theory and nonequilibrium thermodynamics. The proposed algorithm is applied to an information-constrained maze navigation problem, whereby we study how the price of information qualitatively alters the optimal decision polices.",15,1.7,10.1109/TAC.2021.3069347,https://doi.org/10.1109/TAC.2021.3069347,1.5000
Wan07b,Formal Trust Model for Multiagent Systems,Yonghong Wang and Munindar P. Singh,2007,2007-01-06,International Joint Conference on Artificial Intelligence,,1551-1556,"Trust should be substantially based on evidence. Further, a key challenge for multiagent systems is how to determine trust based on reports from multiple sources, who might themselves be trusted to varying degrees. Hence an ability to combine evidence-based trust reports in a manner that discounts for imperfect trust in the reporting agents is crucial for multiagent systems. 
 
This paper understands trust in terms of belief and certainty: A's trust in B is reflected in the strength of A's belief that B is trustworthy. This paper formulates certainty in terms of evidence based on a statistical measure defined over a probability distribution of the probability of positive outcomes. This novel definition supports important mathematical properties, including (1) certainty increases as conflict increases provided the amount of evidence is unchanged, and (2) certainty increases as the amount of evidence increases provided conflict is unchanged. Moreover, despite a more subtle definition than previous approaches, this paper (3) establishes a bijection between evidence and trust spaces, enabling robust combination of trust reports and (4) provides an efficient algorithm for computing this bijection.",279,14,,https://www.semanticscholar.org/paper/f14430e29ad3ff0fe4fb5a1a9ab507d34986bfa8,1.5000
Cha12b,Nonanticipative Rate Distortion Function and Relations to Filtering Theory,"C. Charalambous, Photios A. Stavrou, and N. Ahmed",2012,2012-10-03,IEEE Transactions on Automatic Control,59,937-952,"The relation between nonanticipative rate distortion function (RDF) and filtering theory is discussed on abstract spaces. The relation is established by imposing a realizability constraint on the reconstruction conditional distribution of the classical RDF. Existence of the extremum solution of the nonanticipative RDF is shown using weak *-convergence on appropriate topology. The extremum reconstruction conditional distribution is derived in closed form, for the case of stationary processes. The realization of the reconstruction conditional distribution which achieves the infimum of the nonanticipative RDF is described. Finally, an example is presented to illustrate the concepts.",67,4.9,10.1109/TAC.2013.2293403,https://doi.org/10.1109/TAC.2013.2293403,1.4000
Tuc22c,"Trading off Utility, Informativeness, and Complexity in Emergent Communication","Mycal Tucker, R. Levy, J. Shah, and Noga Zaslavsky",2022,,Advances in Neural Information Processing Systems 35,,,"Emergent communication (EC) research often focuses on optimizing task-speciﬁc utility as a driver for communication. However, there is increasing evidence that human languages are shaped by task-general communicative constraints and evolve under pressure to optimize the Information Bottleneck (IB) tradeoff between the informativeness and complexity of the lexicon. Here, we integrate these two approaches by trading off utility, informativeness, and complexity in EC. To this end, we propose Vector-Quantized Variational Information Bottleneck (VQ-VIB), a method for training neural agents to encode inputs into discrete signals embedded in a continuous space. We evaluate our approach in multi-agent reinforcement learning settings and in color reference games and show that: (1) VQ-VIB agents can continuously adapt to changing communicative needs and, in the color domain, align with human languages; (2) the emergent VQ-VIB embedding spaces are semantically meaningful and perceptually grounded; and (3) encouraging informativeness leads to faster convergence rates and improved utility, both in VQ-VIB and in prior neural architectures for symbolic EC, with VQ-VIB achieving higher utility for any given complexity. This work offers a new framework for EC that is grounded in information-theoretic principles that are believed to characterize human language evolution and that may facilitate human-agent interaction.",28,6.5,10.52202/068431-1614,https://doi.org/10.52202/068431-1614,1.4000
Dob17,Fully Decentralized Policies for Multi-Agent Systems: An Information Theoretic Approach,"Roel Dobbe, David Fridovich-Keil, and C. Tomlin",2017,2017-07-20,ArXiv,abs/1707.06334,,"Learning cooperative policies for multi-agent systems is often challenged by partial observability and a lack of coordination. In some settings, the structure of a problem allows a distributed solution with limited communication. Here, we consider a scenario where no communication is available, and instead we learn local policies for all agents that collectively mimic the solution to a centralized multi-agent static optimization problem. Our main contribution is an information theoretic framework based on rate distortion theory which facilitates analysis of how well the resulting fully decentralized policies are able to reconstruct the optimal solution. Moreover, this framework provides a natural extension that addresses which nodes an agent should communicate with to improve the performance of its individual policy.",45,5.1,,https://www.semanticscholar.org/paper/e6be7302cc97fe951a24f0b3c3c54995a20c7b12,1.4000
Smi05,A Model for Competence and Integrity in Variable Payoff Games,Michael J. Smith and Marie desJardins,2005,,,,,"Agents often have to trust one another when engaging in joint actions. In many cases, no single design team has the authority to assure that agents cooperate. Trust is required when agents hold potentially different values or conflicting goals. This paper presents a framework and some initial experiments for decomposing agent reputation within a multi-agent society into two characteristics: competence and integrity. The framework models competence as the probability of successfully carrying out an intended action. Integrity is modeled as a rational commitment to maintaining a reputation, based on the agent’s assessment of the game’s discount rate. We show that a simple, one-level-deep recursive model—given accurate knowledge of self and the other agent’s competence and integrity (commitment to reputation)—outperforms titfor-tat and other standard strategies in evolutionary round-robin iterated prisoner’s dilemma tournaments. This indicates that the approach taken here warrants further investigation using more realistic and com-",2,0.1,,https://www.semanticscholar.org/paper/66ef4e234cc16a56a33fa532330aadab9db77bea,1.4000
Agh07,You have printed the following article : Formal and Real Authority in Organizations,P. Aghion and Jean Tirole,2007,,,,,"This paper develops a theory of the allocation of formal authority (the right to decide) and real authority (the effective control over decisions) within organizations, and it illustrates how a formally integrated structure can accommodate various degrees of ""real"" integration. Real authority is determined by the structure of information, which in turn depends on the allocation of formal authority. An increase in an agent's real authority promotes initiative but results in a loss of control for the principal. After spelling out (some of) the main determinants of the delegation of formal authority within organizations, the paper examines a number of factors that increase the subordinates' real authority in a formally integrated structure: overload, lenient rules, urgency of decision, reputation, performance measurement, and multiplicity of superiors. Finally, the amount of communication in an organization is shown to depend on the allocation of formal authority.",1970,102,,https://dash.harvard.edu/bitstream/1/4554125/1/Aghion_FormalRealA.pdf,1.4000
Nay19,Common Knowledge and Sequential Team Problems,A. Nayyar and D. Teneketzis,2019,2019-04-22,IEEE Transactions on Automatic Control,64,5108-5115,"We consider a general sequential team problem based on Witsenhausen's intrinsic model. Our formulation encompasses all teams in which the uncontrolled inputs can be viewed as random variables on a finite probability space, the number of control inputs/decisions is finite and the decisions take values in finite spaces. We define the concept of common knowledge in such teams and use it to construct a sequential decomposition of the problem of optimizing the team strategy profile. If the information structure is classical, our common knowledge based decomposition is identical to classical dynamic program. If the information structure is such that the common knowledge is trivial, our decomposition is similar in spirit to Witsenhausen's standard form based decomposition <xref ref-type=""bibr"" rid=""ref17"">[17]</xref>. In this case, the sequential decomposition is essentially a sequential reformulation of the strategy optimization problem and appears to have limited value. For information structures with nontrivial common knowledge, our sequential decomposition differs from Witsenhausen's standard form based decomposition because of its dependence on common knowledge. Our common knowledge based approach generalizes the common information based methods of <xref ref-type=""bibr"" rid=""ref12"">[12]</xref>–<xref ref-type=""bibr"" rid=""ref13""/><xref ref-type=""bibr"" rid=""ref14"">[14]</xref>.",16,2.3,10.1109/TAC.2019.2912536,https://doi.org/10.1109/TAC.2019.2912536,1.4000
Tan15d,SDP-based joint sensor and controller design for information-regularized optimal LQG control,Takashi Tanaka and H. Sandberg,2015,2015-03-06,2015 54th IEEE Conference on Decision and Control (CDC),,4486-4491,"We consider a joint sensor and controller design problem for linear Gaussian stochastic systems in which a weighted sum of quadratic control cost and the amount of information acquired by the sensor is minimized. This problem formulation is motivated by situations where a control law must be designed in the presence of sensing, communication, and privacy constraints. We show that an optimal linear joint sensor-controller policy is comprised of a linear sensor, Kalman filter, and a certainty equivalence controller, and can be synthesized by a numerically efficient algorithm based on semidefinite programming (SDP).",44,3.9,10.1109/CDC.2015.7402920,https://doi.org/10.1109/CDC.2015.7402920,1.4000
Nai04,Stabilizability of Stochastic Linear Systems with Finite Feedback Data Rates,G. Nair and R. Evans,2004,2004-02-01,SIAM J. Control. Optim.,43,413-436,"Feedback control with limited data rates is an emerging area which incorporates ideas from both control and information theory. A fundamental question it poses is how low the closed-loop data rate can be made before a given dynamical system is impossible to stabilize by any coding and control law. Analogously to source coding, this defines the smallest error-free data rate sufficient to achieve ""reliable"" control, and explicit expressions for it have been derived for linear time-invariant systems without disturbances. In this paper, the more general case of finite-dimensional linear systems with process and observation noise is considered, the object being mean square state stability. By inductive arguments employing the entropy power inequality of information theory, and a new quantizer error bound, an explicit expression for the infimum stabilizing data rate is derived, under very mild conditions on the initial state and noise probability distributions.",753,34,10.1137/S0363012902402116,https://doi.org/10.1137/S0363012902402116,1.3000
Sah06,The Necessity and Sufficiency of Anytime Capacity for Stabilization of a Linear System Over a Noisy Communication Link—Part I: Scalar Systems,Anant Sahai and S. Mitter,2006,2006-01-04,IEEE Transactions on Information Theory,52,3369-3395,"In this paper, we review how Shannon's classical notion of capacity is not enough to characterize a noisy communication channel if the channel is intended to be used as part of a feedback loop to stabilize an unstable scalar linear system. While classical capacity is not enough, another sense of capacity (parametrized by reliability) called ""anytime capacity"" is necessary for the stabilization of an unstable process. The required rate is given by the log of the unstable system gain and the required reliability comes from the sense of stability desired. A consequence of this necessity result is a sequential generalization of the Schalkwijk-Kailath scheme for communication over the additive white Gaussian noise (AWGN) channel with feedback. In cases of sufficiently rich information patterns between the encoder and decoder, adequate anytime capacity is also shown to be sufficient for there to exist a stabilizing controller. These sufficiency results are then generalized to cases with noisy observations, delayed control actions, and without any explicit feedback between the observer and the controller. Both necessary and sufficient conditions are extended to continuous time systems as well. We close with comments discussing a hierarchy of difficulty for communication problems and how these results establish where stabilization problems sit in that hierarchy",432,21,10.1109/TIT.2006.878169,https://doi.org/10.1109/TIT.2006.878169,1.3000
Yuk00,Quantization and Coding for Decentralized LTI Systems 1,S. Yüksel and T. Başar,,,,,,"We study the communication rate requirements for centralized and decentralized control schemes when the plant and the controller are connected via a noiseless bandlimited channel. We introduce recursive quantizers that achieve monotonic boundedness and exponential stability of the worst-case state estimation error with minimum rate. Rate requirements for centralized schemes are shown to be lower than those for decentralized schemes. A quantification of the information sharing between the controllers, such as full, instant, and one-step delayed information sharing, is shown to crucial for communication requirements and complexity. Slepian-Wolf coding argument is used to show that information sharing by the controllers, and not by the plants, is sufficient to achieve the lower bound on the rate, and schemes confirming this efficiency are constructed. It is also shown that delay in communication between the controllers leads to higher rate requirements between the controllers and the plants.",0,,,https://www.semanticscholar.org/paper/9318fb88b89140c16558b5457beed0e78fb8ee9f,1.3000
Das24,Bayesian Persuasion: From Persuasion toward Counter-Suasion,"Ananya Das, Aishwarya Soni, and Amitalok J. Budkuley",2024,2024-07-07,2024 IEEE International Symposium on Information Theory (ISIT),,993-998,"We study the problem of Bayesian persuasion under receiver distrust. In the classical Bayesian persuasion problem introduced by Kamenica and Gentzkow [AER, 2011], there are two parties, a sender Alice and a receiver Bob, who engage in a one-way interaction from sender to receiver. The sender employs a signalling strategy so as to persuade or steer the receiver toward taking a certain action(s) with respect to a random state known only to her. Both parties are rational and seek to optimize their expected utilities; however, their utilities are intimately coupled as they are functions of the random state and the receiver's action. In this work, we initiate a systematic study of Bayesian persuasion when the receiver is distrustful of the sender. Extending the result of Kamenica and Gentzkow [AER, 2011], we present a necessary and sufficient criterion for the existence of a signalling scheme for persuasion under distrust. Interestingly, our results unveil the existence of a regime under a so-called ‘super-distrustful’ receiver when a rational sender should seek to ‘counter-persuade’ or employ ‘counter-suasion’ to derive maximal benefit.",3,1.6,10.1109/ISIT57864.2024.10619410,https://doi.org/10.1109/ISIT57864.2024.10619410,1.3000
Mar95,Communication Requirements for Individual Agents in Networks and Hierarchies,T. Marschak and S. Reichelstein,1995,,,,311-346,,29,0.9,10.1007/978-1-4615-2261-4_12,https://doi.org/10.1007/978-1-4615-2261-4_12,1.3000
Mah08,Identifying tractable decentralized control problems on the basis of information structure,"Aditya Mahajan, A. Nayyar, and D. Teneketzis",2008,2008-09-01,"2008 46th Annual Allerton Conference on Communication, Control, and Computing",,1440-1449,"Sequential decomposition of two general models of decentralized systems with non-classical information structures is presented. In model A, all agents have two observations at each step: a common observation that all agents observe and a private observation of their own. The control actions of each agent is based on all past common observations, the current private observation and the contents of its memory. At each step, each agent also updates the contents of its memory. A cost function, which depends on the state of the plant and the control actions of all agents, is given. The objective is to choose control and memory update functions for all agents to either minimize a total expected cost over a finite horizon or to minimize a discounted cost over an infinite horizon. In model B, the agents do not have any common observation, the rest is same as in model A. The key idea of our solution methodology is the following. From the point of view of a fictitious agent that observes all common observations, the system can be viewed as a centralized system with partial observations. This allows us to identify information states and obtain a sequential decomposition. When the system variables take values in finite sets, the optimality equations of the sequential decomposition are similar to those of partially observable Markov decision processes (POMDP) with finite state and action spaces. For such systems, we can use algorithms for POMDPs to compute optimal designs for models A and B.",46,2.6,10.1109/ALLERTON.2008.4797732,https://doi.org/10.1109/ALLERTON.2008.4797732,1.3000
He22b,Learning Task-Oriented Channel Allocation for Multi-Agent Communication,"Guojun He, Shibo Cui, Yueyue Dai, and Tao Jiang",2022,2022-11-01,IEEE Transactions on Vehicular Technology,71,12016-12029,"Benefiting from the rapid progress of wireless communication and artificial intelligence, multi-agent collaboration opens up new opportunities for various fields. To facilitate multi-agent acting as a group, effective communication plays a crucial role. Recently, many efforts based on multi-agent reinforcement learning have been made to enable effective multi-agent communication under limited bandwidth or noisy channel. However, current methods do not explore wireless resource allocation strategy explicitly. Moreover, due to ignoring task-relevant significance of information, traditional wireless resource allocation schemes may fail to guarantee the transmission efficiency and reliability for multi-agent communication. To this end, in this paper, we propose a task-oriented communication principle for multi-agent communication. We model the task-oriented channel allocation problem as a decentralized partially observable Markov decision process and propose a multi-agent reinforcement learning framework as a solution. Specifically, we design a novel variational information bottleneck to extract task-relevant information from local observation. Furthermore, a task-oriented channel allocation mechanism is developed to choose the allocation pattern with maximum expected gain. Finally, a double attention mechanism is developed to motivate the efficient utilization of task-relevant information. Experimental results show that our method can improve the effectiveness and efficiency of multi-agent communication, enhancing collaboration performance compared to baselines.",31,8.7,10.1109/TVT.2022.3195202,https://doi.org/10.1109/TVT.2022.3195202,1.2000
Ren17,A Framework for Rate Efficient Control of Distributed Discrete Systems,"J. Ren, S. Torabi, and J. Walsh",2017,2017-04-28,ArXiv,abs/1704.08931,,"A key issue in the control of distributed discrete systems modeled as Markov decisions processes, is that often the state of the system is not directly observable at any single location in the system. The participants in the control scheme must share information with one another regarding the state of the system in order to collectively make informed control decisions, but this information sharing can be costly. Harnessing recent results from information theory regarding distributed function computation, in this paper we derive, for several information sharing model structures, the minimum amount of control information that must be exchanged to enable local participants to derive the same control decisions as an imaginary omniscient controller having full knowledge of the global state. Incorporating consideration for this amount of information that must be exchanged into the reward enables one to trade the competing objectives of minimizing this control information exchange and maximizing the performance of the controller. An alternating optimization framework is then provided to help find the efficient controllers and messaging schemes. A series of running examples from wireless resource allocation illustrate the ideas and design tradeoffs.",0,,,https://www.semanticscholar.org/paper/ac0c7221348c102a7c0b1265e7caa240742054b6,1.2000
Yuk09,Decentralized Computation and Communication in Stabilization of Distributed Control Systems,S. Yüksel,2009,,,,,"We provide a necessary and sufficient condition for the existence of decentralized controllers for stability of linear systems under the decentralized information structure under any class of control policies, where the control policies can be non-linear and time-varying. The approach adopted is information theoretic, yet constructive. Combining this finding with a result by Khargonekar and Özgüler, we show that a linear decentralized system is stabilizable if and only if it is stabilizable by linear time-varying periodic control laws. Building on our result, we revisit the problem of information minimization leading to stabilizability, when the eigenvalues can also be repeated and the topology of the decentralized system can consist of external sensors in addition to controllers. We show that when the eigenvalues are repeated, cut-set type lower bounds for a given mode might not be tight; whereas when the eigenvalues are distinct the rate analysis is significantly simpler. As such, we present a unified view on a number of results that have appeared in the literature.",11,0.6,,https://www.semanticscholar.org/paper/9f36932bd180b4549e07dc822d1271eaa18104e6,1.2000
Gmy93,Toward a theory of honesty and trust among communicating autonomous agents,P. Gmytrasiewicz and E. Durfee,1993,1993-09-01,Group Decision and Negotiation,2,237-258,,43,1.3,10.1007/BF01384248,https://doi.org/10.1007/BF01384248,1.2000
Mar98,"Network Mechanisms, Informational Efficiency, and Hierarchies",T. Marschak and S. Reichelstein,1998,1998-03-01,Journal of Economic Theory,79,106-141,"Abstract Our model of network mechanisms studies individually addressed messages between any two members of an organization. For a given organizational objective function, we examine communication costs, as measured by the number of message variables that agents need to exchange at equilibrium in order to achieve the desired action choices. For the class of objective functions we consider, price mechanisms are shown to minimize communication costs. If one requires the network to be hierarchical, the organization may be forced to use more message variables. We identify the increase in communication costs associated with alternative hierarchies.Journal of Economic Literatureclassification numbers: D20, D21, D87, L22, P41.",49,1.7,10.1006/JETH.1997.2375,https://doi.org/10.1006/JETH.1997.2375,1.2000
Mah15b,An algorithmic approach to identify irrelevant information in sequential teams,Aditya Mahajan and S. Tatikonda,2015,2015-11-01,Autom.,61,178-191,,4,0.4,10.1016/j.automatica.2015.08.002,https://doi.org/10.1016/j.automatica.2015.08.002,1.2000
Wu14b,A theory of sufficient statistics for teams,Jeff Wu and S. Lall,2014,2014-12-01,53rd IEEE Conference on Decision and Control,,2628-2635,,9,0.8,10.1109/CDC.2014.7039791,https://doi.org/10.1109/CDC.2014.7039791,1.2000
Tan16d,Rate of prefix-free codes in LQG control systems,"Takashi Tanaka, K. Johansson, T. Oechtering, H. Sandberg, and M. Skoglund",2016,2016-04-05,2016 IEEE International Symposium on Information Theory (ISIT),,2399-2403,"In this paper, we consider a discrete time linear quadratic Gaussian (LQG) control problem in which state information of the plant is encoded in a variable-length binary codeword at every time step, and a control input is determined based on the codewords generated in the past. We derive a lower bound of the rate achievable by the class of prefix-free codes attaining the required LQG control performance. This lower bound coincides with the infimum of a certain directed information expression, and is computable by semidefinite programming (SDP). Based on a technique by Silva et al., we also provide an upper bound of the best achievable rate by constructing a controller equipped with a uniform quantizer with subtractive dither and Shannon-Fano coding. The gap between the obtained lower and upper bounds is less than 0:754r + 1 bits per time step regardless of the required LQG control performance, where r is the rank of a signal-to-noise ratio matrix obtained by SDP, which is no greater than the dimension of the state.",37,3.7,10.1109/ISIT.2016.7541729,https://doi.org/10.1109/ISIT.2016.7541729,1.2000
Zan99,Real-Time Decentralized Information Processing as a Model of Organizations with Boundedly Rational Agents,T. Zandt,1999,1999-07-01,The Review of Economic Studies,66,633-658,"This paper studies the properties of real-time decentralized information processing as a model of human information processing in organizations. Real-time decentralized processing—which models the computation of decision rules in a temporal decision problem by members of an organization—captures both the cost of computation in terms of the members' time and the constraints imposed by computational delay on the use of recent information. Unlike a batch processing model, it has no single measure of delay because decisions are computed from data of heterogeneous lags. Furthermore, decentralization does not unambiguously reduce delay, because processing a message precludes processing current data.",163,6.1,10.1111/1467-937X.00101,https://doi.org/10.1111/1467-937X.00101,1.2000
Dew94,The firm as a communication network,M. Dewatripont and P. Bolton,1994,1994-11-01,ULB Institutional Repository,,,"This paper analyzes how organizations can minimize costs of processing and communicating information. Communication is costly because it takes time for an agent to absorb new information sent by others. Agents can reduce this time by specializing in the processing of particular types of information. When these returns to specialization outweigh costs of communication, it is efficient for several agents to collaborate within a firm. It is shown that efficient networks involve centralization, that individuals delegate tasks to subordinates only if they are overloaded, and that the number of transits to the top tends to be equalized across individual information items. © 1994 by the President and Fellows of Harvard College and the Massachusetts Institute of Technology.",814,26,10.2307/2118349,https://doi.org/10.2307/2118349,1.2000
Sch19b,Too good to be truthful: Why competent advisers are fired,Christoph Schottmüller,2019,2019-05-01,J. Econ. Theory,181,333-360,"A decision maker repeatedly asks an adviser for advice. The adviser is either competent or incompetent and his preferences are not perfectly aligned with the decision maker's preferences. Over time the decision maker learns about the adviser's type and fires him if he is likely to be incompetent. If the adviser's reputation for being competent improves, it is more attractive for him to push his own agenda because he is less likely to be fired for incompetence. Consequently, competent advisers are also fired with positive probability. Firing is least likely if the decision maker is unsure about the adviser's type.",4,0.6,10.2139/SSRN.2759803,https://doi.org/10.2139/SSRN.2759803,1.2000
Tia21b,Multi-agent Communication with Graph Information Bottleneck under Limited Bandwidth,"Qi Tian, Kun Kuang, Baoxiang Wang, Furui Liu, and Fei Wu",2021,,ArXiv,abs/2112.10374,,"Recent studies have shown that introducing communication be-tween agents can significantly improve overall performance in cooperative Multi-agent reinforcement learning (MARL). In many real-world scenarios, communication can be expensive and the band-width of the multi-agent system is subject to certain constraints. Redundant messages who occupy the communication resources can block the transmission of informative messages and thus jeop-ardize the performance. In this paper, we aim to learn the minimal sufficient communication messages. First, we initiate the communication between agents by a complete graph. Then we introduce the graph information bottleneck (GIB) principle into this complete graph and derive the optimization over graph structures. Based on the optimization, a novel multi-agent communication module, called CommGIB, is proposed, which effectively compresses the structure information and node information in the communication graph to deal with bandwidth-constrained settings. Extensive experiments in Traffic Control and StanCraft II are conducted. The results indicate that the proposed methods can achieve better performance in bandwidth-restricted settings compared with state-of-the-art algorithms, with especially large margins in large-scale multi-agent tasks.",1,0.2,,https://www.semanticscholar.org/paper/de7e81b1c897c85e0bc88e6644ece43bcac06c4f,1.2000
Din24,Learning Efficient and Robust Multi-Agent Communication via Graph Information Bottleneck,"Shifei Ding, Wei Du, Ling Ding, Lili Guo, and Jian Zhang",2024,2024-03-24,AAAI Conference on Artificial Intelligence,,17346-17353,"Efficient communication learning among agents has been shown crucial for cooperative multi-agent reinforcement learning (MARL), as it can promote the action coordination of agents and ultimately improve performance. Graph neural network (GNN) provide a general paradigm for communication learning, which consider agents and communication channels as nodes and edges in a graph, with the action selection corresponding to node labeling. Under such paradigm, an agent aggregates information from neighbor agents, which can reduce uncertainty in local decision-making and induce implicit action coordination. However, this communication paradigm is vulnerable to adversarial attacks and noise, and how to learn robust and efficient communication under perturbations has largely not been studied. To this end, this paper introduces a novel Multi-Agent communication mechanism via Graph Information bottleneck (MAGI), which can optimally balance the robustness and expressiveness of the message representation learned by agents. This communication mechanism is aim at learning the minimal sufficient message representation for an agent by maximizing the mutual information (MI) between the message representation and the selected action, and simultaneously constraining the MI between the message representation and the agent feature. Empirical results demonstrate that MAGI is more robust and efficient than state-of-the-art GNN-based MARL methods.",12,5.6,10.1609/aaai.v38i16.29682,https://doi.org/10.1609/aaai.v38i16.29682,1.2000
Kar22d,Intent-Grounded Compositional Communication through Mutual Information in Multi-Agent Teams,Seth Karten and K. Sycara,2022,,,,,"—Fundamentally, emergent communication is a representation learning problem. Typically, it is phrased as a Lewis game, in which participants signal using observational information. In multi-agent reinforcement learning (MARL) with communication, coordination information (ordinal) is often required in addition to referential info about one’s observations. The information bottleneck defines a trade-off between complexity and utility. However, in MARL, the information sent, and the information received defines a different Markov network than defined in the traditional information bottleneck problem. Thus, in this work, we define, study, and show how to approach the InfoLewis problem, which defines a signaling trade-off between sending referential complexity and ordinal task-specific utility. We use information theory to introduce information rich, variational compositional communication to adequately embed referential information and to provide a contrastive objective to ground communication in intent-specific features. We test our novel methodology on referential and ordinal multi-agent tasks.",2,0.5,,https://www.semanticscholar.org/paper/b8089cce7ab740c03daff13af6f9c2d62b004df7,1.2000
Sha00,"Information Bottlenecks, Causal States, and Statistical Relevance Bases: How to Represent Relevant Information in memoryless transduction",C. Shalizi and J. Crutchfield,2000,2000-06-16,Adv. Complex Syst.,5,91-96,"Discovering relevant, but possibly hidden, variables is a key step in constructing useful and predictive theories about the natural world. This brief note explains the connections between three approaches to this problem: the recently introduced information-bottleneck method, the computational mechanics approach to inferring optimal models, and Salmon's statistical relevance basis.",36,1.4,10.1142/S0219525902000481,https://doi.org/10.1142/S0219525902000481,1.2000
Wu14,Sufficient statistics for multi-agent decision problems,Jeffrey N. Wu and S. Lall,2014,2014-09-01,"2014 52nd Annual Allerton Conference on Communication, Control, and Computing (Allerton)",,467-474,,3,0.3,10.1109/ALLERTON.2014.7028492,https://doi.org/10.1109/ALLERTON.2014.7028492,1.1000
Wu15,Sufficient statistics for dynamic teams,Jeff Wu and S. Lall,2015,2015-07-01,2015 American Control Conference (ACC),,5465-5470,,3,0.3,10.1109/ACC.2015.7172194,https://doi.org/10.1109/ACC.2015.7172194,1.1000
Tat98,Control of LQG systems under communication constraints,"S. Tatikonda, A. Sahai, and S. Mitter",1998,1998-12-16,Proceedings of the 37th IEEE Conference on Decision and Control (Cat. No.98CH36171),1,1165-1170 vol.1,,73,2.7,10.1109/CDC.1998.760856,https://doi.org/10.1109/CDC.1998.760856,1.1000
Tat99,Control of LQG systems under communication constraints,"S. Tatikonda, Anant Sahai, and S. Mitter",1999,1999-06-02,Proceedings of the 1999 American Control Conference (Cat. No. 99CH36251),4,2778-2782 vol.4,,104,3.9,10.1109/ACC.1999.786578,https://doi.org/10.1109/ACC.1999.786578,1.1000
Bor97c,LQG Control with Communication Constraints,V. Borkar and S. Mitter,1997,,,,365-373,,158,5.4,10.1007/978-1-4615-6281-8_21,https://doi.org/10.1007/978-1-4615-6281-8_21,1.1000
Won99,Systems with finite communication bandwidth constraints. II. Stabilization with limited information feedback,W. Wong and R. Brockett,1999,1999-05-01,IEEE Trans. Autom. Control.,44,1049-1053,"For part I, see ibid., vol.42, p.1294-8, 1997. In this paper a new class of feedback control problems is introduced. Unlike classical models, the systems considered here have communication channel constraints. As a result, the issue of coding and communication protocol becomes an integral part of the analysis. Since these systems cannot be asymptotically stabilized if the underlying dynamics are unstable, a weaker stability concept called containability is introduced. A key result connects containability with an inequality equation involving the communication data rate and the rate of change of the state.",930,34,10.1109/9.763226,https://doi.org/10.1109/9.763226,1.1000
Cle03,Abstract communication for coordinated planning,B. Clement and E. Durfee,2003,2003-07-14,,,,"work offers evidence that distributed planning agents can greatly reduce communication costs by reasoning at abstract levels. While it is intuitive that improved search can reduce communication in such cases, there are other decisions about how to communicate plan information that greatly affect communication costs. This paper identifies cases independent of search where communicating at multiple levels of abstraction can exponentially decrease costs and where it can exponentially add costs. We conclude with a process for determining appropriate levels of communication based on characteristics of the domain.",0,,,https://www.semanticscholar.org/paper/fd601ccbf5cf6e2037716ce9b9d350984a2094bd,1.1000
Azr25,Sequential Non-Bayesian Persuasion,Yaron Azrieli and Rachana Das,2025,2025-08-13,,,,"We study a model of persuasion in which the receiver is a `conservative Bayesian'whose updated belief is a convex combination of the prior and the correct Bayesian posterior. While in the classic Bayesian case providing information sequentially is never valuable, we show that the sender gains from sequential persuasion in many of the environments considered in the literature on strategic information transmission. We also consider the case in which the sender and receiver are both biased and prove that the maximal expected payoff for the sender under sequential persuasion is the same as in the case where neither of them is biased.",1,1.3,,https://www.semanticscholar.org/paper/341a1f322f09fe90928da1e5bba044e313da8595,1.1000
Mat10c,Combining statistics and arguments to compute trust,"P. Matt, Maxime Morge, and Francesca Toni",2010,2010-05-10,Adaptive Agents and Multi-Agent Systems,,209-216,"We propose a method for constructing Dempster-Shafer belief functions modeling the trust of a given agent (the evaluator) in another (the target) by combining statistical information concerning the past behaviour of the target and arguments concerning the target's expected behaviour. These arguments are built from current and past contracts between evaluator and target. We prove that our method extends a standard computational method for trust that relies upon statistical information only. We observe experimentally that the two methods have identical predictive performance when the evaluator is highly ""cautious"", but our method gives a significant increase when the evaluator is not or is only moderately ""cautious"". Finally, we observe experimentally that target agents are more motivated to honour contracts when evaluated using our model of trust than when trust is computed on a purely statistical basis.",89,5.6,10.1145/1838206.1838236,https://doi.org/10.1145/1838206.1838236,1.1000
Yu24b,Effective Multi-Agent Communication Under Limited Bandwidth,Lebin Yu et al.,2024,2024-07-01,IEEE Transactions on Mobile Computing,23,7771-7784,"With the fast development of multi-agent reinforcement learning, communication among agents has become a new research hotspot for its significant role in promoting the cooperation of automated devices. However, in real-world scenarios, agents such as unmanned vehicles and robots are likely to suffer from communication resource constraints, making designing efficient communication protocols essential. In this paper, we propose to quantize messages and reduce discrete entropy to achieve effective multi-agent communication under bandwidth limits. Achieving this goal requires solving two challenges: The first one is that the gradients of discrete entropy remain zero except for several discontinuous points wherein the gradients are undefined, making it hard to reduce discrete entropy via gradient-based training. To overcome it, we design Surrogate Entropy Minimization (SEM) scheme and confirm its effectiveness theoretically. The second challenge is maximizing cooperation performance under a given bandwidth limit. We model it as a constrained optimization problem and design Soft Barrier Method (SBM). Our proposed scheme is evaluated alongside four other methods in six environment settings and five different bandwidth limits, and demonstrates outstanding performance. Specifically, it manages to reduce bandwidth consumption by up to 90% with little or no loss of cooperation performance.",9,4.8,10.1109/TMC.2023.3339213,https://doi.org/10.1109/TMC.2023.3339213,1.1000
Kar23c,On the Role of Emergent Communication for Social Learning in Multi-Agent Reinforcement Learning,"Seth Karten, Siva Kailas, Huao Li, and K. Sycara",2023,2023-02-28,ArXiv,abs/2302.14276,,"Explicit communication among humans is key to coordinating and learning. Social learning, which uses cues from experts, can greatly benefit from the usage of explicit communication to align heterogeneous policies, reduce sample complexity, and solve partially observable tasks. Emergent communication, a type of explicit communication, studies the creation of an artificial language to encode a high task-utility message directly from data. However, in most cases, emergent communication sends insufficiently compressed messages with little or null information, which also may not be understandable to a third-party listener. This paper proposes an unsupervised method based on the information bottleneck to capture both referential complexity and task-specific utility to adequately explore sparse social communication scenarios in multi-agent reinforcement learning (MARL). We show that our model is able to i) develop a natural-language-inspired lexicon of messages that is independently composed of a set of emergent concepts, which span the observations and intents with minimal bits, ii) develop communication to align the action policies of heterogeneous agents with dissimilar feature models, and iii) learn a communication policy from watching an expert's action policy, which we term `social shadowing'.",4,1.2,10.48550/arXiv.2302.14276,https://doi.org/10.48550/arXiv.2302.14276,1.1000
Cre09,Past-future information bottleneck in dynamical systems.,"F. Creutzig, A. Globerson, and Naftali Tishby",2009,2009-04-27,"Physical review. E, Statistical, nonlinear, and soft matter physics",79 4 Pt 1,"'
          041925
        ","Biological systems need to process information in real time and must trade off accuracy of presentation and coding costs. Here we operationalize this trade-off and develop an information-theoretic framework that selectively extracts information of the input past that is predictive about the output future, obtaining a generalized eigenvalue problem. Thereby, we unravel the input history in terms of structural phase transitions corresponding to additional dimensions of a state space. We elucidate the relation to canonical correlation analysis and give a numerical example. Altogether, this work relates information-theoretic optimization to the joint problem of system identification and model reduction.",88,5.2,10.1103/PHYSREVE.79.041925,https://doi.org/10.1103/PHYSREVE.79.041925,1.1000
Lem16,Approximate Sufficient Statistics for Team Decision Problems,A. Lemon and S. Lall,2016,2016-03-04,AAAI Spring Symposia,,,"Team decision problems are one of the fundamental problems in decentralized decision making. Because team decision problems are NP-hard, it is important to find methods for reducing their complexity. Wu and Lall gave a definition of sufficient statisticsfor team decision problems, and demonstrated that these statistics are sufficient for optimality, and possess other desirable properties such as being readily updated when additional information becomes available. More recently, Lemon and Lall defined weak sufficient statistics for team decision problems, and showed that these statistics are sufficient for optimality and necessary for simultaneous optimality with respect to all cost functions. This prior work studied the extent to which the complexity of team decision problems can be reduced while maintaining exact optimality. However,when faced with a computationally difficult problem, we are often willing to sacrifice exact optimality for significant reductions in complexity. In this paper we define approximate sufficient statistics, which are a generalization of weak team sufficient statistics. Then we prove that these statistics are quantifiably close to being optimal.",2,0.2,,https://www.semanticscholar.org/paper/e7a9b3f09a038409b3d2ddbad567ba4661817921,1.0000
Mah17b,Static teams with common information,A. Mahajan and Mohammad Afshari,2017,2017-04-01,IFAC-PapersOnLine,50,11926-11931,Abstract We consider a static team problem in which agents observe correlated Gaussian observations and seek to minimize a quadratic cost. It is assumed that the observations can be split into two parts: common observations that are observed by all agents and local observations that are observed by individual agents. It is shown that the optimal strategies are affine and the corresponding gains can be determined by solving appropriate systems of linear equations. Two structures of optimal strategies are identified. The first may be viewed as a common-information based solution; the second may be viewed as a hierarchical control based solution. A decentralized estimation example is presented to illustrate the results.,1,0.1,10.1016/J.IFACOL.2017.08.1449,https://doi.org/10.1016/J.IFACOL.2017.08.1449,1.0000
Cas82,Sufficient statistics in team control problems with a common past,"G. Casalino, F. Davoli, R. Minciardi, and R. Zoppoli",1982,1982-12-01,1982 21st IEEE Conference on Decision and Control,,186-190,,3,0.1,10.1109/CDC.1982.268424,https://doi.org/10.1109/CDC.1982.268424,1.0000
Ten82,Sufficient Statistics for Decentralized Estimation,R. Tenney and Decision Systems.,1982,1982-11-01,,,,"Abstract : Decentralized estimation problems involve several agents receiving separate noisy observations of a common stochastic process, and each seeks to generate a local estimate of the state of that process. In the general case, these estimates are desired to be consistent in some way, and thus may be jointly penalized with the state via a cost functional to be minimized. In many cases, each agent need only keep track of its local conditional state probability distribution in order to general the optimal estimates. This paper examines the boundary between problems where this statistic is sufficient and those where it is not; when it is not, the additional information which must be kept appears to have additional structure as illustrated by an example. (Author)",1,0.0,,https://www.semanticscholar.org/paper/7e19933d0ace871b735aac534cd64c91cc7b3edf,1.0000
San12,Distributed estimation in multi-agent networks,L. Sankar and H. Poor,2012,2012-07-01,2012 IEEE International Symposium on Information Theory Proceedings,,329-333,"A problem of distributed state estimation at multiple agents that are physically connected and have competitive interests is mapped to a distributed source coding problem with additional privacy constraints. The agents interact to estimate their own states to a desired fidelity from their (sensor) measurements which are functions of both the local state and the states at the other agents. For a Gaussian state and measurement model, it is shown that the sum-rate achieved by a distributed protocol in which the agents broadcast to one another is a lower bound on that of a centralized protocol in which the agents broadcast as if to a virtual CEO converging only in the limit of a large number of agents. The sufficiency of encoding using local measurements is also proved for both protocols.",1,0.1,10.1109/ISIT.2012.6284202,https://doi.org/10.1109/ISIT.2012.6284202,1.0000
San05b,Cooperation vs. hierarchy: an information-theoretic comparison,"L. Sankar, G. Kramer, and N. Mandayam",2005,2005-10-31,"Proceedings. International Symposium on Information Theory, 2005. ISIT 2005.",,411-415,,21,1.0,10.1109/ISIT.2005.1523366,https://doi.org/10.1109/ISIT.2005.1523366,1.0000
Yu23,Low Entropy Communication in Multi-Agent Reinforcement Learning,"Lebin Yu, Yunbo Qiu, Qiexiang Wang, Xudong Zhang, and Jian Wang",2023,2023-02-10,ICC 2023 - IEEE International Conference on Communications,,5173-5178,"Communication in multi-agent reinforcement learning has been drawing attention recently for its significant role in cooperation. However, multi-agent systems may suffer from limitations on communication resources and thus need efficient communication techniques in real-world scenarios. According to the Shannon-Hartley theorem, messages to be transmitted reliably in worse channels require lower entropy. Therefore, we aim to reduce message entropy in multi-agent communication. A fundamental challenge is that the gradients of entropy are either 0 or ∞, disabling gradient-based methods. To handle it, we propose a pseudo gradient descent scheme, which reduces entropy by adjusting the distributions of messages wisely. We conduct experiments on two base communication frameworks with six environment settings and find that our scheme can reduce message entropy by up to 90% with nearly no loss of cooperation performance.",2,0.6,10.1109/ICC45041.2023.10278640,https://doi.org/10.1109/ICC45041.2023.10278640,1.0000
Kam24,Reinforcement Learning over Noisy Channels: An Information Bottleneck Approach,"Clement Kam, J. Macker, and Yin Sun",2024,2024-10-28,MILCOM 2024 - 2024 IEEE Military Communications Conference (MILCOM),,1-6,"In this work, we study reinforcement learning (RL) in a remote control wireless setting, in which a transmitter observes the state of an environment, processes and transmits a message to a receiver, which then takes an action in the environment based on the received message. We take a goal-oriented communications approach to encoding (and decoding) the transmitted message with the purpose of maximizing reinforcement learning performance. We apply the information bottleneck (IB) approach to training the encoder and decoder, which uses information-theoretic concepts to balance the compression of the input data with the learning performance. Using the familiar deep Q-network (DQN) RL approach, we provide an information theoretic interpretation of the IB approach and the noisy channel. Simulations demonstrate the training performance and generalization performance under various settings of the IB tradeoff parameter, the bottleneck dimension, and channel noise.",2,1.3,10.1109/MILCOM61039.2024.10773737,https://doi.org/10.1109/MILCOM61039.2024.10773737,1.0000
Sti14,Information Bottleneck Approach to Predictive Inference,Susanne Still,2014,2014-02-17,Entropy,16,968-989,"This paper synthesizes a recent line of work on automated predictive model making inspired by Rate-Distortion theory, in particular by the Information Bottleneck method. Predictive inference is interpreted as a strategy for efficient communication. The relationship to thermodynamic efficiency is discussed. The overall aim of this paper is to explain how this information theoretic approach provides an intuitive, overarching framework for predictive inference.",62,5.1,10.3390/e16020968,https://doi.org/10.3390/e16020968,1.0000
Jeh99,Information Aggregation and Communication in Organizations,P. Jehiel,1999,1999-05-01,Management Science,45,659-669,Operating units must communicate their private information regarding decisions to be taken in organizations. This paper characterizes the optimal communication structures assuming that i a decision maker is fired whenever he makes a decision that proves wrong ex post relative to the status quo; and ii direct communication in a group of kunits may result in the loss of messages with a probability that solely depends on the group size. Several levels of partitioning with direct communication taking place in each group are required. It is shown that there exists a group size that allows communication technology to be exploited optimally: The optimal communication structure is such that it is essentially composed of groups of this size only at every level of partitioning.,46,1.7,10.1287/MNSC.45.5.659,https://doi.org/10.1287/MNSC.45.5.659,0.9000
Roe82,Order transmission efficiency in large hierarchical organizations,B. Roehner,1982,1982-05-01,International Journal of Systems Science,13,531-546,"We consider the elements in a, hierarchical organization (i.e. the decision-maker, the order transmitters and the executors) and their interdependence as described by a set of dependent random variables. An order corresponds to a specific value of the top random variable. Using the notions of conditional expectation and mutual information in a transmission channel, we introduce definitions for the operating cost and for the order transmission efficiency of the organization. We study how this efficiency is influenced by the number of hierarchical levels, by the number of degrees of freedom of the executors and by the existence of subformal communication (as opposed to official). The main conclusions are: (1) to improve efficiency, the hierarchy should be made as flat as possible ; (2) total control is almost always much too expensive ; and (3) subformal communication can either enhance or degrade efficiency ; examples of each kind are provided.",7,0.2,10.1080/00207728208926367,https://doi.org/10.1080/00207728208926367,0.9000
Mar94,Formalising Trust as a Computational Concept,S. Marsh,1994,,,,,"Trust is a judgement of unquestionable utility — as humans we use it every day of our lives. However, trust has suffered from an imperfect understanding, a plethora of definitions, and informal use in the literature and in everyday life. It is common to say “I trust you,” but what does that mean? This thesis provides a clarification of trust. We present a formalism for trust which provides us with a tool for precise discussion. The formalism is implementable: it can be embedded in an artificial agent, enabling the agent to make trust-based decisions. Its applicability in the domain of Distributed Artificial Intelligence (DAI) is raised. The thesis presents a testbed populated by simple trusting agents which substantiates the utility of the formalism. The formalism provides a step in the direction of a proper understanding and definition of human trust. A contribution of the thesis is its detailed exploration of the possibilities of future work in the area.",1820,56,,https://www.semanticscholar.org/paper/8c584c4820e615aaf3c40a6737315c712ecd6927,0.8000
Cas98,"Principles of trust for MAS: cognitive anatomy, social importance, and quantification",C. Castelfranchi and R. Falcone,1998,1998-07-03,Proceedings International Conference on Multi Agent Systems (Cat. No.98EX160),,72-79,,642,23,10.1109/ICMAS.1998.699034,https://doi.org/10.1109/ICMAS.1998.699034,0.7000
