{"seq": "block-ramp", "family": "fill", "a": "▁", "b": "▂", "gap": 1, "truth": "▂", "mode": "instinct", "sample": 0, "ans": "▁", "correct": false, "latency": 0.321, "toks": 3}
{"seq": "block-ramp", "family": "fill", "a": "▁", "b": "▂", "gap": 1, "truth": "▂", "mode": "instinct", "sample": 1, "ans": "▁", "correct": false, "latency": 0.209, "toks": 3}
{"seq": "block-ramp", "family": "fill", "a": "▁", "b": "▂", "gap": 1, "truth": "▂", "mode": "think", "sample": 0, "ans": "▁", "correct": false, "latency": 0.311, "toks": 13}
{"seq": "block-ramp", "family": "fill", "a": "▁", "b": "▂", "gap": 1, "truth": "▂", "mode": "think", "sample": 1, "ans": "▁", "correct": false, "latency": 0.255, "toks": 10}
{"seq": "block-ramp", "family": "fill", "a": "▂", "b": "▁", "gap": 1, "truth": "▂", "mode": "instinct", "sample": 0, "ans": "▁", "correct": false, "latency": 0.307, "toks": 3}
{"seq": "block-ramp", "family": "fill", "a": "▂", "b": "▁", "gap": 1, "truth": "▂", "mode": "instinct", "sample": 1, "ans": "▂", "correct": true, "latency": 0.23, "toks": 3}
{"seq": "block-ramp", "family": "fill", "a": "▂", "b": "▁", "gap": 1, "truth": "▂", "mode": "think", "sample": 0, "ans": "▁", "correct": false, "latency": 0.313, "toks": 13}
{"seq": "block-ramp", "family": "fill", "a": "▂", "b": "▁", "gap": 1, "truth": "▂", "mode": "think", "sample": 1, "ans": null, "correct": false, "latency": 0.289, "toks": 12}
{"seq": "block-ramp", "family": "fill", "a": "▂", "b": "▃", "gap": 1, "truth": "▃", "mode": "instinct", "sample": 0, "ans": "▃", "correct": true, "latency": 0.319, "toks": 3}
{"seq": "block-ramp", "family": "fill", "a": "▂", "b": "▃", "gap": 1, "truth": "▃", "mode": "instinct", "sample": 1, "ans": "▂", "correct": false, "latency": 0.244, "toks": 3}
{"seq": "block-ramp", "family": "fill", "a": "▂", "b": "▃", "gap": 1, "truth": "▃", "mode": "think", "sample": 0, "ans": "▃", "correct": true, "latency": 0.322, "toks": 13}
{"seq": "block-ramp", "family": "fill", "a": "▂", "b": "▃", "gap": 1, "truth": "▃", "mode": "think", "sample": 1, "ans": "▃", "correct": true, "latency": 0.298, "toks": 12}
{"seq": "block-ramp", "family": "fill", "a": "▃", "b": "▂", "gap": 1, "truth": "▃", "mode": "instinct", "sample": 0, "ans": "▃", "correct": true, "latency": 0.353, "toks": 3}
{"seq": "block-ramp", "family": "fill", "a": "▃", "b": "▂", "gap": 1, "truth": "▃", "mode": "instinct", "sample": 1, "ans": "▃", "correct": true, "latency": 0.252, "toks": 3}
{"seq": "block-ramp", "family": "fill", "a": "▃", "b": "▂", "gap": 1, "truth": "▃", "mode": "think", "sample": 0, "ans": "▃", "correct": true, "latency": 0.336, "toks": 13}
{"seq": "block-ramp", "family": "fill", "a": "▃", "b": "▂", "gap": 1, "truth": "▃", "mode": "think", "sample": 1, "ans": null, "correct": false, "latency": 0.513, "toks": 39}
{"seq": "block-ramp", "family": "fill", "a": "▇", "b": "█", "gap": 1, "truth": "█", "mode": "instinct", "sample": 0, "ans": "█", "correct": true, "latency": 0.319, "toks": 2}
{"seq": "block-ramp", "family": "fill", "a": "▇", "b": "█", "gap": 1, "truth": "█", "mode": "instinct", "sample": 1, "ans": "█", "correct": true, "latency": 0.256, "toks": 2}
{"seq": "block-ramp", "family": "fill", "a": "▇", "b": "█", "gap": 1, "truth": "█", "mode": "think", "sample": 0, "ans": "▇", "correct": false, "latency": 0.328, "toks": 13}
{"seq": "block-ramp", "family": "fill", "a": "▇", "b": "█", "gap": 1, "truth": "█", "mode": "think", "sample": 1, "ans": "▇", "correct": false, "latency": 0.363, "toks": 19}
{"seq": "block-ramp", "family": "fill", "a": "█", "b": "▇", "gap": 1, "truth": "█", "mode": "instinct", "sample": 0, "ans": "▇", "correct": false, "latency": 0.288, "toks": 3}
{"seq": "block-ramp", "family": "fill", "a": "█", "b": "▇", "gap": 1, "truth": "█", "mode": "instinct", "sample": 1, "ans": "█", "correct": true, "latency": 0.221, "toks": 2}
{"seq": "block-ramp", "family": "fill", "a": "█", "b": "▇", "gap": 1, "truth": "█", "mode": "think", "sample": 0, "ans": "▇", "correct": false, "latency": 0.31, "toks": 11}
{"seq": "block-ramp", "family": "fill", "a": "█", "b": "▇", "gap": 1, "truth": "█", "mode": "think", "sample": 1, "ans": "█", "correct": true, "latency": 0.342, "toks": 8}
{"seq": "block-ramp", "family": "fill", "a": "▃", "b": "▇", "gap": 4, "truth": "▇", "mode": "instinct", "sample": 0, "ans": "▇", "correct": true, "latency": 0.371, "toks": 3}
{"seq": "block-ramp", "family": "fill", "a": "▃", "b": "▇", "gap": 4, "truth": "▇", "mode": "instinct", "sample": 1, "ans": "▇", "correct": true, "latency": 0.246, "toks": 3}
{"seq": "block-ramp", "family": "fill", "a": "▃", "b": "▇", "gap": 4, "truth": "▇", "mode": "think", "sample": 0, "ans": "▇", "correct": true, "latency": 0.319, "toks": 12}
{"seq": "block-ramp", "family": "fill", "a": "▃", "b": "▇", "gap": 4, "truth": "▇", "mode": "think", "sample": 1, "ans": "▇", "correct": true, "latency": 0.309, "toks": 12}
{"seq": "block-ramp", "family": "fill", "a": "▇", "b": "▃", "gap": 4, "truth": "▇", "mode": "instinct", "sample": 0, "ans": "▇", "correct": true, "latency": 0.436, "toks": 3}
{"seq": "block-ramp", "family": "fill", "a": "▇", "b": "▃", "gap": 4, "truth": "▇", "mode": "instinct", "sample": 1, "ans": "▃", "correct": false, "latency": 0.254, "toks": 3}
{"seq": "block-ramp", "family": "fill", "a": "▇", "b": "▃", "gap": 4, "truth": "▇", "mode": "think", "sample": 0, "ans": "▃", "correct": false, "latency": 0.344, "toks": 13}
{"seq": "block-ramp", "family": "fill", "a": "▇", "b": "▃", "gap": 4, "truth": "▇", "mode": "think", "sample": 1, "ans": "▇", "correct": true, "latency": 0.749, "toks": 11}
{"seq": "block-ramp", "family": "fill", "a": "▆", "b": "▇", "gap": 1, "truth": "▇", "mode": "instinct", "sample": 0, "ans": "▆", "correct": false, "latency": 0.395, "toks": 3}
{"seq": "block-ramp", "family": "fill", "a": "▆", "b": "▇", "gap": 1, "truth": "▇", "mode": "instinct", "sample": 1, "ans": "▆", "correct": false, "latency": 0.246, "toks": 3}
{"seq": "block-ramp", "family": "fill", "a": "▆", "b": "▇", "gap": 1, "truth": "▇", "mode": "think", "sample": 0, "ans": "▇", "correct": true, "latency": 0.33, "toks": 11}
{"seq": "block-ramp", "family": "fill", "a": "▆", "b": "▇", "gap": 1, "truth": "▇", "mode": "think", "sample": 1, "ans": "▇", "correct": true, "latency": 0.367, "toks": 11}
{"seq": "block-ramp", "family": "fill", "a": "▇", "b": "▆", "gap": 1, "truth": "▇", "mode": "instinct", "sample": 0, "ans": "▇", "correct": true, "latency": 0.361, "toks": 3}
{"seq": "block-ramp", "family": "fill", "a": "▇", "b": "▆", "gap": 1, "truth": "▇", "mode": "instinct", "sample": 1, "ans": "▇", "correct": true, "latency": 0.239, "toks": 3}
{"seq": "block-ramp", "family": "fill", "a": "▇", "b": "▆", "gap": 1, "truth": "▇", "mode": "think", "sample": 0, "ans": "▇", "correct": true, "latency": 0.324, "toks": 12}
{"seq": "block-ramp", "family": "fill", "a": "▇", "b": "▆", "gap": 1, "truth": "▇", "mode": "think", "sample": 1, "ans": "▇", "correct": true, "latency": 0.326, "toks": 12}
{"seq": "block-ramp", "family": "fill", "a": "▂", "b": "▇", "gap": 5, "truth": "▇", "mode": "instinct", "sample": 0, "ans": "▇", "correct": true, "latency": 0.308, "toks": 3}
{"seq": "block-ramp", "family": "fill", "a": "▂", "b": "▇", "gap": 5, "truth": "▇", "mode": "instinct", "sample": 1, "ans": "▇", "correct": true, "latency": 0.251, "toks": 3}
{"seq": "block-ramp", "family": "fill", "a": "▂", "b": "▇", "gap": 5, "truth": "▇", "mode": "think", "sample": 0, "ans": "▇", "correct": true, "latency": 0.321, "toks": 12}
{"seq": "block-ramp", "family": "fill", "a": "▂", "b": "▇", "gap": 5, "truth": "▇", "mode": "think", "sample": 1, "ans": "▇", "correct": true, "latency": 0.701, "toks": 18}
{"seq": "block-ramp", "family": "fill", "a": "▇", "b": "▂", "gap": 5, "truth": "▇", "mode": "instinct", "sample": 0, "ans": "▇", "correct": true, "latency": 0.714, "toks": 3}
{"seq": "block-ramp", "family": "fill", "a": "▇", "b": "▂", "gap": 5, "truth": "▇", "mode": "instinct", "sample": 1, "ans": "▇", "correct": true, "latency": 0.247, "toks": 3}
{"seq": "block-ramp", "family": "fill", "a": "▇", "b": "▂", "gap": 5, "truth": "▇", "mode": "think", "sample": 0, "ans": "▇", "correct": true, "latency": 0.322, "toks": 12}
{"seq": "block-ramp", "family": "fill", "a": "▇", "b": "▂", "gap": 5, "truth": "▇", "mode": "think", "sample": 1, "ans": "▇", "correct": true, "latency": 0.455, "toks": 13}
{"seq": "width-ramp", "family": "fill", "a": "▎", "b": "▋", "gap": 3, "truth": "▋", "mode": "instinct", "sample": 0, "ans": "▎", "correct": false, "latency": 0.361, "toks": 3}
{"seq": "width-ramp", "family": "fill", "a": "▎", "b": "▋", "gap": 3, "truth": "▋", "mode": "instinct", "sample": 1, "ans": "▎", "correct": false, "latency": 0.26, "toks": 3}
{"seq": "width-ramp", "family": "fill", "a": "▎", "b": "▋", "gap": 3, "truth": "▋", "mode": "think", "sample": 0, "ans": "▋", "correct": true, "latency": 0.33, "toks": 13}
{"seq": "width-ramp", "family": "fill", "a": "▎", "b": "▋", "gap": 3, "truth": "▋", "mode": "think", "sample": 1, "ans": "▋", "correct": true, "latency": 0.545, "toks": 12}
{"seq": "width-ramp", "family": "fill", "a": "▋", "b": "▎", "gap": 3, "truth": "▋", "mode": "instinct", "sample": 0, "ans": "▎", "correct": false, "latency": 0.343, "toks": 3}
{"seq": "width-ramp", "family": "fill", "a": "▋", "b": "▎", "gap": 3, "truth": "▋", "mode": "instinct", "sample": 1, "ans": "▎", "correct": false, "latency": 0.248, "toks": 3}
{"seq": "width-ramp", "family": "fill", "a": "▋", "b": "▎", "gap": 3, "truth": "▋", "mode": "think", "sample": 0, "ans": "▎", "correct": false, "latency": 0.295, "toks": 12}
{"seq": "width-ramp", "family": "fill", "a": "▋", "b": "▎", "gap": 3, "truth": "▋", "mode": "think", "sample": 1, "ans": "▎", "correct": false, "latency": 0.263, "toks": 8}
{"seq": "width-ramp", "family": "fill", "a": "▍", "b": "▌", "gap": 1, "truth": "▌", "mode": "instinct", "sample": 0, "ans": "▍", "correct": false, "latency": 0.307, "toks": 2}
{"seq": "width-ramp", "family": "fill", "a": "▍", "b": "▌", "gap": 1, "truth": "▌", "mode": "instinct", "sample": 1, "ans": "▍", "correct": false, "latency": 0.252, "toks": 2}
{"seq": "width-ramp", "family": "fill", "a": "▍", "b": "▌", "gap": 1, "truth": "▌", "mode": "think", "sample": 0, "ans": "▌", "correct": true, "latency": 0.311, "toks": 12}
{"seq": "width-ramp", "family": "fill", "a": "▍", "b": "▌", "gap": 1, "truth": "▌", "mode": "think", "sample": 1, "ans": "▌", "correct": true, "latency": 0.624, "toks": 12}
{"seq": "width-ramp", "family": "fill", "a": "▌", "b": "▍", "gap": 1, "truth": "▌", "mode": "instinct", "sample": 0, "ans": "▌", "correct": true, "latency": 0.388, "toks": 3}
{"seq": "width-ramp", "family": "fill", "a": "▌", "b": "▍", "gap": 1, "truth": "▌", "mode": "instinct", "sample": 1, "ans": "▌", "correct": true, "latency": 0.25, "toks": 3}
{"seq": "width-ramp", "family": "fill", "a": "▌", "b": "▍", "gap": 1, "truth": "▌", "mode": "think", "sample": 0, "ans": "▌", "correct": true, "latency": 0.323, "toks": 13}
{"seq": "width-ramp", "family": "fill", "a": "▌", "b": "▍", "gap": 1, "truth": "▌", "mode": "think", "sample": 1, "ans": "▌", "correct": true, "latency": 0.834, "toks": 12}
{"seq": "width-ramp", "family": "fill", "a": "▋", "b": "▊", "gap": 1, "truth": "▊", "mode": "instinct", "sample": 0, "ans": "▊", "correct": true, "latency": 0.597, "toks": 3}
{"seq": "width-ramp", "family": "fill", "a": "▋", "b": "▊", "gap": 1, "truth": "▊", "mode": "instinct", "sample": 1, "ans": "▋", "correct": false, "latency": 0.246, "toks": 2}
{"seq": "width-ramp", "family": "fill", "a": "▋", "b": "▊", "gap": 1, "truth": "▊", "mode": "think", "sample": 0, "ans": "▊", "correct": true, "latency": 0.319, "toks": 13}
{"seq": "width-ramp", "family": "fill", "a": "▋", "b": "▊", "gap": 1, "truth": "▊", "mode": "think", "sample": 1, "ans": "▊", "correct": true, "latency": 0.369, "toks": 12}
{"seq": "width-ramp", "family": "fill", "a": "▊", "b": "▋", "gap": 1, "truth": "▊", "mode": "instinct", "sample": 0, "ans": "▋", "correct": false, "latency": 0.348, "toks": 3}
{"seq": "width-ramp", "family": "fill", "a": "▊", "b": "▋", "gap": 1, "truth": "▊", "mode": "instinct", "sample": 1, "ans": "▊", "correct": true, "latency": 0.254, "toks": 3}
{"seq": "width-ramp", "family": "fill", "a": "▊", "b": "▋", "gap": 1, "truth": "▊", "mode": "think", "sample": 0, "ans": "▊", "correct": true, "latency": 0.322, "toks": 13}
{"seq": "width-ramp", "family": "fill", "a": "▊", "b": "▋", "gap": 1, "truth": "▊", "mode": "think", "sample": 1, "ans": "▋", "correct": false, "latency": 0.283, "toks": 11}
{"seq": "width-ramp", "family": "fill", "a": "▏", "b": "▍", "gap": 2, "truth": "▍", "mode": "instinct", "sample": 0, "ans": null, "correct": false, "latency": 0.31, "toks": 3}
{"seq": "width-ramp", "family": "fill", "a": "▏", "b": "▍", "gap": 2, "truth": "▍", "mode": "instinct", "sample": 1, "ans": null, "correct": false, "latency": 0.242, "toks": 3}
{"seq": "width-ramp", "family": "fill", "a": "▏", "b": "▍", "gap": 2, "truth": "▍", "mode": "think", "sample": 0, "ans": "▍", "correct": true, "latency": 0.312, "toks": 13}
{"seq": "width-ramp", "family": "fill", "a": "▏", "b": "▍", "gap": 2, "truth": "▍", "mode": "think", "sample": 1, "ans": "▍", "correct": true, "latency": 0.323, "toks": 12}
{"seq": "width-ramp", "family": "fill", "a": "▍", "b": "▏", "gap": 2, "truth": "▍", "mode": "instinct", "sample": 0, "ans": "▍", "correct": true, "latency": 0.403, "toks": 2}
{"seq": "width-ramp", "family": "fill", "a": "▍", "b": "▏", "gap": 2, "truth": "▍", "mode": "instinct", "sample": 1, "ans": "▍", "correct": true, "latency": 0.255, "toks": 2}
{"seq": "width-ramp", "family": "fill", "a": "▍", "b": "▏", "gap": 2, "truth": "▍", "mode": "think", "sample": 0, "ans": "▏", "correct": false, "latency": 0.305, "toks": 11}
{"seq": "width-ramp", "family": "fill", "a": "▍", "b": "▏", "gap": 2, "truth": "▍", "mode": "think", "sample": 1, "ans": "▏", "correct": false, "latency": 0.421, "toks": 26}
{"seq": "width-ramp", "family": "fill", "a": "▏", "b": "▊", "gap": 5, "truth": "▊", "mode": "instinct", "sample": 0, "ans": "▊", "correct": true, "latency": 0.309, "toks": 3}
{"seq": "width-ramp", "family": "fill", "a": "▏", "b": "▊", "gap": 5, "truth": "▊", "mode": "instinct", "sample": 1, "ans": "▏", "correct": false, "latency": 0.225, "toks": 2}
{"seq": "width-ramp", "family": "fill", "a": "▏", "b": "▊", "gap": 5, "truth": "▊", "mode": "think", "sample": 0, "ans": "▊", "correct": true, "latency": 0.304, "toks": 12}
{"seq": "width-ramp", "family": "fill", "a": "▏", "b": "▊", "gap": 5, "truth": "▊", "mode": "think", "sample": 1, "ans": "▊", "correct": true, "latency": 0.292, "toks": 11}
{"seq": "width-ramp", "family": "fill", "a": "▊", "b": "▏", "gap": 5, "truth": "▊", "mode": "instinct", "sample": 0, "ans": "▊", "correct": true, "latency": 0.285, "toks": 3}
{"seq": "width-ramp", "family": "fill", "a": "▊", "b": "▏", "gap": 5, "truth": "▊", "mode": "instinct", "sample": 1, "ans": "▊", "correct": true, "latency": 0.22, "toks": 3}
{"seq": "width-ramp", "family": "fill", "a": "▊", "b": "▏", "gap": 5, "truth": "▊", "mode": "think", "sample": 0, "ans": "▊", "correct": true, "latency": 0.334, "toks": 13}
{"seq": "width-ramp", "family": "fill", "a": "▊", "b": "▏", "gap": 5, "truth": "▊", "mode": "think", "sample": 1, "ans": "▊", "correct": true, "latency": 0.399, "toks": 26}
{"seq": "width-ramp", "family": "fill", "a": "▌", "b": "▉", "gap": 3, "truth": "▉", "mode": "instinct", "sample": 0, "ans": "▌", "correct": false, "latency": 0.29, "toks": 3}
{"seq": "width-ramp", "family": "fill", "a": "▌", "b": "▉", "gap": 3, "truth": "▉", "mode": "instinct", "sample": 1, "ans": "▉", "correct": true, "latency": 0.229, "toks": 3}
{"seq": "width-ramp", "family": "fill", "a": "▌", "b": "▉", "gap": 3, "truth": "▉", "mode": "think", "sample": 0, "ans": "▉", "correct": true, "latency": 0.317, "toks": 12}
{"seq": "width-ramp", "family": "fill", "a": "▌", "b": "▉", "gap": 3, "truth": "▉", "mode": "think", "sample": 1, "ans": "▉", "correct": true, "latency": 0.299, "toks": 12}
{"seq": "width-ramp", "family": "fill", "a": "▉", "b": "▌", "gap": 3, "truth": "▉", "mode": "instinct", "sample": 0, "ans": "▌", "correct": false, "latency": 0.282, "toks": 3}
{"seq": "width-ramp", "family": "fill", "a": "▉", "b": "▌", "gap": 3, "truth": "▉", "mode": "instinct", "sample": 1, "ans": "▌", "correct": false, "latency": 0.235, "toks": 3}
{"seq": "width-ramp", "family": "fill", "a": "▉", "b": "▌", "gap": 3, "truth": "▉", "mode": "think", "sample": 0, "ans": "▌", "correct": false, "latency": 0.313, "toks": 12}
{"seq": "width-ramp", "family": "fill", "a": "▉", "b": "▌", "gap": 3, "truth": "▉", "mode": "think", "sample": 1, "ans": "▌", "correct": false, "latency": 0.439, "toks": 12}
{"seq": "shade", "family": "fill", "a": "░", "b": "▒", "gap": 1, "truth": "▒", "mode": "instinct", "sample": 0, "ans": "▒", "correct": true, "latency": 0.462, "toks": 3}
{"seq": "shade", "family": "fill", "a": "░", "b": "▒", "gap": 1, "truth": "▒", "mode": "instinct", "sample": 1, "ans": "▒", "correct": true, "latency": 0.248, "toks": 3}
{"seq": "shade", "family": "fill", "a": "░", "b": "▒", "gap": 1, "truth": "▒", "mode": "think", "sample": 0, "ans": "▒", "correct": true, "latency": 0.297, "toks": 11}
{"seq": "shade", "family": "fill", "a": "░", "b": "▒", "gap": 1, "truth": "▒", "mode": "think", "sample": 1, "ans": "▒", "correct": true, "latency": 0.285, "toks": 8}
{"seq": "shade", "family": "fill", "a": "▒", "b": "░", "gap": 1, "truth": "▒", "mode": "instinct", "sample": 0, "ans": "░", "correct": false, "latency": 0.38, "toks": 2}
{"seq": "shade", "family": "fill", "a": "▒", "b": "░", "gap": 1, "truth": "▒", "mode": "instinct", "sample": 1, "ans": "░", "correct": false, "latency": 0.242, "toks": 2}
{"seq": "shade", "family": "fill", "a": "▒", "b": "░", "gap": 1, "truth": "▒", "mode": "think", "sample": 0, "ans": "░", "correct": false, "latency": 0.262, "toks": 6}
{"seq": "shade", "family": "fill", "a": "▒", "b": "░", "gap": 1, "truth": "▒", "mode": "think", "sample": 1, "ans": "░", "correct": false, "latency": 0.549, "toks": 37}
{"seq": "shade", "family": "fill", "a": "▒", "b": "▓", "gap": 1, "truth": "▓", "mode": "instinct", "sample": 0, "ans": "▓", "correct": true, "latency": 0.312, "toks": 3}
{"seq": "shade", "family": "fill", "a": "▒", "b": "▓", "gap": 1, "truth": "▓", "mode": "instinct", "sample": 1, "ans": "▓", "correct": true, "latency": 0.221, "toks": 3}
{"seq": "shade", "family": "fill", "a": "▒", "b": "▓", "gap": 1, "truth": "▓", "mode": "think", "sample": 0, "ans": "▓", "correct": true, "latency": 0.312, "toks": 11}
{"seq": "shade", "family": "fill", "a": "▒", "b": "▓", "gap": 1, "truth": "▓", "mode": "think", "sample": 1, "ans": "▓", "correct": true, "latency": 0.29, "toks": 12}
{"seq": "shade", "family": "fill", "a": "▓", "b": "▒", "gap": 1, "truth": "▓", "mode": "instinct", "sample": 0, "ans": "▓", "correct": true, "latency": 0.298, "toks": 3}
{"seq": "shade", "family": "fill", "a": "▓", "b": "▒", "gap": 1, "truth": "▓", "mode": "instinct", "sample": 1, "ans": "▓", "correct": true, "latency": 0.24, "toks": 3}
{"seq": "shade", "family": "fill", "a": "▓", "b": "▒", "gap": 1, "truth": "▓", "mode": "think", "sample": 0, "ans": "▓", "correct": true, "latency": 0.312, "toks": 12}
{"seq": "shade", "family": "fill", "a": "▓", "b": "▒", "gap": 1, "truth": "▓", "mode": "think", "sample": 1, "ans": "▓", "correct": true, "latency": 0.341, "toks": 12}
{"seq": "shade", "family": "fill", "a": "░", "b": "█", "gap": 3, "truth": "█", "mode": "instinct", "sample": 0, "ans": "█", "correct": true, "latency": 0.408, "toks": 2}
{"seq": "shade", "family": "fill", "a": "░", "b": "█", "gap": 3, "truth": "█", "mode": "instinct", "sample": 1, "ans": "░", "correct": false, "latency": 0.252, "toks": 2}
{"seq": "shade", "family": "fill", "a": "░", "b": "█", "gap": 3, "truth": "█", "mode": "think", "sample": 0, "ans": "█", "correct": true, "latency": 0.269, "toks": 6}
{"seq": "shade", "family": "fill", "a": "░", "b": "█", "gap": 3, "truth": "█", "mode": "think", "sample": 1, "ans": null, "correct": false, "latency": 0.322, "toks": 7}
{"seq": "shade", "family": "fill", "a": "█", "b": "░", "gap": 3, "truth": "█", "mode": "instinct", "sample": 0, "ans": "█", "correct": true, "latency": 0.353, "toks": 2}
{"seq": "shade", "family": "fill", "a": "█", "b": "░", "gap": 3, "truth": "█", "mode": "instinct", "sample": 1, "ans": "░", "correct": false, "latency": 0.237, "toks": 2}
{"seq": "shade", "family": "fill", "a": "█", "b": "░", "gap": 3, "truth": "█", "mode": "think", "sample": 0, "ans": null, "correct": false, "latency": 0.311, "toks": 12}
{"seq": "shade", "family": "fill", "a": "█", "b": "░", "gap": 3, "truth": "█", "mode": "think", "sample": 1, "ans": "█", "correct": true, "latency": 0.922, "toks": 65}
{"seq": "shade", "family": "fill", "a": "▓", "b": "█", "gap": 1, "truth": "█", "mode": "instinct", "sample": 0, "ans": "█", "correct": true, "latency": 0.302, "toks": 2}
{"seq": "shade", "family": "fill", "a": "▓", "b": "█", "gap": 1, "truth": "█", "mode": "instinct", "sample": 1, "ans": "█", "correct": true, "latency": 0.228, "toks": 2}
{"seq": "shade", "family": "fill", "a": "▓", "b": "█", "gap": 1, "truth": "█", "mode": "think", "sample": 0, "ans": "▓", "correct": false, "latency": 0.288, "toks": 11}
{"seq": "shade", "family": "fill", "a": "▓", "b": "█", "gap": 1, "truth": "█", "mode": "think", "sample": 1, "ans": "█", "correct": true, "latency": 0.284, "toks": 8}
{"seq": "shade", "family": "fill", "a": "█", "b": "▓", "gap": 1, "truth": "█", "mode": "instinct", "sample": 0, "ans": "▓", "correct": false, "latency": 0.352, "toks": 3}
{"seq": "shade", "family": "fill", "a": "█", "b": "▓", "gap": 1, "truth": "█", "mode": "instinct", "sample": 1, "ans": "█", "correct": true, "latency": 0.232, "toks": 2}
{"seq": "shade", "family": "fill", "a": "█", "b": "▓", "gap": 1, "truth": "█", "mode": "think", "sample": 0, "ans": "▓", "correct": false, "latency": 0.322, "toks": 11}
{"seq": "shade", "family": "fill", "a": "█", "b": "▓", "gap": 1, "truth": "█", "mode": "think", "sample": 1, "ans": "▓", "correct": false, "latency": 0.436, "toks": 8}
{"seq": "shade", "family": "fill", "a": "░", "b": "▓", "gap": 2, "truth": "▓", "mode": "instinct", "sample": 0, "ans": "▓", "correct": true, "latency": 0.334, "toks": 3}
{"seq": "shade", "family": "fill", "a": "░", "b": "▓", "gap": 2, "truth": "▓", "mode": "instinct", "sample": 1, "ans": "▓", "correct": true, "latency": 0.233, "toks": 3}
{"seq": "shade", "family": "fill", "a": "░", "b": "▓", "gap": 2, "truth": "▓", "mode": "think", "sample": 0, "ans": "▓", "correct": true, "latency": 0.27, "toks": 8}
{"seq": "shade", "family": "fill", "a": "░", "b": "▓", "gap": 2, "truth": "▓", "mode": "think", "sample": 1, "ans": "▓", "correct": true, "latency": 0.309, "toks": 8}
{"seq": "shade", "family": "fill", "a": "▓", "b": "░", "gap": 2, "truth": "▓", "mode": "instinct", "sample": 0, "ans": "░", "correct": false, "latency": 0.364, "toks": 2}
{"seq": "shade", "family": "fill", "a": "▓", "b": "░", "gap": 2, "truth": "▓", "mode": "instinct", "sample": 1, "ans": "░", "correct": false, "latency": 0.246, "toks": 2}
{"seq": "shade", "family": "fill", "a": "▓", "b": "░", "gap": 2, "truth": "▓", "mode": "think", "sample": 0, "ans": "▓", "correct": true, "latency": 0.316, "toks": 12}
{"seq": "shade", "family": "fill", "a": "▓", "b": "░", "gap": 2, "truth": "▓", "mode": "think", "sample": 1, "ans": "░", "correct": false, "latency": 0.257, "toks": 6}
{"seq": "shade", "family": "fill", "a": "▒", "b": "█", "gap": 2, "truth": "█", "mode": "instinct", "sample": 0, "ans": "█", "correct": true, "latency": 0.36, "toks": 2}
{"seq": "shade", "family": "fill", "a": "▒", "b": "█", "gap": 2, "truth": "█", "mode": "instinct", "sample": 1, "ans": "█", "correct": true, "latency": 0.248, "toks": 2}
{"seq": "shade", "family": "fill", "a": "▒", "b": "█", "gap": 2, "truth": "█", "mode": "think", "sample": 0, "ans": "█", "correct": true, "latency": 0.433, "toks": 27}
{"seq": "shade", "family": "fill", "a": "▒", "b": "█", "gap": 2, "truth": "█", "mode": "think", "sample": 1, "ans": "▒", "correct": false, "latency": 0.471, "toks": 28}
{"seq": "shade", "family": "fill", "a": "█", "b": "▒", "gap": 2, "truth": "█", "mode": "instinct", "sample": 0, "ans": "█", "correct": true, "latency": 0.293, "toks": 2}
{"seq": "shade", "family": "fill", "a": "█", "b": "▒", "gap": 2, "truth": "█", "mode": "instinct", "sample": 1, "ans": "█", "correct": true, "latency": 0.227, "toks": 2}
{"seq": "shade", "family": "fill", "a": "█", "b": "▒", "gap": 2, "truth": "█", "mode": "think", "sample": 0, "ans": "▒", "correct": false, "latency": 0.314, "toks": 12}
{"seq": "shade", "family": "fill", "a": "█", "b": "▒", "gap": 2, "truth": "█", "mode": "think", "sample": 1, "ans": "█", "correct": true, "latency": 0.428, "toks": 25}
{"seq": "circle-fill", "family": "fill", "a": "○", "b": "◔", "gap": 1, "truth": "◔", "mode": "instinct", "sample": 0, "ans": "◔", "correct": true, "latency": 0.31, "toks": 3}
{"seq": "circle-fill", "family": "fill", "a": "○", "b": "◔", "gap": 1, "truth": "◔", "mode": "instinct", "sample": 1, "ans": "◔", "correct": true, "latency": 0.229, "toks": 3}
{"seq": "circle-fill", "family": "fill", "a": "○", "b": "◔", "gap": 1, "truth": "◔", "mode": "think", "sample": 0, "ans": "◔", "correct": true, "latency": 0.315, "toks": 12}
{"seq": "circle-fill", "family": "fill", "a": "○", "b": "◔", "gap": 1, "truth": "◔", "mode": "think", "sample": 1, "ans": "○", "correct": false, "latency": 0.352, "toks": 15}
{"seq": "circle-fill", "family": "fill", "a": "◔", "b": "○", "gap": 1, "truth": "◔", "mode": "instinct", "sample": 0, "ans": "○", "correct": false, "latency": 0.303, "toks": 2}
{"seq": "circle-fill", "family": "fill", "a": "◔", "b": "○", "gap": 1, "truth": "◔", "mode": "instinct", "sample": 1, "ans": "○", "correct": false, "latency": 0.164, "toks": 2}
{"seq": "circle-fill", "family": "fill", "a": "◔", "b": "○", "gap": 1, "truth": "◔", "mode": "think", "sample": 0, "ans": "◔", "correct": true, "latency": 0.339, "toks": 12}
{"seq": "circle-fill", "family": "fill", "a": "◔", "b": "○", "gap": 1, "truth": "◔", "mode": "think", "sample": 1, "ans": "◔", "correct": true, "latency": 0.325, "toks": 9}
{"seq": "circle-fill", "family": "fill", "a": "◑", "b": "●", "gap": 2, "truth": "●", "mode": "instinct", "sample": 0, "ans": "●", "correct": true, "latency": 0.43, "toks": 2}
{"seq": "circle-fill", "family": "fill", "a": "◑", "b": "●", "gap": 2, "truth": "●", "mode": "instinct", "sample": 1, "ans": "●", "correct": true, "latency": 0.263, "toks": 2}
{"seq": "circle-fill", "family": "fill", "a": "◑", "b": "●", "gap": 2, "truth": "●", "mode": "think", "sample": 0, "ans": "●", "correct": true, "latency": 0.322, "toks": 10}
{"seq": "circle-fill", "family": "fill", "a": "◑", "b": "●", "gap": 2, "truth": "●", "mode": "think", "sample": 1, "ans": "●", "correct": true, "latency": 0.463, "toks": 6}
{"seq": "circle-fill", "family": "fill", "a": "●", "b": "◑", "gap": 2, "truth": "●", "mode": "instinct", "sample": 0, "ans": "●", "correct": true, "latency": 0.442, "toks": 2}
{"seq": "circle-fill", "family": "fill", "a": "●", "b": "◑", "gap": 2, "truth": "●", "mode": "instinct", "sample": 1, "ans": "◑", "correct": false, "latency": 0.269, "toks": 3}
{"seq": "circle-fill", "family": "fill", "a": "●", "b": "◑", "gap": 2, "truth": "●", "mode": "think", "sample": 0, "ans": "◑", "correct": false, "latency": 0.321, "toks": 10}
{"seq": "circle-fill", "family": "fill", "a": "●", "b": "◑", "gap": 2, "truth": "●", "mode": "think", "sample": 1, "ans": "●", "correct": true, "latency": 0.598, "toks": 26}
{"seq": "circle-fill", "family": "fill", "a": "◔", "b": "◑", "gap": 1, "truth": "◑", "mode": "instinct", "sample": 0, "ans": "◔", "correct": false, "latency": 0.36, "toks": 3}
{"seq": "circle-fill", "family": "fill", "a": "◔", "b": "◑", "gap": 1, "truth": "◑", "mode": "instinct", "sample": 1, "ans": "◔", "correct": false, "latency": 0.368, "toks": 3}
{"seq": "circle-fill", "family": "fill", "a": "◔", "b": "◑", "gap": 1, "truth": "◑", "mode": "think", "sample": 0, "ans": "◑", "correct": true, "latency": 0.423, "toks": 14}
{"seq": "circle-fill", "family": "fill", "a": "◔", "b": "◑", "gap": 1, "truth": "◑", "mode": "think", "sample": 1, "ans": "◑", "correct": true, "latency": 0.465, "toks": 11}
{"seq": "circle-fill", "family": "fill", "a": "◑", "b": "◔", "gap": 1, "truth": "◑", "mode": "instinct", "sample": 0, "ans": "◔", "correct": false, "latency": 0.414, "toks": 3}
{"seq": "circle-fill", "family": "fill", "a": "◑", "b": "◔", "gap": 1, "truth": "◑", "mode": "instinct", "sample": 1, "ans": "◔", "correct": false, "latency": 0.343, "toks": 3}
{"seq": "circle-fill", "family": "fill", "a": "◑", "b": "◔", "gap": 1, "truth": "◑", "mode": "think", "sample": 0, "ans": "◔", "correct": false, "latency": 0.446, "toks": 12}
{"seq": "circle-fill", "family": "fill", "a": "◑", "b": "◔", "gap": 1, "truth": "◑", "mode": "think", "sample": 1, "ans": "◑", "correct": true, "latency": 0.594, "toks": 17}
{"seq": "circle-fill", "family": "fill", "a": "◕", "b": "●", "gap": 1, "truth": "●", "mode": "instinct", "sample": 0, "ans": "●", "correct": true, "latency": 0.536, "toks": 2}
{"seq": "circle-fill", "family": "fill", "a": "◕", "b": "●", "gap": 1, "truth": "●", "mode": "instinct", "sample": 1, "ans": "●", "correct": true, "latency": 0.348, "toks": 2}
{"seq": "circle-fill", "family": "fill", "a": "◕", "b": "●", "gap": 1, "truth": "●", "mode": "think", "sample": 0, "ans": "●", "correct": true, "latency": 0.363, "toks": 6}
{"seq": "circle-fill", "family": "fill", "a": "◕", "b": "●", "gap": 1, "truth": "●", "mode": "think", "sample": 1, "ans": "●", "correct": true, "latency": 0.416, "toks": 6}
{"seq": "circle-fill", "family": "fill", "a": "●", "b": "◕", "gap": 1, "truth": "●", "mode": "instinct", "sample": 0, "ans": "◕", "correct": false, "latency": 0.41, "toks": 3}
{"seq": "circle-fill", "family": "fill", "a": "●", "b": "◕", "gap": 1, "truth": "●", "mode": "instinct", "sample": 1, "ans": "◕", "correct": false, "latency": 0.329, "toks": 3}
{"seq": "circle-fill", "family": "fill", "a": "●", "b": "◕", "gap": 1, "truth": "●", "mode": "think", "sample": 0, "ans": "◕", "correct": false, "latency": 0.426, "toks": 12}
{"seq": "circle-fill", "family": "fill", "a": "●", "b": "◕", "gap": 1, "truth": "●", "mode": "think", "sample": 1, "ans": "◕", "correct": false, "latency": 0.382, "toks": 8}
{"seq": "circle-fill", "family": "fill", "a": "◔", "b": "●", "gap": 3, "truth": "●", "mode": "instinct", "sample": 0, "ans": "●", "correct": true, "latency": 0.404, "toks": 2}
{"seq": "circle-fill", "family": "fill", "a": "◔", "b": "●", "gap": 3, "truth": "●", "mode": "instinct", "sample": 1, "ans": "●", "correct": true, "latency": 0.333, "toks": 2}
{"seq": "circle-fill", "family": "fill", "a": "◔", "b": "●", "gap": 3, "truth": "●", "mode": "think", "sample": 0, "ans": "●", "correct": true, "latency": 0.404, "toks": 11}
{"seq": "circle-fill", "family": "fill", "a": "◔", "b": "●", "gap": 3, "truth": "●", "mode": "think", "sample": 1, "ans": "●", "correct": true, "latency": 0.432, "toks": 10}
{"seq": "circle-fill", "family": "fill", "a": "●", "b": "◔", "gap": 3, "truth": "●", "mode": "instinct", "sample": 0, "ans": "◔", "correct": false, "latency": 0.43, "toks": 3}
{"seq": "circle-fill", "family": "fill", "a": "●", "b": "◔", "gap": 3, "truth": "●", "mode": "instinct", "sample": 1, "ans": "◔", "correct": false, "latency": 0.333, "toks": 3}
{"seq": "circle-fill", "family": "fill", "a": "●", "b": "◔", "gap": 3, "truth": "●", "mode": "think", "sample": 0, "ans": "◔", "correct": false, "latency": 0.412, "toks": 12}
{"seq": "circle-fill", "family": "fill", "a": "●", "b": "◔", "gap": 3, "truth": "●", "mode": "think", "sample": 1, "ans": "●", "correct": true, "latency": 0.416, "toks": 13}
{"seq": "circle-fill", "family": "fill", "a": "◑", "b": "◕", "gap": 1, "truth": "◕", "mode": "instinct", "sample": 0, "ans": "◕", "correct": true, "latency": 0.542, "toks": 3}
{"seq": "circle-fill", "family": "fill", "a": "◑", "b": "◕", "gap": 1, "truth": "◕", "mode": "instinct", "sample": 1, "ans": "◕", "correct": true, "latency": 0.338, "toks": 3}
{"seq": "circle-fill", "family": "fill", "a": "◑", "b": "◕", "gap": 1, "truth": "◕", "mode": "think", "sample": 0, "ans": "◕", "correct": true, "latency": 0.432, "toks": 12}
{"seq": "circle-fill", "family": "fill", "a": "◑", "b": "◕", "gap": 1, "truth": "◕", "mode": "think", "sample": 1, "ans": "◕", "correct": true, "latency": 0.429, "toks": 12}
{"seq": "circle-fill", "family": "fill", "a": "◕", "b": "◑", "gap": 1, "truth": "◕", "mode": "instinct", "sample": 0, "ans": "◕", "correct": true, "latency": 0.606, "toks": 3}
{"seq": "circle-fill", "family": "fill", "a": "◕", "b": "◑", "gap": 1, "truth": "◕", "mode": "instinct", "sample": 1, "ans": "◑", "correct": false, "latency": 0.328, "toks": 2}
{"seq": "circle-fill", "family": "fill", "a": "◕", "b": "◑", "gap": 1, "truth": "◕", "mode": "think", "sample": 0, "ans": "◑", "correct": false, "latency": 0.408, "toks": 10}
{"seq": "circle-fill", "family": "fill", "a": "◕", "b": "◑", "gap": 1, "truth": "◕", "mode": "think", "sample": 1, "ans": "◑", "correct": false, "latency": 0.566, "toks": 21}
{"seq": "moon", "family": "fill", "a": "🌒", "b": "🌓", "gap": 1, "truth": "🌓", "mode": "instinct", "sample": 0, "ans": "🌓", "correct": true, "latency": 0.38, "toks": 3}
{"seq": "moon", "family": "fill", "a": "🌒", "b": "🌓", "gap": 1, "truth": "🌓", "mode": "instinct", "sample": 1, "ans": "🌓", "correct": true, "latency": 0.336, "toks": 3}
{"seq": "moon", "family": "fill", "a": "🌒", "b": "🌓", "gap": 1, "truth": "🌓", "mode": "think", "sample": 0, "ans": null, "correct": false, "latency": 0.545, "toks": 25}
{"seq": "moon", "family": "fill", "a": "🌒", "b": "🌓", "gap": 1, "truth": "🌓", "mode": "think", "sample": 1, "ans": null, "correct": false, "latency": 0.931, "toks": 50}
{"seq": "moon", "family": "fill", "a": "🌓", "b": "🌒", "gap": 1, "truth": "🌓", "mode": "instinct", "sample": 0, "ans": "🌒", "correct": false, "latency": 0.479, "toks": 3}
{"seq": "moon", "family": "fill", "a": "🌓", "b": "🌒", "gap": 1, "truth": "🌓", "mode": "instinct", "sample": 1, "ans": "🌒", "correct": false, "latency": 0.342, "toks": 3}
{"seq": "moon", "family": "fill", "a": "🌓", "b": "🌒", "gap": 1, "truth": "🌓", "mode": "think", "sample": 0, "ans": "🌒", "correct": false, "latency": 0.712, "toks": 46}
{"seq": "moon", "family": "fill", "a": "🌓", "b": "🌒", "gap": 1, "truth": "🌓", "mode": "think", "sample": 1, "ans": "🌓", "correct": true, "latency": 0.58, "toks": 23}
{"seq": "moon", "family": "fill", "a": "🌑", "b": "🌕", "gap": 4, "truth": "🌕", "mode": "instinct", "sample": 0, "ans": "🌕", "correct": true, "latency": 0.481, "toks": 4}
{"seq": "moon", "family": "fill", "a": "🌑", "b": "🌕", "gap": 4, "truth": "🌕", "mode": "instinct", "sample": 1, "ans": "🌕", "correct": true, "latency": 0.343, "toks": 4}
{"seq": "moon", "family": "fill", "a": "🌑", "b": "🌕", "gap": 4, "truth": "🌕", "mode": "think", "sample": 0, "ans": "🌕", "correct": true, "latency": 0.572, "toks": 26}
{"seq": "moon", "family": "fill", "a": "🌑", "b": "🌕", "gap": 4, "truth": "🌕", "mode": "think", "sample": 1, "ans": null, "correct": false, "latency": 0.719, "toks": 38}
{"seq": "moon", "family": "fill", "a": "🌕", "b": "🌑", "gap": 4, "truth": "🌕", "mode": "instinct", "sample": 0, "ans": "🌕", "correct": true, "latency": 0.457, "toks": 4}
{"seq": "moon", "family": "fill", "a": "🌕", "b": "🌑", "gap": 4, "truth": "🌕", "mode": "instinct", "sample": 1, "ans": "🌕", "correct": true, "latency": 0.362, "toks": 4}
{"seq": "moon", "family": "fill", "a": "🌕", "b": "🌑", "gap": 4, "truth": "🌕", "mode": "think", "sample": 0, "ans": "🌕", "correct": true, "latency": 0.544, "toks": 25}
{"seq": "moon", "family": "fill", "a": "🌕", "b": "🌑", "gap": 4, "truth": "🌕", "mode": "think", "sample": 1, "ans": null, "correct": false, "latency": 0.6, "toks": 29}
{"seq": "moon", "family": "fill", "a": "🌔", "b": "🌕", "gap": 1, "truth": "🌕", "mode": "instinct", "sample": 0, "ans": "🌕", "correct": true, "latency": 0.407, "toks": 4}
{"seq": "moon", "family": "fill", "a": "🌔", "b": "🌕", "gap": 1, "truth": "🌕", "mode": "instinct", "sample": 1, "ans": "🌕", "correct": true, "latency": 0.381, "toks": 4}
{"seq": "moon", "family": "fill", "a": "🌔", "b": "🌕", "gap": 1, "truth": "🌕", "mode": "think", "sample": 0, "ans": "🌔", "correct": false, "latency": 0.619, "toks": 33}
{"seq": "moon", "family": "fill", "a": "🌔", "b": "🌕", "gap": 1, "truth": "🌕", "mode": "think", "sample": 1, "ans": null, "correct": false, "latency": 0.539, "toks": 25}
{"seq": "moon", "family": "fill", "a": "🌕", "b": "🌔", "gap": 1, "truth": "🌕", "mode": "instinct", "sample": 0, "ans": "🌕", "correct": true, "latency": 0.465, "toks": 4}
{"seq": "moon", "family": "fill", "a": "🌕", "b": "🌔", "gap": 1, "truth": "🌕", "mode": "instinct", "sample": 1, "ans": "🌕", "correct": true, "latency": 0.352, "toks": 4}
{"seq": "moon", "family": "fill", "a": "🌕", "b": "🌔", "gap": 1, "truth": "🌕", "mode": "think", "sample": 0, "ans": "🌕", "correct": true, "latency": 0.596, "toks": 30}
{"seq": "moon", "family": "fill", "a": "🌕", "b": "🌔", "gap": 1, "truth": "🌕", "mode": "think", "sample": 1, "ans": null, "correct": false, "latency": 0.571, "toks": 26}
{"seq": "moon", "family": "fill", "a": "🌓", "b": "🌔", "gap": 1, "truth": "🌔", "mode": "instinct", "sample": 0, "ans": "🌔", "correct": true, "latency": 0.513, "toks": 4}
{"seq": "moon", "family": "fill", "a": "🌓", "b": "🌔", "gap": 1, "truth": "🌔", "mode": "instinct", "sample": 1, "ans": "🌔", "correct": true, "latency": 0.343, "toks": 4}
{"seq": "moon", "family": "fill", "a": "🌓", "b": "🌔", "gap": 1, "truth": "🌔", "mode": "think", "sample": 0, "ans": "🌔", "correct": true, "latency": 0.654, "toks": 36}
{"seq": "moon", "family": "fill", "a": "🌓", "b": "🌔", "gap": 1, "truth": "🌔", "mode": "think", "sample": 1, "ans": "🌔", "correct": true, "latency": 0.726, "toks": 33}
{"seq": "moon", "family": "fill", "a": "🌔", "b": "🌓", "gap": 1, "truth": "🌔", "mode": "instinct", "sample": 0, "ans": "🌔", "correct": true, "latency": 0.451, "toks": 4}
{"seq": "moon", "family": "fill", "a": "🌔", "b": "🌓", "gap": 1, "truth": "🌔", "mode": "instinct", "sample": 1, "ans": "🌔", "correct": true, "latency": 0.361, "toks": 4}
{"seq": "moon", "family": "fill", "a": "🌔", "b": "🌓", "gap": 1, "truth": "🌔", "mode": "think", "sample": 0, "ans": "🌔", "correct": true, "latency": 0.691, "toks": 40}
{"seq": "moon", "family": "fill", "a": "🌔", "b": "🌓", "gap": 1, "truth": "🌔", "mode": "think", "sample": 1, "ans": "🌔", "correct": true, "latency": 0.592, "toks": 24}
{"seq": "moon", "family": "fill", "a": "🌑", "b": "🌓", "gap": 2, "truth": "🌓", "mode": "instinct", "sample": 0, "ans": "🌑", "correct": false, "latency": 0.484, "toks": 4}
{"seq": "moon", "family": "fill", "a": "🌑", "b": "🌓", "gap": 2, "truth": "🌓", "mode": "instinct", "sample": 1, "ans": "🌑", "correct": false, "latency": 0.358, "toks": 4}
{"seq": "moon", "family": "fill", "a": "🌑", "b": "🌓", "gap": 2, "truth": "🌓", "mode": "think", "sample": 0, "ans": "🌑", "correct": false, "latency": 0.608, "toks": 30}
{"seq": "moon", "family": "fill", "a": "🌑", "b": "🌓", "gap": 2, "truth": "🌓", "mode": "think", "sample": 1, "ans": "🌑", "correct": false, "latency": 0.521, "toks": 13}
{"seq": "moon", "family": "fill", "a": "🌓", "b": "🌑", "gap": 2, "truth": "🌓", "mode": "instinct", "sample": 0, "ans": "🌑", "correct": false, "latency": 0.669, "toks": 4}
{"seq": "moon", "family": "fill", "a": "🌓", "b": "🌑", "gap": 2, "truth": "🌓", "mode": "instinct", "sample": 1, "ans": "🌑", "correct": false, "latency": 0.347, "toks": 4}
{"seq": "moon", "family": "fill", "a": "🌓", "b": "🌑", "gap": 2, "truth": "🌓", "mode": "think", "sample": 0, "ans": "🌑", "correct": false, "latency": 0.665, "toks": 36}
{"seq": "moon", "family": "fill", "a": "🌓", "b": "🌑", "gap": 2, "truth": "🌓", "mode": "think", "sample": 1, "ans": "🌑", "correct": false, "latency": 0.61, "toks": 17}
{"seq": "moon", "family": "fill", "a": "🌒", "b": "🌔", "gap": 2, "truth": "🌔", "mode": "instinct", "sample": 0, "ans": "🌔", "correct": true, "latency": 0.472, "toks": 4}
{"seq": "moon", "family": "fill", "a": "🌒", "b": "🌔", "gap": 2, "truth": "🌔", "mode": "instinct", "sample": 1, "ans": "🌔", "correct": true, "latency": 0.356, "toks": 4}
{"seq": "moon", "family": "fill", "a": "🌒", "b": "🌔", "gap": 2, "truth": "🌔", "mode": "think", "sample": 0, "ans": null, "correct": false, "latency": 0.634, "toks": 29}
{"seq": "moon", "family": "fill", "a": "🌒", "b": "🌔", "gap": 2, "truth": "🌔", "mode": "think", "sample": 1, "ans": null, "correct": false, "latency": 0.721, "toks": 27}
{"seq": "moon", "family": "fill", "a": "🌔", "b": "🌒", "gap": 2, "truth": "🌔", "mode": "instinct", "sample": 0, "ans": "🌔", "correct": true, "latency": 0.484, "toks": 4}
{"seq": "moon", "family": "fill", "a": "🌔", "b": "🌒", "gap": 2, "truth": "🌔", "mode": "instinct", "sample": 1, "ans": "🌔", "correct": true, "latency": 0.345, "toks": 4}
{"seq": "moon", "family": "fill", "a": "🌔", "b": "🌒", "gap": 2, "truth": "🌔", "mode": "think", "sample": 0, "ans": null, "correct": false, "latency": 0.664, "toks": 34}
{"seq": "moon", "family": "fill", "a": "🌔", "b": "🌒", "gap": 2, "truth": "🌔", "mode": "think", "sample": 1, "ans": null, "correct": false, "latency": 0.513, "toks": 11}
{"seq": "hexagram-sov", "family": "fill", "a": "䷁", "b": "䷗", "gap": 1, "truth": "䷗", "mode": "instinct", "sample": 0, "ans": "䷁", "correct": false, "latency": 0.617, "toks": 4}
{"seq": "hexagram-sov", "family": "fill", "a": "䷁", "b": "䷗", "gap": 1, "truth": "䷗", "mode": "instinct", "sample": 1, "ans": null, "correct": false, "latency": 0.352, "toks": 4}
{"seq": "hexagram-sov", "family": "fill", "a": "䷁", "b": "䷗", "gap": 1, "truth": "䷗", "mode": "think", "sample": 0, "ans": "䷁", "correct": false, "latency": 0.482, "toks": 16}
{"seq": "hexagram-sov", "family": "fill", "a": "䷁", "b": "䷗", "gap": 1, "truth": "䷗", "mode": "think", "sample": 1, "ans": "䷗", "correct": true, "latency": 0.667, "toks": 17}
{"seq": "hexagram-sov", "family": "fill", "a": "䷗", "b": "䷁", "gap": 1, "truth": "䷗", "mode": "instinct", "sample": 0, "ans": "䷁", "correct": false, "latency": 0.425, "toks": 4}
{"seq": "hexagram-sov", "family": "fill", "a": "䷗", "b": "䷁", "gap": 1, "truth": "䷗", "mode": "instinct", "sample": 1, "ans": null, "correct": false, "latency": 0.353, "toks": 4}
{"seq": "hexagram-sov", "family": "fill", "a": "䷗", "b": "䷁", "gap": 1, "truth": "䷗", "mode": "think", "sample": 0, "ans": "䷁", "correct": false, "latency": 0.482, "toks": 17}
{"seq": "hexagram-sov", "family": "fill", "a": "䷗", "b": "䷁", "gap": 1, "truth": "䷗", "mode": "think", "sample": 1, "ans": null, "correct": false, "latency": 0.71, "toks": 14}
{"seq": "hexagram-sov", "family": "fill", "a": "䷒", "b": "䷡", "gap": 2, "truth": "䷡", "mode": "instinct", "sample": 0, "ans": "䷡", "correct": true, "latency": 0.416, "toks": 4}
{"seq": "hexagram-sov", "family": "fill", "a": "䷒", "b": "䷡", "gap": 2, "truth": "䷡", "mode": "instinct", "sample": 1, "ans": "䷡", "correct": true, "latency": 0.351, "toks": 4}
{"seq": "hexagram-sov", "family": "fill", "a": "䷒", "b": "䷡", "gap": 2, "truth": "䷡", "mode": "think", "sample": 0, "ans": "䷡", "correct": true, "latency": 0.504, "toks": 16}
{"seq": "hexagram-sov", "family": "fill", "a": "䷒", "b": "䷡", "gap": 2, "truth": "䷡", "mode": "think", "sample": 1, "ans": "䷡", "correct": true, "latency": 0.61, "toks": 21}
{"seq": "hexagram-sov", "family": "fill", "a": "䷡", "b": "䷒", "gap": 2, "truth": "䷡", "mode": "instinct", "sample": 0, "ans": "䷡", "correct": true, "latency": 0.435, "toks": 4}
{"seq": "hexagram-sov", "family": "fill", "a": "䷡", "b": "䷒", "gap": 2, "truth": "䷡", "mode": "instinct", "sample": 1, "ans": "䷡", "correct": true, "latency": 0.357, "toks": 4}
{"seq": "hexagram-sov", "family": "fill", "a": "䷡", "b": "䷒", "gap": 2, "truth": "䷡", "mode": "think", "sample": 0, "ans": "䷒", "correct": false, "latency": 0.526, "toks": 17}
{"seq": "hexagram-sov", "family": "fill", "a": "䷡", "b": "䷒", "gap": 2, "truth": "䷡", "mode": "think", "sample": 1, "ans": "䷒", "correct": false, "latency": 0.584, "toks": 16}
{"seq": "hexagram-sov", "family": "fill", "a": "䷗", "b": "䷒", "gap": 1, "truth": "䷒", "mode": "instinct", "sample": 0, "ans": "䷒", "correct": true, "latency": 0.532, "toks": 4}
{"seq": "hexagram-sov", "family": "fill", "a": "䷗", "b": "䷒", "gap": 1, "truth": "䷒", "mode": "instinct", "sample": 1, "ans": "䷒", "correct": true, "latency": 0.365, "toks": 4}
{"seq": "hexagram-sov", "family": "fill", "a": "䷗", "b": "䷒", "gap": 1, "truth": "䷒", "mode": "think", "sample": 0, "ans": "䷒", "correct": true, "latency": 0.512, "toks": 17}
{"seq": "hexagram-sov", "family": "fill", "a": "䷗", "b": "䷒", "gap": 1, "truth": "䷒", "mode": "think", "sample": 1, "ans": "䷒", "correct": true, "latency": 0.674, "toks": 19}
{"seq": "hexagram-sov", "family": "fill", "a": "䷒", "b": "䷗", "gap": 1, "truth": "䷒", "mode": "instinct", "sample": 0, "ans": "䷒", "correct": true, "latency": 0.535, "toks": 4}
{"seq": "hexagram-sov", "family": "fill", "a": "䷒", "b": "䷗", "gap": 1, "truth": "䷒", "mode": "instinct", "sample": 1, "ans": "䷒", "correct": true, "latency": 0.359, "toks": 4}
{"seq": "hexagram-sov", "family": "fill", "a": "䷒", "b": "䷗", "gap": 1, "truth": "䷒", "mode": "think", "sample": 0, "ans": "䷗", "correct": false, "latency": 0.503, "toks": 17}
{"seq": "hexagram-sov", "family": "fill", "a": "䷒", "b": "䷗", "gap": 1, "truth": "䷒", "mode": "think", "sample": 1, "ans": null, "correct": false, "latency": 0.746, "toks": 20}
{"seq": "hexagram-sov", "family": "fill", "a": "䷁", "b": "䷊", "gap": 3, "truth": "䷊", "mode": "instinct", "sample": 0, "ans": "䷁", "correct": false, "latency": 0.54, "toks": 4}
{"seq": "hexagram-sov", "family": "fill", "a": "䷁", "b": "䷊", "gap": 3, "truth": "䷊", "mode": "instinct", "sample": 1, "ans": null, "correct": false, "latency": 0.354, "toks": 4}
{"seq": "hexagram-sov", "family": "fill", "a": "䷁", "b": "䷊", "gap": 3, "truth": "䷊", "mode": "think", "sample": 0, "ans": "䷊", "correct": true, "latency": 0.52, "toks": 16}
{"seq": "hexagram-sov", "family": "fill", "a": "䷁", "b": "䷊", "gap": 3, "truth": "䷊", "mode": "think", "sample": 1, "ans": "䷊", "correct": true, "latency": 0.572, "toks": 16}
{"seq": "hexagram-sov", "family": "fill", "a": "䷊", "b": "䷁", "gap": 3, "truth": "䷊", "mode": "instinct", "sample": 0, "ans": "䷁", "correct": false, "latency": 0.607, "toks": 4}
{"seq": "hexagram-sov", "family": "fill", "a": "䷊", "b": "䷁", "gap": 3, "truth": "䷊", "mode": "instinct", "sample": 1, "ans": null, "correct": false, "latency": 0.364, "toks": 5}
{"seq": "hexagram-sov", "family": "fill", "a": "䷊", "b": "䷁", "gap": 3, "truth": "䷊", "mode": "think", "sample": 0, "ans": "䷁", "correct": false, "latency": 0.558, "toks": 16}
{"seq": "hexagram-sov", "family": "fill", "a": "䷊", "b": "䷁", "gap": 3, "truth": "䷊", "mode": "think", "sample": 1, "ans": "䷁", "correct": false, "latency": 0.886, "toks": 21}
{"seq": "hexagram-sov", "family": "fill", "a": "䷁", "b": "䷀", "gap": 6, "truth": "䷀", "mode": "instinct", "sample": 0, "ans": "䷁", "correct": false, "latency": 0.558, "toks": 4}
{"seq": "hexagram-sov", "family": "fill", "a": "䷁", "b": "䷀", "gap": 6, "truth": "䷀", "mode": "instinct", "sample": 1, "ans": "䷀", "correct": true, "latency": 0.366, "toks": 4}
{"seq": "hexagram-sov", "family": "fill", "a": "䷁", "b": "䷀", "gap": 6, "truth": "䷀", "mode": "think", "sample": 0, "ans": "䷀", "correct": true, "latency": 0.587, "toks": 17}
{"seq": "hexagram-sov", "family": "fill", "a": "䷁", "b": "䷀", "gap": 6, "truth": "䷀", "mode": "think", "sample": 1, "ans": "䷀", "correct": true, "latency": 1.136, "toks": 31}
{"seq": "hexagram-sov", "family": "fill", "a": "䷀", "b": "䷁", "gap": 6, "truth": "䷀", "mode": "instinct", "sample": 0, "ans": "䷁", "correct": false, "latency": 0.519, "toks": 4}
{"seq": "hexagram-sov", "family": "fill", "a": "䷀", "b": "䷁", "gap": 6, "truth": "䷀", "mode": "instinct", "sample": 1, "ans": "䷁", "correct": false, "latency": 0.355, "toks": 4}
{"seq": "hexagram-sov", "family": "fill", "a": "䷀", "b": "䷁", "gap": 6, "truth": "䷀", "mode": "think", "sample": 0, "ans": "䷁", "correct": false, "latency": 0.531, "toks": 16}
{"seq": "hexagram-sov", "family": "fill", "a": "䷀", "b": "䷁", "gap": 6, "truth": "䷀", "mode": "think", "sample": 1, "ans": null, "correct": false, "latency": 0.617, "toks": 23}
{"seq": "hexagram-sov", "family": "fill", "a": "䷒", "b": "䷪", "gap": 3, "truth": "䷪", "mode": "instinct", "sample": 0, "ans": "䷪", "correct": true, "latency": 0.618, "toks": 4}
{"seq": "hexagram-sov", "family": "fill", "a": "䷒", "b": "䷪", "gap": 3, "truth": "䷪", "mode": "instinct", "sample": 1, "ans": "䷪", "correct": true, "latency": 0.371, "toks": 4}
{"seq": "hexagram-sov", "family": "fill", "a": "䷒", "b": "䷪", "gap": 3, "truth": "䷪", "mode": "think", "sample": 0, "ans": "䷪", "correct": true, "latency": 0.57, "toks": 16}
{"seq": "hexagram-sov", "family": "fill", "a": "䷒", "b": "䷪", "gap": 3, "truth": "䷪", "mode": "think", "sample": 1, "ans": "䷪", "correct": true, "latency": 0.972, "toks": 19}
{"seq": "hexagram-sov", "family": "fill", "a": "䷪", "b": "䷒", "gap": 3, "truth": "䷪", "mode": "instinct", "sample": 0, "ans": "䷪", "correct": true, "latency": 1.327, "toks": 4}
{"seq": "hexagram-sov", "family": "fill", "a": "䷪", "b": "䷒", "gap": 3, "truth": "䷪", "mode": "instinct", "sample": 1, "ans": "䷪", "correct": true, "latency": 0.445, "toks": 8}
{"seq": "hexagram-sov", "family": "fill", "a": "䷪", "b": "䷒", "gap": 3, "truth": "䷪", "mode": "think", "sample": 0, "ans": "䷪", "correct": true, "latency": 0.586, "toks": 17}
{"seq": "hexagram-sov", "family": "fill", "a": "䷪", "b": "䷒", "gap": 3, "truth": "䷪", "mode": "think", "sample": 1, "ans": "䷪", "correct": true, "latency": 0.932, "toks": 32}
{"seq": "dice", "family": "count", "a": "⚀", "b": "⚁", "gap": 1, "truth": "⚁", "mode": "instinct", "sample": 0, "ans": "⚁", "correct": true, "latency": 1.19, "toks": 4}
{"seq": "dice", "family": "count", "a": "⚀", "b": "⚁", "gap": 1, "truth": "⚁", "mode": "instinct", "sample": 1, "ans": "⚁", "correct": true, "latency": 0.395, "toks": 4}
{"seq": "dice", "family": "count", "a": "⚀", "b": "⚁", "gap": 1, "truth": "⚁", "mode": "think", "sample": 0, "ans": "⚀", "correct": false, "latency": 0.693, "toks": 18}
{"seq": "dice", "family": "count", "a": "⚀", "b": "⚁", "gap": 1, "truth": "⚁", "mode": "think", "sample": 1, "ans": "⚀", "correct": false, "latency": 1.127, "toks": 30}
{"seq": "dice", "family": "count", "a": "⚁", "b": "⚀", "gap": 1, "truth": "⚁", "mode": "instinct", "sample": 0, "ans": "⚀", "correct": false, "latency": 0.606, "toks": 4}
{"seq": "dice", "family": "count", "a": "⚁", "b": "⚀", "gap": 1, "truth": "⚁", "mode": "instinct", "sample": 1, "ans": "⚀", "correct": false, "latency": 0.4, "toks": 4}
{"seq": "dice", "family": "count", "a": "⚁", "b": "⚀", "gap": 1, "truth": "⚁", "mode": "think", "sample": 0, "ans": "⚀", "correct": false, "latency": 0.708, "toks": 28}
{"seq": "dice", "family": "count", "a": "⚁", "b": "⚀", "gap": 1, "truth": "⚁", "mode": "think", "sample": 1, "ans": "⚁", "correct": true, "latency": 0.929, "toks": 36}
{"seq": "dice", "family": "count", "a": "⚁", "b": "⚅", "gap": 4, "truth": "⚅", "mode": "instinct", "sample": 0, "ans": "⚅", "correct": true, "latency": 0.583, "toks": 4}
{"seq": "dice", "family": "count", "a": "⚁", "b": "⚅", "gap": 4, "truth": "⚅", "mode": "instinct", "sample": 1, "ans": "⚅", "correct": true, "latency": 0.403, "toks": 4}
{"seq": "dice", "family": "count", "a": "⚁", "b": "⚅", "gap": 4, "truth": "⚅", "mode": "think", "sample": 0, "ans": "⚅", "correct": true, "latency": 0.816, "toks": 30}
{"seq": "dice", "family": "count", "a": "⚁", "b": "⚅", "gap": 4, "truth": "⚅", "mode": "think", "sample": 1, "ans": "⚅", "correct": true, "latency": 2.167, "toks": 31}
{"seq": "dice", "family": "count", "a": "⚅", "b": "⚁", "gap": 4, "truth": "⚅", "mode": "instinct", "sample": 0, "ans": "⚁", "correct": false, "latency": 0.648, "toks": 4}
{"seq": "dice", "family": "count", "a": "⚅", "b": "⚁", "gap": 4, "truth": "⚅", "mode": "instinct", "sample": 1, "ans": "⚁", "correct": false, "latency": 0.412, "toks": 4}
{"seq": "dice", "family": "count", "a": "⚅", "b": "⚁", "gap": 4, "truth": "⚅", "mode": "think", "sample": 0, "ans": "⚁", "correct": false, "latency": 0.76, "toks": 26}
{"seq": "dice", "family": "count", "a": "⚅", "b": "⚁", "gap": 4, "truth": "⚅", "mode": "think", "sample": 1, "ans": "⚅", "correct": true, "latency": 1.841, "toks": 26}
{"seq": "dice", "family": "count", "a": "⚄", "b": "⚅", "gap": 1, "truth": "⚅", "mode": "instinct", "sample": 0, "ans": "⚄", "correct": false, "latency": 1.025, "toks": 4}
{"seq": "dice", "family": "count", "a": "⚄", "b": "⚅", "gap": 1, "truth": "⚅", "mode": "instinct", "sample": 1, "ans": "⚄", "correct": false, "latency": 0.372, "toks": 4}
{"seq": "dice", "family": "count", "a": "⚄", "b": "⚅", "gap": 1, "truth": "⚅", "mode": "think", "sample": 0, "ans": "⚄", "correct": false, "latency": 0.865, "toks": 29}
{"seq": "dice", "family": "count", "a": "⚄", "b": "⚅", "gap": 1, "truth": "⚅", "mode": "think", "sample": 1, "ans": "⚄", "correct": false, "latency": 0.668, "toks": 14}
{"seq": "dice", "family": "count", "a": "⚅", "b": "⚄", "gap": 1, "truth": "⚅", "mode": "instinct", "sample": 0, "ans": "⚄", "correct": false, "latency": 0.528, "toks": 4}
{"seq": "dice", "family": "count", "a": "⚅", "b": "⚄", "gap": 1, "truth": "⚅", "mode": "instinct", "sample": 1, "ans": "⚄", "correct": false, "latency": 0.398, "toks": 4}
{"seq": "dice", "family": "count", "a": "⚅", "b": "⚄", "gap": 1, "truth": "⚅", "mode": "think", "sample": 0, "ans": "⚄", "correct": false, "latency": 0.718, "toks": 29}
{"seq": "dice", "family": "count", "a": "⚅", "b": "⚄", "gap": 1, "truth": "⚅", "mode": "think", "sample": 1, "ans": "⚅", "correct": true, "latency": 0.989, "toks": 30}
{"seq": "dice", "family": "count", "a": "⚀", "b": "⚅", "gap": 5, "truth": "⚅", "mode": "instinct", "sample": 0, "ans": "⚀", "correct": false, "latency": 2.827, "toks": 4}
{"seq": "dice", "family": "count", "a": "⚀", "b": "⚅", "gap": 5, "truth": "⚅", "mode": "instinct", "sample": 1, "ans": "⚀", "correct": false, "latency": 0.398, "toks": 4}
{"seq": "dice", "family": "count", "a": "⚀", "b": "⚅", "gap": 5, "truth": "⚅", "mode": "think", "sample": 0, "ans": "⚀", "correct": false, "latency": 0.869, "toks": 32}
{"seq": "dice", "family": "count", "a": "⚀", "b": "⚅", "gap": 5, "truth": "⚅", "mode": "think", "sample": 1, "ans": "⚀", "correct": false, "latency": 0.927, "toks": 23}
{"seq": "dice", "family": "count", "a": "⚅", "b": "⚀", "gap": 5, "truth": "⚅", "mode": "instinct", "sample": 0, "ans": "⚀", "correct": false, "latency": 0.517, "toks": 4}
{"seq": "dice", "family": "count", "a": "⚅", "b": "⚀", "gap": 5, "truth": "⚅", "mode": "instinct", "sample": 1, "ans": "⚅", "correct": true, "latency": 0.364, "toks": 4}
{"seq": "dice", "family": "count", "a": "⚅", "b": "⚀", "gap": 5, "truth": "⚅", "mode": "think", "sample": 0, "ans": "⚀", "correct": false, "latency": 0.686, "toks": 29}
{"seq": "dice", "family": "count", "a": "⚅", "b": "⚀", "gap": 5, "truth": "⚅", "mode": "think", "sample": 1, "ans": "⚀", "correct": false, "latency": 1.319, "toks": 28}
{"seq": "dice", "family": "count", "a": "⚂", "b": "⚅", "gap": 3, "truth": "⚅", "mode": "instinct", "sample": 0, "ans": "⚅", "correct": true, "latency": 0.65, "toks": 4}
{"seq": "dice", "family": "count", "a": "⚂", "b": "⚅", "gap": 3, "truth": "⚅", "mode": "instinct", "sample": 1, "ans": "⚅", "correct": true, "latency": 0.385, "toks": 4}
{"seq": "dice", "family": "count", "a": "⚂", "b": "⚅", "gap": 3, "truth": "⚅", "mode": "think", "sample": 0, "ans": "⚅", "correct": true, "latency": 0.602, "toks": 15}
{"seq": "dice", "family": "count", "a": "⚂", "b": "⚅", "gap": 3, "truth": "⚅", "mode": "think", "sample": 1, "ans": "⚅", "correct": true, "latency": 0.583, "toks": 10}
{"seq": "dice", "family": "count", "a": "⚅", "b": "⚂", "gap": 3, "truth": "⚅", "mode": "instinct", "sample": 0, "ans": "⚂", "correct": false, "latency": 0.504, "toks": 4}
{"seq": "dice", "family": "count", "a": "⚅", "b": "⚂", "gap": 3, "truth": "⚅", "mode": "instinct", "sample": 1, "ans": "⚂", "correct": false, "latency": 0.345, "toks": 4}
{"seq": "dice", "family": "count", "a": "⚅", "b": "⚂", "gap": 3, "truth": "⚅", "mode": "think", "sample": 0, "ans": "⚅", "correct": true, "latency": 0.662, "toks": 28}
{"seq": "dice", "family": "count", "a": "⚅", "b": "⚂", "gap": 3, "truth": "⚅", "mode": "think", "sample": 1, "ans": "⚂", "correct": false, "latency": 0.699, "toks": 14}
{"seq": "dice", "family": "count", "a": "⚁", "b": "⚃", "gap": 2, "truth": "⚃", "mode": "instinct", "sample": 0, "ans": "⚃", "correct": true, "latency": 2.605, "toks": 4}
{"seq": "dice", "family": "count", "a": "⚁", "b": "⚃", "gap": 2, "truth": "⚃", "mode": "instinct", "sample": 1, "ans": "⚃", "correct": true, "latency": 0.387, "toks": 4}
{"seq": "dice", "family": "count", "a": "⚁", "b": "⚃", "gap": 2, "truth": "⚃", "mode": "think", "sample": 0, "ans": "⚃", "correct": true, "latency": 0.608, "toks": 14}
{"seq": "dice", "family": "count", "a": "⚁", "b": "⚃", "gap": 2, "truth": "⚃", "mode": "think", "sample": 1, "ans": "⚁", "correct": false, "latency": 0.85, "toks": 25}
{"seq": "dice", "family": "count", "a": "⚃", "b": "⚁", "gap": 2, "truth": "⚃", "mode": "instinct", "sample": 0, "ans": "⚁", "correct": false, "latency": 0.613, "toks": 4}
{"seq": "dice", "family": "count", "a": "⚃", "b": "⚁", "gap": 2, "truth": "⚃", "mode": "instinct", "sample": 1, "ans": "⚃", "correct": true, "latency": 0.395, "toks": 4}
{"seq": "dice", "family": "count", "a": "⚃", "b": "⚁", "gap": 2, "truth": "⚃", "mode": "think", "sample": 0, "ans": "⚃", "correct": true, "latency": 0.64, "toks": 24}
{"seq": "dice", "family": "count", "a": "⚃", "b": "⚁", "gap": 2, "truth": "⚃", "mode": "think", "sample": 1, "ans": "⚃", "correct": true, "latency": 0.498, "toks": 14}
{"seq": "dot-leaders", "family": "count", "a": "․", "b": "‥", "gap": 1, "truth": "‥", "mode": "instinct", "sample": 0, "ans": "‥", "correct": true, "latency": 1.737, "toks": 3}
{"seq": "dot-leaders", "family": "count", "a": "․", "b": "‥", "gap": 1, "truth": "‥", "mode": "instinct", "sample": 1, "ans": "․", "correct": false, "latency": 0.384, "toks": 3}
{"seq": "dot-leaders", "family": "count", "a": "․", "b": "‥", "gap": 1, "truth": "‥", "mode": "think", "sample": 0, "ans": "‥", "correct": true, "latency": 0.811, "toks": 33}
{"seq": "dot-leaders", "family": "count", "a": "․", "b": "‥", "gap": 1, "truth": "‥", "mode": "think", "sample": 1, "ans": null, "correct": false, "latency": 0.961, "toks": 31}
{"seq": "dot-leaders", "family": "count", "a": "‥", "b": "․", "gap": 1, "truth": "‥", "mode": "instinct", "sample": 0, "ans": "․", "correct": false, "latency": 0.632, "toks": 3}
{"seq": "dot-leaders", "family": "count", "a": "‥", "b": "․", "gap": 1, "truth": "‥", "mode": "instinct", "sample": 1, "ans": "․", "correct": false, "latency": 0.403, "toks": 3}
{"seq": "dot-leaders", "family": "count", "a": "‥", "b": "․", "gap": 1, "truth": "‥", "mode": "think", "sample": 0, "ans": null, "correct": false, "latency": 0.717, "toks": 29}
{"seq": "dot-leaders", "family": "count", "a": "‥", "b": "․", "gap": 1, "truth": "‥", "mode": "think", "sample": 1, "ans": "‥", "correct": true, "latency": 1.152, "toks": 28}
{"seq": "dot-leaders", "family": "count", "a": "․", "b": "…", "gap": 2, "truth": "…", "mode": "instinct", "sample": 0, "ans": "…", "correct": true, "latency": 1.182, "toks": 2}
{"seq": "dot-leaders", "family": "count", "a": "․", "b": "…", "gap": 2, "truth": "…", "mode": "instinct", "sample": 1, "ans": "…", "correct": true, "latency": 0.368, "toks": 2}
{"seq": "dot-leaders", "family": "count", "a": "․", "b": "…", "gap": 2, "truth": "…", "mode": "think", "sample": 0, "ans": "…", "correct": true, "latency": 0.39, "toks": 2}
{"seq": "dot-leaders", "family": "count", "a": "․", "b": "…", "gap": 2, "truth": "…", "mode": "think", "sample": 1, "ans": "…", "correct": true, "latency": 0.74, "toks": 4}
{"seq": "dot-leaders", "family": "count", "a": "…", "b": "․", "gap": 2, "truth": "…", "mode": "instinct", "sample": 0, "ans": "․", "correct": false, "latency": 0.9, "toks": 3}
{"seq": "dot-leaders", "family": "count", "a": "…", "b": "․", "gap": 2, "truth": "…", "mode": "instinct", "sample": 1, "ans": "․", "correct": false, "latency": 0.368, "toks": 3}
{"seq": "dot-leaders", "family": "count", "a": "…", "b": "․", "gap": 2, "truth": "…", "mode": "think", "sample": 0, "ans": "․", "correct": false, "latency": 0.789, "toks": 31}
{"seq": "dot-leaders", "family": "count", "a": "…", "b": "․", "gap": 2, "truth": "…", "mode": "think", "sample": 1, "ans": null, "correct": false, "latency": 1.775, "toks": 75}
{"seq": "dot-leaders", "family": "count", "a": "‥", "b": "…", "gap": 1, "truth": "…", "mode": "instinct", "sample": 0, "ans": "…", "correct": true, "latency": 0.625, "toks": 2}
{"seq": "dot-leaders", "family": "count", "a": "‥", "b": "…", "gap": 1, "truth": "…", "mode": "instinct", "sample": 1, "ans": "…", "correct": true, "latency": 0.351, "toks": 2}
{"seq": "dot-leaders", "family": "count", "a": "‥", "b": "…", "gap": 1, "truth": "…", "mode": "think", "sample": 0, "ans": "…", "correct": true, "latency": 0.341, "toks": 2}
{"seq": "dot-leaders", "family": "count", "a": "‥", "b": "…", "gap": 1, "truth": "…", "mode": "think", "sample": 1, "ans": "…", "correct": true, "latency": 0.377, "toks": 2}
{"seq": "dot-leaders", "family": "count", "a": "…", "b": "‥", "gap": 1, "truth": "…", "mode": "instinct", "sample": 0, "ans": "…", "correct": true, "latency": 0.468, "toks": 2}
{"seq": "dot-leaders", "family": "count", "a": "…", "b": "‥", "gap": 1, "truth": "…", "mode": "instinct", "sample": 1, "ans": "‥", "correct": false, "latency": 0.33, "toks": 3}
{"seq": "dot-leaders", "family": "count", "a": "…", "b": "‥", "gap": 1, "truth": "…", "mode": "think", "sample": 0, "ans": "‥", "correct": false, "latency": 0.51, "toks": 26}
{"seq": "dot-leaders", "family": "count", "a": "…", "b": "‥", "gap": 1, "truth": "…", "mode": "think", "sample": 1, "ans": null, "correct": false, "latency": 0.444, "toks": 12}
{"seq": "primes", "family": "count", "a": "′", "b": "″", "gap": 1, "truth": "″", "mode": "instinct", "sample": 0, "ans": "″", "correct": true, "latency": 0.718, "toks": 2}
{"seq": "primes", "family": "count", "a": "′", "b": "″", "gap": 1, "truth": "″", "mode": "instinct", "sample": 1, "ans": "″", "correct": true, "latency": 0.392, "toks": 2}
{"seq": "primes", "family": "count", "a": "′", "b": "″", "gap": 1, "truth": "″", "mode": "think", "sample": 0, "ans": "″", "correct": true, "latency": 0.821, "toks": 26}
{"seq": "primes", "family": "count", "a": "′", "b": "″", "gap": 1, "truth": "″", "mode": "think", "sample": 1, "ans": "″", "correct": true, "latency": 0.583, "toks": 12}
{"seq": "primes", "family": "count", "a": "″", "b": "′", "gap": 1, "truth": "″", "mode": "instinct", "sample": 0, "ans": "′", "correct": false, "latency": 0.395, "toks": 2}
{"seq": "primes", "family": "count", "a": "″", "b": "′", "gap": 1, "truth": "″", "mode": "instinct", "sample": 1, "ans": "′", "correct": false, "latency": 0.325, "toks": 2}
{"seq": "primes", "family": "count", "a": "″", "b": "′", "gap": 1, "truth": "″", "mode": "think", "sample": 0, "ans": "″", "correct": true, "latency": 0.514, "toks": 22}
{"seq": "primes", "family": "count", "a": "″", "b": "′", "gap": 1, "truth": "″", "mode": "think", "sample": 1, "ans": "′", "correct": false, "latency": 0.403, "toks": 6}
{"seq": "primes", "family": "count", "a": "″", "b": "‴", "gap": 1, "truth": "‴", "mode": "instinct", "sample": 0, "ans": "‴", "correct": true, "latency": 0.523, "toks": 3}
{"seq": "primes", "family": "count", "a": "″", "b": "‴", "gap": 1, "truth": "‴", "mode": "instinct", "sample": 1, "ans": "‴", "correct": true, "latency": 0.36, "toks": 3}
{"seq": "primes", "family": "count", "a": "″", "b": "‴", "gap": 1, "truth": "‴", "mode": "think", "sample": 0, "ans": "″", "correct": false, "latency": 0.46, "toks": 12}
{"seq": "primes", "family": "count", "a": "″", "b": "‴", "gap": 1, "truth": "‴", "mode": "think", "sample": 1, "ans": "‴", "correct": true, "latency": 0.665, "toks": 12}
{"seq": "primes", "family": "count", "a": "‴", "b": "″", "gap": 1, "truth": "‴", "mode": "instinct", "sample": 0, "ans": "″", "correct": false, "latency": 0.673, "toks": 2}
{"seq": "primes", "family": "count", "a": "‴", "b": "″", "gap": 1, "truth": "‴", "mode": "instinct", "sample": 1, "ans": "″", "correct": false, "latency": 0.345, "toks": 2}
{"seq": "primes", "family": "count", "a": "‴", "b": "″", "gap": 1, "truth": "‴", "mode": "think", "sample": 0, "ans": "″", "correct": false, "latency": 0.488, "toks": 13}
{"seq": "primes", "family": "count", "a": "‴", "b": "″", "gap": 1, "truth": "‴", "mode": "think", "sample": 1, "ans": "″", "correct": false, "latency": 0.482, "toks": 11}
{"seq": "primes", "family": "count", "a": "′", "b": "⁗", "gap": 3, "truth": "⁗", "mode": "instinct", "sample": 0, "ans": "⁗", "correct": true, "latency": 0.566, "toks": 3}
{"seq": "primes", "family": "count", "a": "′", "b": "⁗", "gap": 3, "truth": "⁗", "mode": "instinct", "sample": 1, "ans": "⁗", "correct": true, "latency": 0.347, "toks": 3}
{"seq": "primes", "family": "count", "a": "′", "b": "⁗", "gap": 3, "truth": "⁗", "mode": "think", "sample": 0, "ans": "⁗", "correct": true, "latency": 0.489, "toks": 15}
{"seq": "primes", "family": "count", "a": "′", "b": "⁗", "gap": 3, "truth": "⁗", "mode": "think", "sample": 1, "ans": "⁗", "correct": true, "latency": 0.543, "toks": 19}
{"seq": "primes", "family": "count", "a": "⁗", "b": "′", "gap": 3, "truth": "⁗", "mode": "instinct", "sample": 0, "ans": "⁗", "correct": true, "latency": 0.503, "toks": 3}
{"seq": "primes", "family": "count", "a": "⁗", "b": "′", "gap": 3, "truth": "⁗", "mode": "instinct", "sample": 1, "ans": "⁗", "correct": true, "latency": 0.353, "toks": 3}
{"seq": "primes", "family": "count", "a": "⁗", "b": "′", "gap": 3, "truth": "⁗", "mode": "think", "sample": 0, "ans": "⁗", "correct": true, "latency": 0.647, "toks": 26}
{"seq": "primes", "family": "count", "a": "⁗", "b": "′", "gap": 3, "truth": "⁗", "mode": "think", "sample": 1, "ans": "⁗", "correct": true, "latency": 0.592, "toks": 11}
{"seq": "primes", "family": "count", "a": "‴", "b": "⁗", "gap": 1, "truth": "⁗", "mode": "instinct", "sample": 0, "ans": "⁗", "correct": true, "latency": 0.477, "toks": 3}
{"seq": "primes", "family": "count", "a": "‴", "b": "⁗", "gap": 1, "truth": "⁗", "mode": "instinct", "sample": 1, "ans": "⁗", "correct": true, "latency": 0.347, "toks": 3}
{"seq": "primes", "family": "count", "a": "‴", "b": "⁗", "gap": 1, "truth": "⁗", "mode": "think", "sample": 0, "ans": "⁗", "correct": true, "latency": 0.398, "toks": 8}
{"seq": "primes", "family": "count", "a": "‴", "b": "⁗", "gap": 1, "truth": "⁗", "mode": "think", "sample": 1, "ans": "⁗", "correct": true, "latency": 0.606, "toks": 12}
{"seq": "primes", "family": "count", "a": "⁗", "b": "‴", "gap": 1, "truth": "⁗", "mode": "instinct", "sample": 0, "ans": "⁗", "correct": true, "latency": 0.438, "toks": 3}
{"seq": "primes", "family": "count", "a": "⁗", "b": "‴", "gap": 1, "truth": "⁗", "mode": "instinct", "sample": 1, "ans": "⁗", "correct": true, "latency": 0.332, "toks": 3}
{"seq": "primes", "family": "count", "a": "⁗", "b": "‴", "gap": 1, "truth": "⁗", "mode": "think", "sample": 0, "ans": "‴", "correct": false, "latency": 0.464, "toks": 12}
{"seq": "primes", "family": "count", "a": "⁗", "b": "‴", "gap": 1, "truth": "⁗", "mode": "think", "sample": 1, "ans": "⁗", "correct": true, "latency": 0.462, "toks": 12}
{"seq": "primes", "family": "count", "a": "′", "b": "‴", "gap": 2, "truth": "‴", "mode": "instinct", "sample": 0, "ans": "‴", "correct": true, "latency": 0.414, "toks": 3}
{"seq": "primes", "family": "count", "a": "′", "b": "‴", "gap": 2, "truth": "‴", "mode": "instinct", "sample": 1, "ans": "‴", "correct": true, "latency": 0.326, "toks": 3}
{"seq": "primes", "family": "count", "a": "′", "b": "‴", "gap": 2, "truth": "‴", "mode": "think", "sample": 0, "ans": null, "correct": false, "latency": 0.442, "toks": 12}
{"seq": "primes", "family": "count", "a": "′", "b": "‴", "gap": 2, "truth": "‴", "mode": "think", "sample": 1, "ans": null, "correct": false, "latency": 0.676, "toks": 21}
{"seq": "primes", "family": "count", "a": "‴", "b": "′", "gap": 2, "truth": "‴", "mode": "instinct", "sample": 0, "ans": "′", "correct": false, "latency": 0.484, "toks": 2}
{"seq": "primes", "family": "count", "a": "‴", "b": "′", "gap": 2, "truth": "‴", "mode": "instinct", "sample": 1, "ans": "′", "correct": false, "latency": 0.341, "toks": 2}
{"seq": "primes", "family": "count", "a": "‴", "b": "′", "gap": 2, "truth": "‴", "mode": "think", "sample": 0, "ans": "‴", "correct": true, "latency": 0.578, "toks": 28}
{"seq": "primes", "family": "count", "a": "‴", "b": "′", "gap": 2, "truth": "‴", "mode": "think", "sample": 1, "ans": "‴", "correct": true, "latency": 0.649, "toks": 24}
{"seq": "primes", "family": "count", "a": "″", "b": "⁗", "gap": 2, "truth": "⁗", "mode": "instinct", "sample": 0, "ans": "⁗", "correct": true, "latency": 0.858, "toks": 3}
{"seq": "primes", "family": "count", "a": "″", "b": "⁗", "gap": 2, "truth": "⁗", "mode": "instinct", "sample": 1, "ans": "⁗", "correct": true, "latency": 0.342, "toks": 3}
{"seq": "primes", "family": "count", "a": "″", "b": "⁗", "gap": 2, "truth": "⁗", "mode": "think", "sample": 0, "ans": "″", "correct": false, "latency": 0.465, "toks": 12}
{"seq": "primes", "family": "count", "a": "″", "b": "⁗", "gap": 2, "truth": "⁗", "mode": "think", "sample": 1, "ans": "⁗", "correct": true, "latency": 0.449, "toks": 8}
{"seq": "primes", "family": "count", "a": "⁗", "b": "″", "gap": 2, "truth": "⁗", "mode": "instinct", "sample": 0, "ans": "⁗", "correct": true, "latency": 0.452, "toks": 3}
{"seq": "primes", "family": "count", "a": "⁗", "b": "″", "gap": 2, "truth": "⁗", "mode": "instinct", "sample": 1, "ans": "⁗", "correct": true, "latency": 0.305, "toks": 3}
{"seq": "primes", "family": "count", "a": "⁗", "b": "″", "gap": 2, "truth": "⁗", "mode": "think", "sample": 0, "ans": "″", "correct": false, "latency": 0.419, "toks": 12}
{"seq": "primes", "family": "count", "a": "⁗", "b": "″", "gap": 2, "truth": "⁗", "mode": "think", "sample": 1, "ans": "″", "correct": false, "latency": 0.485, "toks": 23}
{"seq": "integrals", "family": "count", "a": "∫", "b": "∬", "gap": 1, "truth": "∬", "mode": "instinct", "sample": 0, "ans": "∬", "correct": true, "latency": 0.403, "toks": 3}
{"seq": "integrals", "family": "count", "a": "∫", "b": "∬", "gap": 1, "truth": "∬", "mode": "instinct", "sample": 1, "ans": "∬", "correct": true, "latency": 0.309, "toks": 3}
{"seq": "integrals", "family": "count", "a": "∫", "b": "∬", "gap": 1, "truth": "∬", "mode": "think", "sample": 0, "ans": "∬", "correct": true, "latency": 0.548, "toks": 27}
{"seq": "integrals", "family": "count", "a": "∫", "b": "∬", "gap": 1, "truth": "∬", "mode": "think", "sample": 1, "ans": "∬", "correct": true, "latency": 0.5, "toks": 12}
{"seq": "integrals", "family": "count", "a": "∬", "b": "∫", "gap": 1, "truth": "∬", "mode": "instinct", "sample": 0, "ans": "∬", "correct": true, "latency": 0.447, "toks": 3}
{"seq": "integrals", "family": "count", "a": "∬", "b": "∫", "gap": 1, "truth": "∬", "mode": "instinct", "sample": 1, "ans": "∬", "correct": true, "latency": 0.347, "toks": 3}
{"seq": "integrals", "family": "count", "a": "∬", "b": "∫", "gap": 1, "truth": "∬", "mode": "think", "sample": 0, "ans": "∫", "correct": false, "latency": 0.551, "toks": 25}
{"seq": "integrals", "family": "count", "a": "∬", "b": "∫", "gap": 1, "truth": "∬", "mode": "think", "sample": 1, "ans": "∫", "correct": false, "latency": 0.757, "toks": 44}
{"seq": "integrals", "family": "count", "a": "∬", "b": "∭", "gap": 1, "truth": "∭", "mode": "instinct", "sample": 0, "ans": "∬", "correct": false, "latency": 0.402, "toks": 3}
{"seq": "integrals", "family": "count", "a": "∬", "b": "∭", "gap": 1, "truth": "∭", "mode": "instinct", "sample": 1, "ans": "∬", "correct": false, "latency": 0.34, "toks": 3}
{"seq": "integrals", "family": "count", "a": "∬", "b": "∭", "gap": 1, "truth": "∭", "mode": "think", "sample": 0, "ans": "∬", "correct": false, "latency": 0.441, "toks": 12}
{"seq": "integrals", "family": "count", "a": "∬", "b": "∭", "gap": 1, "truth": "∭", "mode": "think", "sample": 1, "ans": "∬", "correct": false, "latency": 0.493, "toks": 20}
{"seq": "integrals", "family": "count", "a": "∭", "b": "∬", "gap": 1, "truth": "∭", "mode": "instinct", "sample": 0, "ans": "∭", "correct": true, "latency": 0.393, "toks": 3}
{"seq": "integrals", "family": "count", "a": "∭", "b": "∬", "gap": 1, "truth": "∭", "mode": "instinct", "sample": 1, "ans": "∭", "correct": true, "latency": 0.319, "toks": 3}
{"seq": "integrals", "family": "count", "a": "∭", "b": "∬", "gap": 1, "truth": "∭", "mode": "think", "sample": 0, "ans": "∬", "correct": false, "latency": 0.442, "toks": 13}
{"seq": "integrals", "family": "count", "a": "∭", "b": "∬", "gap": 1, "truth": "∭", "mode": "think", "sample": 1, "ans": "∭", "correct": true, "latency": 0.517, "toks": 23}
{"seq": "integrals", "family": "count", "a": "∫", "b": "⨌", "gap": 3, "truth": "⨌", "mode": "instinct", "sample": 0, "ans": "⨌", "correct": true, "latency": 0.421, "toks": 4}
{"seq": "integrals", "family": "count", "a": "∫", "b": "⨌", "gap": 3, "truth": "⨌", "mode": "instinct", "sample": 1, "ans": "⨌", "correct": true, "latency": 0.344, "toks": 4}
{"seq": "integrals", "family": "count", "a": "∫", "b": "⨌", "gap": 3, "truth": "⨌", "mode": "think", "sample": 0, "ans": "∫", "correct": false, "latency": 0.697, "toks": 41}
{"seq": "integrals", "family": "count", "a": "∫", "b": "⨌", "gap": 3, "truth": "⨌", "mode": "think", "sample": 1, "ans": "∫", "correct": false, "latency": 0.657, "toks": 30}
{"seq": "integrals", "family": "count", "a": "⨌", "b": "∫", "gap": 3, "truth": "⨌", "mode": "instinct", "sample": 0, "ans": "⨌", "correct": true, "latency": 0.444, "toks": 4}
{"seq": "integrals", "family": "count", "a": "⨌", "b": "∫", "gap": 3, "truth": "⨌", "mode": "instinct", "sample": 1, "ans": "∫", "correct": false, "latency": 0.326, "toks": 3}
{"seq": "integrals", "family": "count", "a": "⨌", "b": "∫", "gap": 3, "truth": "⨌", "mode": "think", "sample": 0, "ans": "∫", "correct": false, "latency": 0.663, "toks": 37}
{"seq": "integrals", "family": "count", "a": "⨌", "b": "∫", "gap": 3, "truth": "⨌", "mode": "think", "sample": 1, "ans": "∫", "correct": false, "latency": 0.406, "toks": 10}
{"seq": "integrals", "family": "count", "a": "∭", "b": "⨌", "gap": 1, "truth": "⨌", "mode": "instinct", "sample": 0, "ans": "⨌", "correct": true, "latency": 0.441, "toks": 4}
{"seq": "integrals", "family": "count", "a": "∭", "b": "⨌", "gap": 1, "truth": "⨌", "mode": "instinct", "sample": 1, "ans": "⨌", "correct": true, "latency": 0.348, "toks": 4}
{"seq": "integrals", "family": "count", "a": "∭", "b": "⨌", "gap": 1, "truth": "⨌", "mode": "think", "sample": 0, "ans": "⨌", "correct": true, "latency": 0.44, "toks": 13}
{"seq": "integrals", "family": "count", "a": "∭", "b": "⨌", "gap": 1, "truth": "⨌", "mode": "think", "sample": 1, "ans": "⨌", "correct": true, "latency": 0.419, "toks": 12}
{"seq": "integrals", "family": "count", "a": "⨌", "b": "∭", "gap": 1, "truth": "⨌", "mode": "instinct", "sample": 0, "ans": "⨌", "correct": true, "latency": 0.38, "toks": 4}
{"seq": "integrals", "family": "count", "a": "⨌", "b": "∭", "gap": 1, "truth": "⨌", "mode": "instinct", "sample": 1, "ans": "⨌", "correct": true, "latency": 0.338, "toks": 4}
{"seq": "integrals", "family": "count", "a": "⨌", "b": "∭", "gap": 1, "truth": "⨌", "mode": "think", "sample": 0, "ans": "⨌", "correct": true, "latency": 0.433, "toks": 14}
{"seq": "integrals", "family": "count", "a": "⨌", "b": "∭", "gap": 1, "truth": "⨌", "mode": "think", "sample": 1, "ans": "⨌", "correct": true, "latency": 0.589, "toks": 26}
{"seq": "integrals", "family": "count", "a": "∫", "b": "∭", "gap": 2, "truth": "∭", "mode": "instinct", "sample": 0, "ans": "∫", "correct": false, "latency": 0.467, "toks": 3}
{"seq": "integrals", "family": "count", "a": "∫", "b": "∭", "gap": 2, "truth": "∭", "mode": "instinct", "sample": 1, "ans": "∫", "correct": false, "latency": 0.32, "toks": 3}
{"seq": "integrals", "family": "count", "a": "∫", "b": "∭", "gap": 2, "truth": "∭", "mode": "think", "sample": 0, "ans": "∫", "correct": false, "latency": 0.578, "toks": 31}
{"seq": "integrals", "family": "count", "a": "∫", "b": "∭", "gap": 2, "truth": "∭", "mode": "think", "sample": 1, "ans": "∫", "correct": false, "latency": 0.604, "toks": 25}
{"seq": "integrals", "family": "count", "a": "∭", "b": "∫", "gap": 2, "truth": "∭", "mode": "instinct", "sample": 0, "ans": "∫", "correct": false, "latency": 0.416, "toks": 3}
{"seq": "integrals", "family": "count", "a": "∭", "b": "∫", "gap": 2, "truth": "∭", "mode": "instinct", "sample": 1, "ans": "∫", "correct": false, "latency": 0.321, "toks": 3}
{"seq": "integrals", "family": "count", "a": "∭", "b": "∫", "gap": 2, "truth": "∭", "mode": "think", "sample": 0, "ans": "∫", "correct": false, "latency": 0.64, "toks": 36}
{"seq": "integrals", "family": "count", "a": "∭", "b": "∫", "gap": 2, "truth": "∭", "mode": "think", "sample": 1, "ans": "∫", "correct": false, "latency": 0.662, "toks": 36}
{"seq": "integrals", "family": "count", "a": "∬", "b": "⨌", "gap": 2, "truth": "⨌", "mode": "instinct", "sample": 0, "ans": "⨌", "correct": true, "latency": 0.467, "toks": 4}
{"seq": "integrals", "family": "count", "a": "∬", "b": "⨌", "gap": 2, "truth": "⨌", "mode": "instinct", "sample": 1, "ans": "⨌", "correct": true, "latency": 0.339, "toks": 4}
{"seq": "integrals", "family": "count", "a": "∬", "b": "⨌", "gap": 2, "truth": "⨌", "mode": "think", "sample": 0, "ans": "∬", "correct": false, "latency": 0.435, "toks": 12}
{"seq": "integrals", "family": "count", "a": "∬", "b": "⨌", "gap": 2, "truth": "⨌", "mode": "think", "sample": 1, "ans": "∬", "correct": false, "latency": 0.694, "toks": 40}
{"seq": "integrals", "family": "count", "a": "⨌", "b": "∬", "gap": 2, "truth": "⨌", "mode": "instinct", "sample": 0, "ans": "⨌", "correct": true, "latency": 0.405, "toks": 4}
{"seq": "integrals", "family": "count", "a": "⨌", "b": "∬", "gap": 2, "truth": "⨌", "mode": "instinct", "sample": 1, "ans": "⨌", "correct": true, "latency": 0.34, "toks": 4}
{"seq": "integrals", "family": "count", "a": "⨌", "b": "∬", "gap": 2, "truth": "⨌", "mode": "think", "sample": 0, "ans": "∬", "correct": false, "latency": 0.442, "toks": 12}
{"seq": "integrals", "family": "count", "a": "⨌", "b": "∬", "gap": 2, "truth": "⨌", "mode": "think", "sample": 1, "ans": "∬", "correct": false, "latency": 0.527, "toks": 25}
{"seq": "braille", "family": "count", "a": "⣀", "b": "⣤", "gap": 1, "truth": "⣤", "mode": "instinct", "sample": 0, "ans": "⣤", "correct": true, "latency": 0.395, "toks": 4}
{"seq": "braille", "family": "count", "a": "⣀", "b": "⣤", "gap": 1, "truth": "⣤", "mode": "instinct", "sample": 1, "ans": "⣤", "correct": true, "latency": 0.327, "toks": 4}
{"seq": "braille", "family": "count", "a": "⣀", "b": "⣤", "gap": 1, "truth": "⣤", "mode": "think", "sample": 0, "ans": "⣤", "correct": true, "latency": 0.446, "toks": 14}
{"seq": "braille", "family": "count", "a": "⣀", "b": "⣤", "gap": 1, "truth": "⣤", "mode": "think", "sample": 1, "ans": null, "correct": false, "latency": 0.547, "toks": 26}
{"seq": "braille", "family": "count", "a": "⣤", "b": "⣀", "gap": 1, "truth": "⣤", "mode": "instinct", "sample": 0, "ans": "⣤", "correct": true, "latency": 0.431, "toks": 4}
{"seq": "braille", "family": "count", "a": "⣤", "b": "⣀", "gap": 1, "truth": "⣤", "mode": "instinct", "sample": 1, "ans": "⣀", "correct": false, "latency": 0.343, "toks": 4}
{"seq": "braille", "family": "count", "a": "⣤", "b": "⣀", "gap": 1, "truth": "⣤", "mode": "think", "sample": 0, "ans": "⣤", "correct": true, "latency": 0.453, "toks": 14}
{"seq": "braille", "family": "count", "a": "⣤", "b": "⣀", "gap": 1, "truth": "⣤", "mode": "think", "sample": 1, "ans": null, "correct": false, "latency": 0.449, "toks": 16}
{"seq": "braille", "family": "count", "a": "⣤", "b": "⣶", "gap": 1, "truth": "⣶", "mode": "instinct", "sample": 0, "ans": "⣶", "correct": true, "latency": 0.419, "toks": 4}
{"seq": "braille", "family": "count", "a": "⣤", "b": "⣶", "gap": 1, "truth": "⣶", "mode": "instinct", "sample": 1, "ans": "⣶", "correct": true, "latency": 0.344, "toks": 4}
{"seq": "braille", "family": "count", "a": "⣤", "b": "⣶", "gap": 1, "truth": "⣶", "mode": "think", "sample": 0, "ans": "⣶", "correct": true, "latency": 0.468, "toks": 14}
{"seq": "braille", "family": "count", "a": "⣤", "b": "⣶", "gap": 1, "truth": "⣶", "mode": "think", "sample": 1, "ans": "⣶", "correct": true, "latency": 0.456, "toks": 14}
{"seq": "braille", "family": "count", "a": "⣶", "b": "⣤", "gap": 1, "truth": "⣶", "mode": "instinct", "sample": 0, "ans": "⣤", "correct": false, "latency": 0.45, "toks": 4}
{"seq": "braille", "family": "count", "a": "⣶", "b": "⣤", "gap": 1, "truth": "⣶", "mode": "instinct", "sample": 1, "ans": "⣤", "correct": false, "latency": 0.353, "toks": 4}
{"seq": "braille", "family": "count", "a": "⣶", "b": "⣤", "gap": 1, "truth": "⣶", "mode": "think", "sample": 0, "ans": "⣤", "correct": false, "latency": 0.455, "toks": 14}
{"seq": "braille", "family": "count", "a": "⣶", "b": "⣤", "gap": 1, "truth": "⣶", "mode": "think", "sample": 1, "ans": null, "correct": false, "latency": 0.442, "toks": 13}
{"seq": "braille", "family": "count", "a": "⣀", "b": "⣿", "gap": 3, "truth": "⣿", "mode": "instinct", "sample": 0, "ans": "⣿", "correct": true, "latency": 0.45, "toks": 4}
{"seq": "braille", "family": "count", "a": "⣀", "b": "⣿", "gap": 3, "truth": "⣿", "mode": "instinct", "sample": 1, "ans": "⣿", "correct": true, "latency": 0.352, "toks": 4}
{"seq": "braille", "family": "count", "a": "⣀", "b": "⣿", "gap": 3, "truth": "⣿", "mode": "think", "sample": 0, "ans": "⣿", "correct": true, "latency": 0.444, "toks": 14}
{"seq": "braille", "family": "count", "a": "⣀", "b": "⣿", "gap": 3, "truth": "⣿", "mode": "think", "sample": 1, "ans": "⣿", "correct": true, "latency": 0.719, "toks": 43}
{"seq": "braille", "family": "count", "a": "⣿", "b": "⣀", "gap": 3, "truth": "⣿", "mode": "instinct", "sample": 0, "ans": "⣿", "correct": true, "latency": 0.492, "toks": 4}
{"seq": "braille", "family": "count", "a": "⣿", "b": "⣀", "gap": 3, "truth": "⣿", "mode": "instinct", "sample": 1, "ans": "⣿", "correct": true, "latency": 0.35, "toks": 4}
{"seq": "braille", "family": "count", "a": "⣿", "b": "⣀", "gap": 3, "truth": "⣿", "mode": "think", "sample": 0, "ans": "⣿", "correct": true, "latency": 0.454, "toks": 14}
{"seq": "braille", "family": "count", "a": "⣿", "b": "⣀", "gap": 3, "truth": "⣿", "mode": "think", "sample": 1, "ans": "⣿", "correct": true, "latency": 0.631, "toks": 27}
{"seq": "braille", "family": "count", "a": "⣶", "b": "⣿", "gap": 1, "truth": "⣿", "mode": "instinct", "sample": 0, "ans": "⣿", "correct": true, "latency": 0.431, "toks": 4}
{"seq": "braille", "family": "count", "a": "⣶", "b": "⣿", "gap": 1, "truth": "⣿", "mode": "instinct", "sample": 1, "ans": "⣿", "correct": true, "latency": 0.35, "toks": 4}
{"seq": "braille", "family": "count", "a": "⣶", "b": "⣿", "gap": 1, "truth": "⣿", "mode": "think", "sample": 0, "ans": "⣿", "correct": true, "latency": 0.45, "toks": 14}
{"seq": "braille", "family": "count", "a": "⣶", "b": "⣿", "gap": 1, "truth": "⣿", "mode": "think", "sample": 1, "ans": "⣿", "correct": true, "latency": 0.731, "toks": 42}
{"seq": "braille", "family": "count", "a": "⣿", "b": "⣶", "gap": 1, "truth": "⣿", "mode": "instinct", "sample": 0, "ans": "⣶", "correct": false, "latency": 0.461, "toks": 4}
{"seq": "braille", "family": "count", "a": "⣿", "b": "⣶", "gap": 1, "truth": "⣿", "mode": "instinct", "sample": 1, "ans": "⣶", "correct": false, "latency": 0.342, "toks": 4}
{"seq": "braille", "family": "count", "a": "⣿", "b": "⣶", "gap": 1, "truth": "⣿", "mode": "think", "sample": 0, "ans": "⣶", "correct": false, "latency": 0.457, "toks": 14}
{"seq": "braille", "family": "count", "a": "⣿", "b": "⣶", "gap": 1, "truth": "⣿", "mode": "think", "sample": 1, "ans": "⣶", "correct": false, "latency": 0.46, "toks": 16}
{"seq": "braille", "family": "count", "a": "⣀", "b": "⣶", "gap": 2, "truth": "⣶", "mode": "instinct", "sample": 0, "ans": "⣶", "correct": true, "latency": 0.505, "toks": 4}
{"seq": "braille", "family": "count", "a": "⣀", "b": "⣶", "gap": 2, "truth": "⣶", "mode": "instinct", "sample": 1, "ans": "⣶", "correct": true, "latency": 0.357, "toks": 4}
{"seq": "braille", "family": "count", "a": "⣀", "b": "⣶", "gap": 2, "truth": "⣶", "mode": "think", "sample": 0, "ans": "⣶", "correct": true, "latency": 0.432, "toks": 14}
{"seq": "braille", "family": "count", "a": "⣀", "b": "⣶", "gap": 2, "truth": "⣶", "mode": "think", "sample": 1, "ans": "⣶", "correct": true, "latency": 0.799, "toks": 33}
{"seq": "braille", "family": "count", "a": "⣶", "b": "⣀", "gap": 2, "truth": "⣶", "mode": "instinct", "sample": 0, "ans": "⣶", "correct": true, "latency": 0.469, "toks": 4}
{"seq": "braille", "family": "count", "a": "⣶", "b": "⣀", "gap": 2, "truth": "⣶", "mode": "instinct", "sample": 1, "ans": "⣶", "correct": true, "latency": 0.35, "toks": 4}
{"seq": "braille", "family": "count", "a": "⣶", "b": "⣀", "gap": 2, "truth": "⣶", "mode": "think", "sample": 0, "ans": "⣶", "correct": true, "latency": 0.44, "toks": 14}
{"seq": "braille", "family": "count", "a": "⣶", "b": "⣀", "gap": 2, "truth": "⣶", "mode": "think", "sample": 1, "ans": "⣶", "correct": true, "latency": 0.475, "toks": 16}
{"seq": "braille", "family": "count", "a": "⣤", "b": "⣿", "gap": 2, "truth": "⣿", "mode": "instinct", "sample": 0, "ans": "⣿", "correct": true, "latency": 0.531, "toks": 4}
{"seq": "braille", "family": "count", "a": "⣤", "b": "⣿", "gap": 2, "truth": "⣿", "mode": "instinct", "sample": 1, "ans": "⣿", "correct": true, "latency": 0.347, "toks": 4}
{"seq": "braille", "family": "count", "a": "⣤", "b": "⣿", "gap": 2, "truth": "⣿", "mode": "think", "sample": 0, "ans": "⣿", "correct": true, "latency": 0.435, "toks": 14}
{"seq": "braille", "family": "count", "a": "⣤", "b": "⣿", "gap": 2, "truth": "⣿", "mode": "think", "sample": 1, "ans": "⣿", "correct": true, "latency": 0.518, "toks": 23}
{"seq": "braille", "family": "count", "a": "⣿", "b": "⣤", "gap": 2, "truth": "⣿", "mode": "instinct", "sample": 0, "ans": "⣿", "correct": true, "latency": 0.418, "toks": 4}
{"seq": "braille", "family": "count", "a": "⣿", "b": "⣤", "gap": 2, "truth": "⣿", "mode": "instinct", "sample": 1, "ans": "⣿", "correct": true, "latency": 0.346, "toks": 4}
{"seq": "braille", "family": "count", "a": "⣿", "b": "⣤", "gap": 2, "truth": "⣿", "mode": "think", "sample": 0, "ans": "⣿", "correct": true, "latency": 0.456, "toks": 14}
{"seq": "braille", "family": "count", "a": "⣿", "b": "⣤", "gap": 2, "truth": "⣿", "mode": "think", "sample": 1, "ans": null, "correct": false, "latency": 0.712, "toks": 39}
{"seq": "volume", "family": "count", "a": "🔇", "b": "🔈", "gap": 1, "truth": "🔈", "mode": "instinct", "sample": 0, "ans": "🔈", "correct": true, "latency": 0.429, "toks": 4}
{"seq": "volume", "family": "count", "a": "🔇", "b": "🔈", "gap": 1, "truth": "🔈", "mode": "instinct", "sample": 1, "ans": "🔈", "correct": true, "latency": 0.334, "toks": 4}
{"seq": "volume", "family": "count", "a": "🔇", "b": "🔈", "gap": 1, "truth": "🔈", "mode": "think", "sample": 0, "ans": "🔈", "correct": true, "latency": 0.441, "toks": 12}
{"seq": "volume", "family": "count", "a": "🔇", "b": "🔈", "gap": 1, "truth": "🔈", "mode": "think", "sample": 1, "ans": "🔈", "correct": true, "latency": 0.479, "toks": 16}
{"seq": "volume", "family": "count", "a": "🔈", "b": "🔇", "gap": 1, "truth": "🔈", "mode": "instinct", "sample": 0, "ans": "🔈", "correct": true, "latency": 0.434, "toks": 4}
{"seq": "volume", "family": "count", "a": "🔈", "b": "🔇", "gap": 1, "truth": "🔈", "mode": "instinct", "sample": 1, "ans": "🔇", "correct": false, "latency": 0.349, "toks": 4}
{"seq": "volume", "family": "count", "a": "🔈", "b": "🔇", "gap": 1, "truth": "🔈", "mode": "think", "sample": 0, "ans": "🔈", "correct": true, "latency": 0.411, "toks": 12}
{"seq": "volume", "family": "count", "a": "🔈", "b": "🔇", "gap": 1, "truth": "🔈", "mode": "think", "sample": 1, "ans": "🔈", "correct": true, "latency": 0.517, "toks": 20}
{"seq": "volume", "family": "count", "a": "🔈", "b": "🔉", "gap": 1, "truth": "🔉", "mode": "instinct", "sample": 0, "ans": "🔈", "correct": false, "latency": 0.515, "toks": 4}
{"seq": "volume", "family": "count", "a": "🔈", "b": "🔉", "gap": 1, "truth": "🔉", "mode": "instinct", "sample": 1, "ans": "🔈", "correct": false, "latency": 0.336, "toks": 4}
{"seq": "volume", "family": "count", "a": "🔈", "b": "🔉", "gap": 1, "truth": "🔉", "mode": "think", "sample": 0, "ans": "🔈", "correct": false, "latency": 0.423, "toks": 12}
{"seq": "volume", "family": "count", "a": "🔈", "b": "🔉", "gap": 1, "truth": "🔉", "mode": "think", "sample": 1, "ans": "🔈", "correct": false, "latency": 0.533, "toks": 13}
{"seq": "volume", "family": "count", "a": "🔉", "b": "🔈", "gap": 1, "truth": "🔉", "mode": "instinct", "sample": 0, "ans": "🔈", "correct": false, "latency": 0.519, "toks": 4}
{"seq": "volume", "family": "count", "a": "🔉", "b": "🔈", "gap": 1, "truth": "🔉", "mode": "instinct", "sample": 1, "ans": "🔈", "correct": false, "latency": 0.351, "toks": 4}
{"seq": "volume", "family": "count", "a": "🔉", "b": "🔈", "gap": 1, "truth": "🔉", "mode": "think", "sample": 0, "ans": "🔈", "correct": false, "latency": 0.418, "toks": 12}
{"seq": "volume", "family": "count", "a": "🔉", "b": "🔈", "gap": 1, "truth": "🔉", "mode": "think", "sample": 1, "ans": null, "correct": false, "latency": 0.455, "toks": 13}
{"seq": "volume", "family": "count", "a": "🔇", "b": "🔊", "gap": 3, "truth": "🔊", "mode": "instinct", "sample": 0, "ans": "🔊", "correct": true, "latency": 0.504, "toks": 4}
{"seq": "volume", "family": "count", "a": "🔇", "b": "🔊", "gap": 3, "truth": "🔊", "mode": "instinct", "sample": 1, "ans": "🔊", "correct": true, "latency": 0.356, "toks": 4}
{"seq": "volume", "family": "count", "a": "🔇", "b": "🔊", "gap": 3, "truth": "🔊", "mode": "think", "sample": 0, "ans": "🔊", "correct": true, "latency": 0.51, "toks": 23}
{"seq": "volume", "family": "count", "a": "🔇", "b": "🔊", "gap": 3, "truth": "🔊", "mode": "think", "sample": 1, "ans": "🔊", "correct": true, "latency": 0.617, "toks": 25}
{"seq": "volume", "family": "count", "a": "🔊", "b": "🔇", "gap": 3, "truth": "🔊", "mode": "instinct", "sample": 0, "ans": "🔊", "correct": true, "latency": 0.44, "toks": 4}
{"seq": "volume", "family": "count", "a": "🔊", "b": "🔇", "gap": 3, "truth": "🔊", "mode": "instinct", "sample": 1, "ans": "🔊", "correct": true, "latency": 0.351, "toks": 4}
{"seq": "volume", "family": "count", "a": "🔊", "b": "🔇", "gap": 3, "truth": "🔊", "mode": "think", "sample": 0, "ans": "🔊", "correct": true, "latency": 0.446, "toks": 15}
{"seq": "volume", "family": "count", "a": "🔊", "b": "🔇", "gap": 3, "truth": "🔊", "mode": "think", "sample": 1, "ans": "🔊", "correct": true, "latency": 0.525, "toks": 20}
{"seq": "volume", "family": "count", "a": "🔉", "b": "🔊", "gap": 1, "truth": "🔊", "mode": "instinct", "sample": 0, "ans": "🔊", "correct": true, "latency": 0.443, "toks": 4}
{"seq": "volume", "family": "count", "a": "🔉", "b": "🔊", "gap": 1, "truth": "🔊", "mode": "instinct", "sample": 1, "ans": "🔊", "correct": true, "latency": 0.345, "toks": 4}
{"seq": "volume", "family": "count", "a": "🔉", "b": "🔊", "gap": 1, "truth": "🔊", "mode": "think", "sample": 0, "ans": "🔊", "correct": true, "latency": 0.517, "toks": 23}
{"seq": "volume", "family": "count", "a": "🔉", "b": "🔊", "gap": 1, "truth": "🔊", "mode": "think", "sample": 1, "ans": "🔊", "correct": true, "latency": 0.49, "toks": 21}
{"seq": "volume", "family": "count", "a": "🔊", "b": "🔉", "gap": 1, "truth": "🔊", "mode": "instinct", "sample": 0, "ans": "🔊", "correct": true, "latency": 0.427, "toks": 4}
{"seq": "volume", "family": "count", "a": "🔊", "b": "🔉", "gap": 1, "truth": "🔊", "mode": "instinct", "sample": 1, "ans": "🔊", "correct": true, "latency": 0.333, "toks": 4}
{"seq": "volume", "family": "count", "a": "🔊", "b": "🔉", "gap": 1, "truth": "🔊", "mode": "think", "sample": 0, "ans": "🔊", "correct": true, "latency": 0.523, "toks": 25}
{"seq": "volume", "family": "count", "a": "🔊", "b": "🔉", "gap": 1, "truth": "🔊", "mode": "think", "sample": 1, "ans": "🔊", "correct": true, "latency": 0.523, "toks": 25}
{"seq": "volume", "family": "count", "a": "🔇", "b": "🔉", "gap": 2, "truth": "🔉", "mode": "instinct", "sample": 0, "ans": "🔉", "correct": true, "latency": 0.408, "toks": 4}
{"seq": "volume", "family": "count", "a": "🔇", "b": "🔉", "gap": 2, "truth": "🔉", "mode": "instinct", "sample": 1, "ans": "🔉", "correct": true, "latency": 0.353, "toks": 4}
{"seq": "volume", "family": "count", "a": "🔇", "b": "🔉", "gap": 2, "truth": "🔉", "mode": "think", "sample": 0, "ans": "🔉", "correct": true, "latency": 0.456, "toks": 15}
{"seq": "volume", "family": "count", "a": "🔇", "b": "🔉", "gap": 2, "truth": "🔉", "mode": "think", "sample": 1, "ans": "🔉", "correct": true, "latency": 0.414, "toks": 13}
{"seq": "volume", "family": "count", "a": "🔉", "b": "🔇", "gap": 2, "truth": "🔉", "mode": "instinct", "sample": 0, "ans": "🔇", "correct": false, "latency": 0.393, "toks": 4}
{"seq": "volume", "family": "count", "a": "🔉", "b": "🔇", "gap": 2, "truth": "🔉", "mode": "instinct", "sample": 1, "ans": "🔉", "correct": true, "latency": 0.32, "toks": 4}
{"seq": "volume", "family": "count", "a": "🔉", "b": "🔇", "gap": 2, "truth": "🔉", "mode": "think", "sample": 0, "ans": "🔉", "correct": true, "latency": 0.49, "toks": 23}
{"seq": "volume", "family": "count", "a": "🔉", "b": "🔇", "gap": 2, "truth": "🔉", "mode": "think", "sample": 1, "ans": null, "correct": false, "latency": 0.741, "toks": 24}
{"seq": "volume", "family": "count", "a": "🔈", "b": "🔊", "gap": 2, "truth": "🔊", "mode": "instinct", "sample": 0, "ans": "🔊", "correct": true, "latency": 0.407, "toks": 4}
{"seq": "volume", "family": "count", "a": "🔈", "b": "🔊", "gap": 2, "truth": "🔊", "mode": "instinct", "sample": 1, "ans": "🔊", "correct": true, "latency": 0.341, "toks": 4}
{"seq": "volume", "family": "count", "a": "🔈", "b": "🔊", "gap": 2, "truth": "🔊", "mode": "think", "sample": 0, "ans": "🔊", "correct": true, "latency": 0.555, "toks": 28}
{"seq": "volume", "family": "count", "a": "🔈", "b": "🔊", "gap": 2, "truth": "🔊", "mode": "think", "sample": 1, "ans": "🔊", "correct": true, "latency": 0.593, "toks": 23}
{"seq": "volume", "family": "count", "a": "🔊", "b": "🔈", "gap": 2, "truth": "🔊", "mode": "instinct", "sample": 0, "ans": "🔊", "correct": true, "latency": 0.433, "toks": 4}
{"seq": "volume", "family": "count", "a": "🔊", "b": "🔈", "gap": 2, "truth": "🔊", "mode": "instinct", "sample": 1, "ans": "🔊", "correct": true, "latency": 0.365, "toks": 4}
{"seq": "volume", "family": "count", "a": "🔊", "b": "🔈", "gap": 2, "truth": "🔊", "mode": "think", "sample": 0, "ans": "🔊", "correct": true, "latency": 0.546, "toks": 25}
{"seq": "volume", "family": "count", "a": "🔊", "b": "🔈", "gap": 2, "truth": "🔊", "mode": "think", "sample": 1, "ans": "🔊", "correct": true, "latency": 0.492, "toks": 13}
{"seq": "ogham", "family": "count", "a": "ᚁ", "b": "ᚂ", "gap": 1, "truth": "ᚂ", "mode": "instinct", "sample": 0, "ans": "ᚂ", "correct": true, "latency": 0.441, "toks": 4}
{"seq": "ogham", "family": "count", "a": "ᚁ", "b": "ᚂ", "gap": 1, "truth": "ᚂ", "mode": "instinct", "sample": 1, "ans": "ᚂ", "correct": true, "latency": 0.353, "toks": 4}
{"seq": "ogham", "family": "count", "a": "ᚁ", "b": "ᚂ", "gap": 1, "truth": "ᚂ", "mode": "think", "sample": 0, "ans": "ᚂ", "correct": true, "latency": 0.433, "toks": 14}
{"seq": "ogham", "family": "count", "a": "ᚁ", "b": "ᚂ", "gap": 1, "truth": "ᚂ", "mode": "think", "sample": 1, "ans": "ᚂ", "correct": true, "latency": 0.344, "toks": 6}
{"seq": "ogham", "family": "count", "a": "ᚂ", "b": "ᚁ", "gap": 1, "truth": "ᚂ", "mode": "instinct", "sample": 0, "ans": "ᚁ", "correct": false, "latency": 0.398, "toks": 4}
{"seq": "ogham", "family": "count", "a": "ᚂ", "b": "ᚁ", "gap": 1, "truth": "ᚂ", "mode": "instinct", "sample": 1, "ans": "ᚁ", "correct": false, "latency": 0.341, "toks": 4}
{"seq": "ogham", "family": "count", "a": "ᚂ", "b": "ᚁ", "gap": 1, "truth": "ᚂ", "mode": "think", "sample": 0, "ans": "ᚁ", "correct": false, "latency": 0.438, "toks": 14}
{"seq": "ogham", "family": "count", "a": "ᚂ", "b": "ᚁ", "gap": 1, "truth": "ᚂ", "mode": "think", "sample": 1, "ans": "ᚁ", "correct": false, "latency": 0.42, "toks": 14}
{"seq": "ogham", "family": "count", "a": "ᚁ", "b": "ᚅ", "gap": 4, "truth": "ᚅ", "mode": "instinct", "sample": 0, "ans": "ᚅ", "correct": true, "latency": 0.431, "toks": 4}
{"seq": "ogham", "family": "count", "a": "ᚁ", "b": "ᚅ", "gap": 4, "truth": "ᚅ", "mode": "instinct", "sample": 1, "ans": "ᚅ", "correct": true, "latency": 0.351, "toks": 4}
{"seq": "ogham", "family": "count", "a": "ᚁ", "b": "ᚅ", "gap": 4, "truth": "ᚅ", "mode": "think", "sample": 0, "ans": "ᚅ", "correct": true, "latency": 0.448, "toks": 15}
{"seq": "ogham", "family": "count", "a": "ᚁ", "b": "ᚅ", "gap": 4, "truth": "ᚅ", "mode": "think", "sample": 1, "ans": "ᚅ", "correct": true, "latency": 0.5, "toks": 24}
{"seq": "ogham", "family": "count", "a": "ᚅ", "b": "ᚁ", "gap": 4, "truth": "ᚅ", "mode": "instinct", "sample": 0, "ans": "ᚁ", "correct": false, "latency": 0.418, "toks": 4}
{"seq": "ogham", "family": "count", "a": "ᚅ", "b": "ᚁ", "gap": 4, "truth": "ᚅ", "mode": "instinct", "sample": 1, "ans": "ᚁ", "correct": false, "latency": 0.333, "toks": 4}
{"seq": "ogham", "family": "count", "a": "ᚅ", "b": "ᚁ", "gap": 4, "truth": "ᚅ", "mode": "think", "sample": 0, "ans": "ᚁ", "correct": false, "latency": 0.438, "toks": 14}
{"seq": "ogham", "family": "count", "a": "ᚅ", "b": "ᚁ", "gap": 4, "truth": "ᚅ", "mode": "think", "sample": 1, "ans": "ᚁ", "correct": false, "latency": 0.456, "toks": 15}
{"seq": "ogham", "family": "count", "a": "ᚄ", "b": "ᚅ", "gap": 1, "truth": "ᚅ", "mode": "instinct", "sample": 0, "ans": "ᚅ", "correct": true, "latency": 0.399, "toks": 4}
{"seq": "ogham", "family": "count", "a": "ᚄ", "b": "ᚅ", "gap": 1, "truth": "ᚅ", "mode": "instinct", "sample": 1, "ans": "ᚅ", "correct": true, "latency": 0.34, "toks": 4}
{"seq": "ogham", "family": "count", "a": "ᚄ", "b": "ᚅ", "gap": 1, "truth": "ᚅ", "mode": "think", "sample": 0, "ans": "ᚅ", "correct": true, "latency": 0.455, "toks": 15}
{"seq": "ogham", "family": "count", "a": "ᚄ", "b": "ᚅ", "gap": 1, "truth": "ᚅ", "mode": "think", "sample": 1, "ans": "ᚅ", "correct": true, "latency": 0.659, "toks": 43}
{"seq": "ogham", "family": "count", "a": "ᚅ", "b": "ᚄ", "gap": 1, "truth": "ᚅ", "mode": "instinct", "sample": 0, "ans": "ᚄ", "correct": false, "latency": 0.51, "toks": 4}
{"seq": "ogham", "family": "count", "a": "ᚅ", "b": "ᚄ", "gap": 1, "truth": "ᚅ", "mode": "instinct", "sample": 1, "ans": "ᚄ", "correct": false, "latency": 0.342, "toks": 4}
{"seq": "ogham", "family": "count", "a": "ᚅ", "b": "ᚄ", "gap": 1, "truth": "ᚅ", "mode": "think", "sample": 0, "ans": "ᚄ", "correct": false, "latency": 0.439, "toks": 14}
{"seq": "ogham", "family": "count", "a": "ᚅ", "b": "ᚄ", "gap": 1, "truth": "ᚅ", "mode": "think", "sample": 1, "ans": "ᚄ", "correct": false, "latency": 0.428, "toks": 14}
{"seq": "ogham", "family": "count", "a": "ᚂ", "b": "ᚅ", "gap": 3, "truth": "ᚅ", "mode": "instinct", "sample": 0, "ans": "ᚅ", "correct": true, "latency": 0.437, "toks": 4}
{"seq": "ogham", "family": "count", "a": "ᚂ", "b": "ᚅ", "gap": 3, "truth": "ᚅ", "mode": "instinct", "sample": 1, "ans": "ᚅ", "correct": true, "latency": 0.347, "toks": 4}
{"seq": "ogham", "family": "count", "a": "ᚂ", "b": "ᚅ", "gap": 3, "truth": "ᚅ", "mode": "think", "sample": 0, "ans": "ᚅ", "correct": true, "latency": 0.432, "toks": 14}
{"seq": "ogham", "family": "count", "a": "ᚂ", "b": "ᚅ", "gap": 3, "truth": "ᚅ", "mode": "think", "sample": 1, "ans": "ᚅ", "correct": true, "latency": 0.81, "toks": 45}
{"seq": "ogham", "family": "count", "a": "ᚅ", "b": "ᚂ", "gap": 3, "truth": "ᚅ", "mode": "instinct", "sample": 0, "ans": "ᚅ", "correct": true, "latency": 0.454, "toks": 4}
{"seq": "ogham", "family": "count", "a": "ᚅ", "b": "ᚂ", "gap": 3, "truth": "ᚅ", "mode": "instinct", "sample": 1, "ans": "ᚂ", "correct": false, "latency": 0.334, "toks": 4}
{"seq": "ogham", "family": "count", "a": "ᚅ", "b": "ᚂ", "gap": 3, "truth": "ᚅ", "mode": "think", "sample": 0, "ans": "ᚅ", "correct": true, "latency": 0.439, "toks": 14}
{"seq": "ogham", "family": "count", "a": "ᚅ", "b": "ᚂ", "gap": 3, "truth": "ᚅ", "mode": "think", "sample": 1, "ans": "ᚅ", "correct": true, "latency": 0.521, "toks": 24}
{"seq": "ogham", "family": "count", "a": "ᚁ", "b": "ᚃ", "gap": 2, "truth": "ᚃ", "mode": "instinct", "sample": 0, "ans": "ᚃ", "correct": true, "latency": 0.43, "toks": 4}
{"seq": "ogham", "family": "count", "a": "ᚁ", "b": "ᚃ", "gap": 2, "truth": "ᚃ", "mode": "instinct", "sample": 1, "ans": "ᚃ", "correct": true, "latency": 0.344, "toks": 4}
{"seq": "ogham", "family": "count", "a": "ᚁ", "b": "ᚃ", "gap": 2, "truth": "ᚃ", "mode": "think", "sample": 0, "ans": "ᚃ", "correct": true, "latency": 0.447, "toks": 14}
{"seq": "ogham", "family": "count", "a": "ᚁ", "b": "ᚃ", "gap": 2, "truth": "ᚃ", "mode": "think", "sample": 1, "ans": "ᚃ", "correct": true, "latency": 0.531, "toks": 27}
{"seq": "ogham", "family": "count", "a": "ᚃ", "b": "ᚁ", "gap": 2, "truth": "ᚃ", "mode": "instinct", "sample": 0, "ans": "ᚁ", "correct": false, "latency": 0.395, "toks": 4}
{"seq": "ogham", "family": "count", "a": "ᚃ", "b": "ᚁ", "gap": 2, "truth": "ᚃ", "mode": "instinct", "sample": 1, "ans": "ᚁ", "correct": false, "latency": 0.335, "toks": 4}
{"seq": "ogham", "family": "count", "a": "ᚃ", "b": "ᚁ", "gap": 2, "truth": "ᚃ", "mode": "think", "sample": 0, "ans": "ᚁ", "correct": false, "latency": 0.45, "toks": 14}
{"seq": "ogham", "family": "count", "a": "ᚃ", "b": "ᚁ", "gap": 2, "truth": "ᚃ", "mode": "think", "sample": 1, "ans": "ᚁ", "correct": false, "latency": 0.4, "toks": 10}
{"seq": "ogham", "family": "count", "a": "ᚂ", "b": "ᚄ", "gap": 2, "truth": "ᚄ", "mode": "instinct", "sample": 0, "ans": "ᚄ", "correct": true, "latency": 0.549, "toks": 4}
{"seq": "ogham", "family": "count", "a": "ᚂ", "b": "ᚄ", "gap": 2, "truth": "ᚄ", "mode": "instinct", "sample": 1, "ans": "ᚄ", "correct": true, "latency": 0.358, "toks": 4}
{"seq": "ogham", "family": "count", "a": "ᚂ", "b": "ᚄ", "gap": 2, "truth": "ᚄ", "mode": "think", "sample": 0, "ans": "ᚄ", "correct": true, "latency": 0.437, "toks": 14}
{"seq": "ogham", "family": "count", "a": "ᚂ", "b": "ᚄ", "gap": 2, "truth": "ᚄ", "mode": "think", "sample": 1, "ans": "ᚄ", "correct": true, "latency": 0.426, "toks": 10}
{"seq": "ogham", "family": "count", "a": "ᚄ", "b": "ᚂ", "gap": 2, "truth": "ᚄ", "mode": "instinct", "sample": 0, "ans": "ᚄ", "correct": true, "latency": 0.466, "toks": 4}
{"seq": "ogham", "family": "count", "a": "ᚄ", "b": "ᚂ", "gap": 2, "truth": "ᚄ", "mode": "instinct", "sample": 1, "ans": "ᚄ", "correct": true, "latency": 0.324, "toks": 4}
{"seq": "ogham", "family": "count", "a": "ᚄ", "b": "ᚂ", "gap": 2, "truth": "ᚄ", "mode": "think", "sample": 0, "ans": "ᚂ", "correct": false, "latency": 0.436, "toks": 14}
{"seq": "ogham", "family": "count", "a": "ᚄ", "b": "ᚂ", "gap": 2, "truth": "ᚄ", "mode": "think", "sample": 1, "ans": "ᚄ", "correct": true, "latency": 0.387, "toks": 10}
{"seq": "rod-numerals", "family": "count", "a": "𝍢", "b": "𝍤", "gap": 2, "truth": "𝍤", "mode": "instinct", "sample": 0, "ans": "𝍢", "correct": false, "latency": 0.406, "toks": 4}
{"seq": "rod-numerals", "family": "count", "a": "𝍢", "b": "𝍤", "gap": 2, "truth": "𝍤", "mode": "instinct", "sample": 1, "ans": "𝍢", "correct": false, "latency": 0.343, "toks": 4}
{"seq": "rod-numerals", "family": "count", "a": "𝍢", "b": "𝍤", "gap": 2, "truth": "𝍤", "mode": "think", "sample": 0, "ans": "𝍢", "correct": false, "latency": 0.453, "toks": 17}
{"seq": "rod-numerals", "family": "count", "a": "𝍢", "b": "𝍤", "gap": 2, "truth": "𝍤", "mode": "think", "sample": 1, "ans": null, "correct": false, "latency": 0.948, "toks": 62}
{"seq": "rod-numerals", "family": "count", "a": "𝍤", "b": "𝍢", "gap": 2, "truth": "𝍤", "mode": "instinct", "sample": 0, "ans": "𝍢", "correct": false, "latency": 0.454, "toks": 4}
{"seq": "rod-numerals", "family": "count", "a": "𝍤", "b": "𝍢", "gap": 2, "truth": "𝍤", "mode": "instinct", "sample": 1, "ans": "𝍢", "correct": false, "latency": 0.344, "toks": 4}
{"seq": "rod-numerals", "family": "count", "a": "𝍤", "b": "𝍢", "gap": 2, "truth": "𝍤", "mode": "think", "sample": 0, "ans": "𝍢", "correct": false, "latency": 0.463, "toks": 17}
{"seq": "rod-numerals", "family": "count", "a": "𝍤", "b": "𝍢", "gap": 2, "truth": "𝍤", "mode": "think", "sample": 1, "ans": "𝍢", "correct": false, "latency": 0.503, "toks": 17}
{"seq": "rod-numerals", "family": "count", "a": "𝍡", "b": "𝍢", "gap": 1, "truth": "𝍢", "mode": "instinct", "sample": 0, "ans": "𝍢", "correct": true, "latency": 0.454, "toks": 4}
{"seq": "rod-numerals", "family": "count", "a": "𝍡", "b": "𝍢", "gap": 1, "truth": "𝍢", "mode": "instinct", "sample": 1, "ans": "𝍡", "correct": false, "latency": 0.35, "toks": 4}
{"seq": "rod-numerals", "family": "count", "a": "𝍡", "b": "𝍢", "gap": 1, "truth": "𝍢", "mode": "think", "sample": 0, "ans": "𝍢", "correct": true, "latency": 0.461, "toks": 17}
{"seq": "rod-numerals", "family": "count", "a": "𝍡", "b": "𝍢", "gap": 1, "truth": "𝍢", "mode": "think", "sample": 1, "ans": "𝍢", "correct": true, "latency": 0.583, "toks": 27}
{"seq": "rod-numerals", "family": "count", "a": "𝍢", "b": "𝍡", "gap": 1, "truth": "𝍢", "mode": "instinct", "sample": 0, "ans": "𝍢", "correct": true, "latency": 0.39, "toks": 4}
{"seq": "rod-numerals", "family": "count", "a": "𝍢", "b": "𝍡", "gap": 1, "truth": "𝍢", "mode": "instinct", "sample": 1, "ans": "𝍢", "correct": true, "latency": 0.348, "toks": 4}
{"seq": "rod-numerals", "family": "count", "a": "𝍢", "b": "𝍡", "gap": 1, "truth": "𝍢", "mode": "think", "sample": 0, "ans": "𝍢", "correct": true, "latency": 0.477, "toks": 17}
{"seq": "rod-numerals", "family": "count", "a": "𝍢", "b": "𝍡", "gap": 1, "truth": "𝍢", "mode": "think", "sample": 1, "ans": "𝍢", "correct": true, "latency": 0.48, "toks": 17}
{"seq": "rod-numerals", "family": "count", "a": "𝍠", "b": "𝍤", "gap": 4, "truth": "𝍤", "mode": "instinct", "sample": 0, "ans": "𝍠", "correct": false, "latency": 0.479, "toks": 4}
{"seq": "rod-numerals", "family": "count", "a": "𝍠", "b": "𝍤", "gap": 4, "truth": "𝍤", "mode": "instinct", "sample": 1, "ans": "𝍠", "correct": false, "latency": 0.343, "toks": 4}
{"seq": "rod-numerals", "family": "count", "a": "𝍠", "b": "𝍤", "gap": 4, "truth": "𝍤", "mode": "think", "sample": 0, "ans": "𝍠", "correct": false, "latency": 0.469, "toks": 17}
{"seq": "rod-numerals", "family": "count", "a": "𝍠", "b": "𝍤", "gap": 4, "truth": "𝍤", "mode": "think", "sample": 1, "ans": "𝍠", "correct": false, "latency": 0.469, "toks": 16}
{"seq": "rod-numerals", "family": "count", "a": "𝍤", "b": "𝍠", "gap": 4, "truth": "𝍤", "mode": "instinct", "sample": 0, "ans": "𝍠", "correct": false, "latency": 0.41, "toks": 4}
{"seq": "rod-numerals", "family": "count", "a": "𝍤", "b": "𝍠", "gap": 4, "truth": "𝍤", "mode": "instinct", "sample": 1, "ans": "𝍠", "correct": false, "latency": 0.351, "toks": 4}
{"seq": "rod-numerals", "family": "count", "a": "𝍤", "b": "𝍠", "gap": 4, "truth": "𝍤", "mode": "think", "sample": 0, "ans": "𝍠", "correct": false, "latency": 0.48, "toks": 17}
{"seq": "rod-numerals", "family": "count", "a": "𝍤", "b": "𝍠", "gap": 4, "truth": "𝍤", "mode": "think", "sample": 1, "ans": "𝍠", "correct": false, "latency": 1.244, "toks": 93}
{"seq": "rod-numerals", "family": "count", "a": "𝍡", "b": "𝍤", "gap": 3, "truth": "𝍤", "mode": "instinct", "sample": 0, "ans": "𝍡", "correct": false, "latency": 0.461, "toks": 4}
{"seq": "rod-numerals", "family": "count", "a": "𝍡", "b": "𝍤", "gap": 3, "truth": "𝍤", "mode": "instinct", "sample": 1, "ans": "𝍤", "correct": true, "latency": 0.347, "toks": 4}
{"seq": "rod-numerals", "family": "count", "a": "𝍡", "b": "𝍤", "gap": 3, "truth": "𝍤", "mode": "think", "sample": 0, "ans": "𝍡", "correct": false, "latency": 0.469, "toks": 17}
{"seq": "rod-numerals", "family": "count", "a": "𝍡", "b": "𝍤", "gap": 3, "truth": "𝍤", "mode": "think", "sample": 1, "ans": "𝍤", "correct": true, "latency": 0.61, "toks": 26}
{"seq": "rod-numerals", "family": "count", "a": "𝍤", "b": "𝍡", "gap": 3, "truth": "𝍤", "mode": "instinct", "sample": 0, "ans": "𝍡", "correct": false, "latency": 0.56, "toks": 4}
{"seq": "rod-numerals", "family": "count", "a": "𝍤", "b": "𝍡", "gap": 3, "truth": "𝍤", "mode": "instinct", "sample": 1, "ans": "𝍡", "correct": false, "latency": 0.337, "toks": 4}
{"seq": "rod-numerals", "family": "count", "a": "𝍤", "b": "𝍡", "gap": 3, "truth": "𝍤", "mode": "think", "sample": 0, "ans": "𝍡", "correct": false, "latency": 0.452, "toks": 17}
{"seq": "rod-numerals", "family": "count", "a": "𝍤", "b": "𝍡", "gap": 3, "truth": "𝍤", "mode": "think", "sample": 1, "ans": null, "correct": false, "latency": 0.804, "toks": 43}
{"seq": "rod-numerals", "family": "count", "a": "𝍢", "b": "𝍣", "gap": 1, "truth": "𝍣", "mode": "instinct", "sample": 0, "ans": "𝍢", "correct": false, "latency": 0.65, "toks": 4}
{"seq": "rod-numerals", "family": "count", "a": "𝍢", "b": "𝍣", "gap": 1, "truth": "𝍣", "mode": "instinct", "sample": 1, "ans": "𝍢", "correct": false, "latency": 0.304, "toks": 4}
{"seq": "rod-numerals", "family": "count", "a": "𝍢", "b": "𝍣", "gap": 1, "truth": "𝍣", "mode": "think", "sample": 0, "ans": "𝍢", "correct": false, "latency": 0.469, "toks": 16}
{"seq": "rod-numerals", "family": "count", "a": "𝍢", "b": "𝍣", "gap": 1, "truth": "𝍣", "mode": "think", "sample": 1, "ans": "𝍢", "correct": false, "latency": 0.894, "toks": 53}
{"seq": "rod-numerals", "family": "count", "a": "𝍣", "b": "𝍢", "gap": 1, "truth": "𝍣", "mode": "instinct", "sample": 0, "ans": "𝍢", "correct": false, "latency": 0.424, "toks": 4}
{"seq": "rod-numerals", "family": "count", "a": "𝍣", "b": "𝍢", "gap": 1, "truth": "𝍣", "mode": "instinct", "sample": 1, "ans": "𝍢", "correct": false, "latency": 0.344, "toks": 4}
{"seq": "rod-numerals", "family": "count", "a": "𝍣", "b": "𝍢", "gap": 1, "truth": "𝍣", "mode": "think", "sample": 0, "ans": "𝍢", "correct": false, "latency": 0.454, "toks": 16}
{"seq": "rod-numerals", "family": "count", "a": "𝍣", "b": "𝍢", "gap": 1, "truth": "𝍣", "mode": "think", "sample": 1, "ans": "𝍢", "correct": false, "latency": 0.53, "toks": 16}
{"seq": "rod-numerals", "family": "count", "a": "𝍡", "b": "𝍣", "gap": 2, "truth": "𝍣", "mode": "instinct", "sample": 0, "ans": "𝍡", "correct": false, "latency": 0.386, "toks": 4}
{"seq": "rod-numerals", "family": "count", "a": "𝍡", "b": "𝍣", "gap": 2, "truth": "𝍣", "mode": "instinct", "sample": 1, "ans": null, "correct": false, "latency": 0.349, "toks": 4}
{"seq": "rod-numerals", "family": "count", "a": "𝍡", "b": "𝍣", "gap": 2, "truth": "𝍣", "mode": "think", "sample": 0, "ans": "𝍣", "correct": true, "latency": 0.45, "toks": 17}
{"seq": "rod-numerals", "family": "count", "a": "𝍡", "b": "𝍣", "gap": 2, "truth": "𝍣", "mode": "think", "sample": 1, "ans": "𝍣", "correct": true, "latency": 0.822, "toks": 44}
{"seq": "rod-numerals", "family": "count", "a": "𝍣", "b": "𝍡", "gap": 2, "truth": "𝍣", "mode": "instinct", "sample": 0, "ans": "𝍣", "correct": true, "latency": 0.497, "toks": 4}
{"seq": "rod-numerals", "family": "count", "a": "𝍣", "b": "𝍡", "gap": 2, "truth": "𝍣", "mode": "instinct", "sample": 1, "ans": "𝍣", "correct": true, "latency": 0.336, "toks": 4}
{"seq": "rod-numerals", "family": "count", "a": "𝍣", "b": "𝍡", "gap": 2, "truth": "𝍣", "mode": "think", "sample": 0, "ans": "𝍣", "correct": true, "latency": 0.459, "toks": 20}
{"seq": "rod-numerals", "family": "count", "a": "𝍣", "b": "𝍡", "gap": 2, "truth": "𝍣", "mode": "think", "sample": 1, "ans": "𝍣", "correct": true, "latency": 1.124, "toks": 83}
{"seq": "disc-size", "family": "size", "a": "·", "b": "•", "gap": 1, "truth": "•", "mode": "instinct", "sample": 0, "ans": "•", "correct": true, "latency": 0.675, "toks": 2}
{"seq": "disc-size", "family": "size", "a": "·", "b": "•", "gap": 1, "truth": "•", "mode": "instinct", "sample": 1, "ans": "·", "correct": false, "latency": 0.336, "toks": 2}
{"seq": "disc-size", "family": "size", "a": "·", "b": "•", "gap": 1, "truth": "•", "mode": "think", "sample": 0, "ans": "•", "correct": true, "latency": 0.48, "toks": 19}
{"seq": "disc-size", "family": "size", "a": "·", "b": "•", "gap": 1, "truth": "•", "mode": "think", "sample": 1, "ans": "•", "correct": true, "latency": 0.733, "toks": 25}
{"seq": "disc-size", "family": "size", "a": "•", "b": "·", "gap": 1, "truth": "•", "mode": "instinct", "sample": 0, "ans": "·", "correct": false, "latency": 0.868, "toks": 2}
{"seq": "disc-size", "family": "size", "a": "•", "b": "·", "gap": 1, "truth": "•", "mode": "instinct", "sample": 1, "ans": "·", "correct": false, "latency": 0.352, "toks": 2}
{"seq": "disc-size", "family": "size", "a": "•", "b": "·", "gap": 1, "truth": "•", "mode": "think", "sample": 0, "ans": "•", "correct": true, "latency": 0.581, "toks": 33}
{"seq": "disc-size", "family": "size", "a": "•", "b": "·", "gap": 1, "truth": "•", "mode": "think", "sample": 1, "ans": "•", "correct": true, "latency": 0.718, "toks": 26}
{"seq": "disc-size", "family": "size", "a": "•", "b": "●", "gap": 1, "truth": "●", "mode": "instinct", "sample": 0, "ans": "●", "correct": true, "latency": 0.804, "toks": 2}
{"seq": "disc-size", "family": "size", "a": "•", "b": "●", "gap": 1, "truth": "●", "mode": "instinct", "sample": 1, "ans": "●", "correct": true, "latency": 0.334, "toks": 2}
{"seq": "disc-size", "family": "size", "a": "•", "b": "●", "gap": 1, "truth": "●", "mode": "think", "sample": 0, "ans": "•", "correct": false, "latency": 0.359, "toks": 6}
{"seq": "disc-size", "family": "size", "a": "•", "b": "●", "gap": 1, "truth": "●", "mode": "think", "sample": 1, "ans": null, "correct": false, "latency": 0.808, "toks": 6}
{"seq": "disc-size", "family": "size", "a": "●", "b": "•", "gap": 1, "truth": "●", "mode": "instinct", "sample": 0, "ans": "●", "correct": true, "latency": 0.483, "toks": 2}
{"seq": "disc-size", "family": "size", "a": "●", "b": "•", "gap": 1, "truth": "●", "mode": "instinct", "sample": 1, "ans": "●", "correct": true, "latency": 0.334, "toks": 2}
{"seq": "disc-size", "family": "size", "a": "●", "b": "•", "gap": 1, "truth": "●", "mode": "think", "sample": 0, "ans": "●", "correct": true, "latency": 0.403, "toks": 12}
{"seq": "disc-size", "family": "size", "a": "●", "b": "•", "gap": 1, "truth": "●", "mode": "think", "sample": 1, "ans": "•", "correct": false, "latency": 0.507, "toks": 6}
{"seq": "disc-size", "family": "size", "a": "·", "b": "⬤", "gap": 3, "truth": "⬤", "mode": "instinct", "sample": 0, "ans": "⬤", "correct": true, "latency": 1.172, "toks": 4}
{"seq": "disc-size", "family": "size", "a": "·", "b": "⬤", "gap": 3, "truth": "⬤", "mode": "instinct", "sample": 1, "ans": "⬤", "correct": true, "latency": 0.345, "toks": 4}
{"seq": "disc-size", "family": "size", "a": "·", "b": "⬤", "gap": 3, "truth": "⬤", "mode": "think", "sample": 0, "ans": "⬤", "correct": true, "latency": 0.451, "toks": 17}
{"seq": "disc-size", "family": "size", "a": "·", "b": "⬤", "gap": 3, "truth": "⬤", "mode": "think", "sample": 1, "ans": null, "correct": false, "latency": 0.833, "toks": 9}
{"seq": "disc-size", "family": "size", "a": "⬤", "b": "·", "gap": 3, "truth": "⬤", "mode": "instinct", "sample": 0, "ans": "⬤", "correct": true, "latency": 0.828, "toks": 4}
{"seq": "disc-size", "family": "size", "a": "⬤", "b": "·", "gap": 3, "truth": "⬤", "mode": "instinct", "sample": 1, "ans": "⬤", "correct": true, "latency": 0.346, "toks": 4}
{"seq": "disc-size", "family": "size", "a": "⬤", "b": "·", "gap": 3, "truth": "⬤", "mode": "think", "sample": 0, "ans": "⬤", "correct": true, "latency": 0.578, "toks": 33}
{"seq": "disc-size", "family": "size", "a": "⬤", "b": "·", "gap": 3, "truth": "⬤", "mode": "think", "sample": 1, "ans": "⬤", "correct": true, "latency": 1.317, "toks": 22}
{"seq": "disc-size", "family": "size", "a": "●", "b": "⬤", "gap": 1, "truth": "⬤", "mode": "instinct", "sample": 0, "ans": "●", "correct": false, "latency": 0.535, "toks": 2}
{"seq": "disc-size", "family": "size", "a": "●", "b": "⬤", "gap": 1, "truth": "⬤", "mode": "instinct", "sample": 1, "ans": "●", "correct": false, "latency": 0.346, "toks": 2}
{"seq": "disc-size", "family": "size", "a": "●", "b": "⬤", "gap": 1, "truth": "⬤", "mode": "think", "sample": 0, "ans": "●", "correct": false, "latency": 0.428, "toks": 13}
{"seq": "disc-size", "family": "size", "a": "●", "b": "⬤", "gap": 1, "truth": "⬤", "mode": "think", "sample": 1, "ans": "●", "correct": false, "latency": 0.629, "toks": 13}
{"seq": "disc-size", "family": "size", "a": "⬤", "b": "●", "gap": 1, "truth": "⬤", "mode": "instinct", "sample": 0, "ans": "●", "correct": false, "latency": 0.62, "toks": 2}
{"seq": "disc-size", "family": "size", "a": "⬤", "b": "●", "gap": 1, "truth": "⬤", "mode": "instinct", "sample": 1, "ans": "●", "correct": false, "latency": 0.331, "toks": 2}
{"seq": "disc-size", "family": "size", "a": "⬤", "b": "●", "gap": 1, "truth": "⬤", "mode": "think", "sample": 0, "ans": "●", "correct": false, "latency": 0.4, "toks": 10}
{"seq": "disc-size", "family": "size", "a": "⬤", "b": "●", "gap": 1, "truth": "⬤", "mode": "think", "sample": 1, "ans": "●", "correct": false, "latency": 0.688, "toks": 27}
{"seq": "disc-size", "family": "size", "a": "·", "b": "●", "gap": 2, "truth": "●", "mode": "instinct", "sample": 0, "ans": "●", "correct": true, "latency": 0.424, "toks": 2}
{"seq": "disc-size", "family": "size", "a": "·", "b": "●", "gap": 2, "truth": "●", "mode": "instinct", "sample": 1, "ans": "●", "correct": true, "latency": 0.331, "toks": 2}
{"seq": "disc-size", "family": "size", "a": "·", "b": "●", "gap": 2, "truth": "●", "mode": "think", "sample": 0, "ans": "●", "correct": true, "latency": 0.43, "toks": 16}
{"seq": "disc-size", "family": "size", "a": "·", "b": "●", "gap": 2, "truth": "●", "mode": "think", "sample": 1, "ans": "·", "correct": false, "latency": 0.783, "toks": 27}
{"seq": "disc-size", "family": "size", "a": "●", "b": "·", "gap": 2, "truth": "●", "mode": "instinct", "sample": 0, "ans": "●", "correct": true, "latency": 0.703, "toks": 2}
{"seq": "disc-size", "family": "size", "a": "●", "b": "·", "gap": 2, "truth": "●", "mode": "instinct", "sample": 1, "ans": "●", "correct": true, "latency": 0.34, "toks": 2}
{"seq": "disc-size", "family": "size", "a": "●", "b": "·", "gap": 2, "truth": "●", "mode": "think", "sample": 0, "ans": "●", "correct": true, "latency": 0.427, "toks": 13}
{"seq": "disc-size", "family": "size", "a": "●", "b": "·", "gap": 2, "truth": "●", "mode": "think", "sample": 1, "ans": "●", "correct": true, "latency": 0.489, "toks": 15}
{"seq": "disc-size", "family": "size", "a": "•", "b": "⬤", "gap": 2, "truth": "⬤", "mode": "instinct", "sample": 0, "ans": "⬤", "correct": true, "latency": 0.462, "toks": 4}
{"seq": "disc-size", "family": "size", "a": "•", "b": "⬤", "gap": 2, "truth": "⬤", "mode": "instinct", "sample": 1, "ans": "⬤", "correct": true, "latency": 0.351, "toks": 4}
{"seq": "disc-size", "family": "size", "a": "•", "b": "⬤", "gap": 2, "truth": "⬤", "mode": "think", "sample": 0, "ans": "⬤", "correct": true, "latency": 0.433, "toks": 14}
{"seq": "disc-size", "family": "size", "a": "•", "b": "⬤", "gap": 2, "truth": "⬤", "mode": "think", "sample": 1, "ans": null, "correct": false, "latency": 0.971, "toks": 44}
{"seq": "disc-size", "family": "size", "a": "⬤", "b": "•", "gap": 2, "truth": "⬤", "mode": "instinct", "sample": 0, "ans": "⬤", "correct": true, "latency": 0.479, "toks": 4}
{"seq": "disc-size", "family": "size", "a": "⬤", "b": "•", "gap": 2, "truth": "⬤", "mode": "instinct", "sample": 1, "ans": "⬤", "correct": true, "latency": 0.359, "toks": 4}
{"seq": "disc-size", "family": "size", "a": "⬤", "b": "•", "gap": 2, "truth": "⬤", "mode": "think", "sample": 0, "ans": "⬤", "correct": true, "latency": 0.452, "toks": 14}
{"seq": "disc-size", "family": "size", "a": "⬤", "b": "•", "gap": 2, "truth": "⬤", "mode": "think", "sample": 1, "ans": "⬤", "correct": true, "latency": 0.51, "toks": 14}
{"seq": "tone-bars", "family": "angle", "a": "˩", "b": "˨", "gap": 1, "truth": "˨", "mode": "instinct", "sample": 0, "ans": "˨", "correct": true, "latency": 0.493, "toks": 3}
{"seq": "tone-bars", "family": "angle", "a": "˩", "b": "˨", "gap": 1, "truth": "˨", "mode": "instinct", "sample": 1, "ans": "˨", "correct": true, "latency": 0.347, "toks": 3}
{"seq": "tone-bars", "family": "angle", "a": "˩", "b": "˨", "gap": 1, "truth": "˨", "mode": "think", "sample": 0, "ans": "˨", "correct": true, "latency": 0.435, "toks": 14}
{"seq": "tone-bars", "family": "angle", "a": "˩", "b": "˨", "gap": 1, "truth": "˨", "mode": "think", "sample": 1, "ans": "˩", "correct": false, "latency": 0.689, "toks": 31}
{"seq": "tone-bars", "family": "angle", "a": "˨", "b": "˩", "gap": 1, "truth": "˨", "mode": "instinct", "sample": 0, "ans": "˨", "correct": true, "latency": 0.504, "toks": 3}
{"seq": "tone-bars", "family": "angle", "a": "˨", "b": "˩", "gap": 1, "truth": "˨", "mode": "instinct", "sample": 1, "ans": "˨", "correct": true, "latency": 0.345, "toks": 3}
{"seq": "tone-bars", "family": "angle", "a": "˨", "b": "˩", "gap": 1, "truth": "˨", "mode": "think", "sample": 0, "ans": "˨", "correct": true, "latency": 0.447, "toks": 14}
{"seq": "tone-bars", "family": "angle", "a": "˨", "b": "˩", "gap": 1, "truth": "˨", "mode": "think", "sample": 1, "ans": "˨", "correct": true, "latency": 0.445, "toks": 18}
{"seq": "tone-bars", "family": "angle", "a": "˨", "b": "˧", "gap": 1, "truth": "˧", "mode": "instinct", "sample": 0, "ans": "˨", "correct": false, "latency": 0.497, "toks": 3}
{"seq": "tone-bars", "family": "angle", "a": "˨", "b": "˧", "gap": 1, "truth": "˧", "mode": "instinct", "sample": 1, "ans": "˨", "correct": false, "latency": 0.344, "toks": 3}
{"seq": "tone-bars", "family": "angle", "a": "˨", "b": "˧", "gap": 1, "truth": "˧", "mode": "think", "sample": 0, "ans": "˨", "correct": false, "latency": 0.43, "toks": 14}
{"seq": "tone-bars", "family": "angle", "a": "˨", "b": "˧", "gap": 1, "truth": "˧", "mode": "think", "sample": 1, "ans": "˨", "correct": false, "latency": 0.426, "toks": 16}
{"seq": "tone-bars", "family": "angle", "a": "˧", "b": "˨", "gap": 1, "truth": "˧", "mode": "instinct", "sample": 0, "ans": "˨", "correct": false, "latency": 0.483, "toks": 3}
{"seq": "tone-bars", "family": "angle", "a": "˧", "b": "˨", "gap": 1, "truth": "˧", "mode": "instinct", "sample": 1, "ans": "˨", "correct": false, "latency": 0.345, "toks": 3}
{"seq": "tone-bars", "family": "angle", "a": "˧", "b": "˨", "gap": 1, "truth": "˧", "mode": "think", "sample": 0, "ans": "˨", "correct": false, "latency": 0.43, "toks": 14}
{"seq": "tone-bars", "family": "angle", "a": "˧", "b": "˨", "gap": 1, "truth": "˧", "mode": "think", "sample": 1, "ans": "˨", "correct": false, "latency": 0.603, "toks": 15}
{"seq": "tone-bars", "family": "angle", "a": "˦", "b": "˥", "gap": 1, "truth": "˥", "mode": "instinct", "sample": 0, "ans": "˦", "correct": false, "latency": 0.573, "toks": 3}
{"seq": "tone-bars", "family": "angle", "a": "˦", "b": "˥", "gap": 1, "truth": "˥", "mode": "instinct", "sample": 1, "ans": "˦", "correct": false, "latency": 0.333, "toks": 3}
{"seq": "tone-bars", "family": "angle", "a": "˦", "b": "˥", "gap": 1, "truth": "˥", "mode": "think", "sample": 0, "ans": "˥", "correct": true, "latency": 0.46, "toks": 18}
{"seq": "tone-bars", "family": "angle", "a": "˦", "b": "˥", "gap": 1, "truth": "˥", "mode": "think", "sample": 1, "ans": "˥", "correct": true, "latency": 0.453, "toks": 14}
{"seq": "tone-bars", "family": "angle", "a": "˥", "b": "˦", "gap": 1, "truth": "˥", "mode": "instinct", "sample": 0, "ans": "˦", "correct": false, "latency": 0.521, "toks": 3}
{"seq": "tone-bars", "family": "angle", "a": "˥", "b": "˦", "gap": 1, "truth": "˥", "mode": "instinct", "sample": 1, "ans": null, "correct": false, "latency": 0.355, "toks": 3}
{"seq": "tone-bars", "family": "angle", "a": "˥", "b": "˦", "gap": 1, "truth": "˥", "mode": "think", "sample": 0, "ans": "˦", "correct": false, "latency": 0.444, "toks": 15}
{"seq": "tone-bars", "family": "angle", "a": "˥", "b": "˦", "gap": 1, "truth": "˥", "mode": "think", "sample": 1, "ans": "˦", "correct": false, "latency": 0.602, "toks": 27}
{"seq": "tone-bars", "family": "angle", "a": "˩", "b": "˦", "gap": 3, "truth": "˦", "mode": "instinct", "sample": 0, "ans": "˦", "correct": true, "latency": 0.417, "toks": 3}
{"seq": "tone-bars", "family": "angle", "a": "˩", "b": "˦", "gap": 3, "truth": "˦", "mode": "instinct", "sample": 1, "ans": "˦", "correct": true, "latency": 0.33, "toks": 3}
{"seq": "tone-bars", "family": "angle", "a": "˩", "b": "˦", "gap": 3, "truth": "˦", "mode": "think", "sample": 0, "ans": "˦", "correct": true, "latency": 0.417, "toks": 14}
{"seq": "tone-bars", "family": "angle", "a": "˩", "b": "˦", "gap": 3, "truth": "˦", "mode": "think", "sample": 1, "ans": null, "correct": false, "latency": 0.484, "toks": 17}
{"seq": "tone-bars", "family": "angle", "a": "˦", "b": "˩", "gap": 3, "truth": "˦", "mode": "instinct", "sample": 0, "ans": "˦", "correct": true, "latency": 0.553, "toks": 3}
{"seq": "tone-bars", "family": "angle", "a": "˦", "b": "˩", "gap": 3, "truth": "˦", "mode": "instinct", "sample": 1, "ans": "˦", "correct": true, "latency": 0.346, "toks": 3}
{"seq": "tone-bars", "family": "angle", "a": "˦", "b": "˩", "gap": 3, "truth": "˦", "mode": "think", "sample": 0, "ans": "˦", "correct": true, "latency": 0.427, "toks": 14}
{"seq": "tone-bars", "family": "angle", "a": "˦", "b": "˩", "gap": 3, "truth": "˦", "mode": "think", "sample": 1, "ans": "˩", "correct": false, "latency": 1.028, "toks": 40}
{"seq": "tone-bars", "family": "angle", "a": "˨", "b": "˥", "gap": 3, "truth": "˥", "mode": "instinct", "sample": 0, "ans": "˨", "correct": false, "latency": 1.292, "toks": 3}
{"seq": "tone-bars", "family": "angle", "a": "˨", "b": "˥", "gap": 3, "truth": "˥", "mode": "instinct", "sample": 1, "ans": "˨", "correct": false, "latency": 0.344, "toks": 3}
{"seq": "tone-bars", "family": "angle", "a": "˨", "b": "˥", "gap": 3, "truth": "˥", "mode": "think", "sample": 0, "ans": "˥", "correct": true, "latency": 0.491, "toks": 21}
{"seq": "tone-bars", "family": "angle", "a": "˨", "b": "˥", "gap": 3, "truth": "˥", "mode": "think", "sample": 1, "ans": "˥", "correct": true, "latency": 0.697, "toks": 32}
{"seq": "tone-bars", "family": "angle", "a": "˥", "b": "˨", "gap": 3, "truth": "˥", "mode": "instinct", "sample": 0, "ans": "˨", "correct": false, "latency": 0.41, "toks": 3}
{"seq": "tone-bars", "family": "angle", "a": "˥", "b": "˨", "gap": 3, "truth": "˥", "mode": "instinct", "sample": 1, "ans": "˨", "correct": false, "latency": 0.284, "toks": 3}
{"seq": "tone-bars", "family": "angle", "a": "˥", "b": "˨", "gap": 3, "truth": "˥", "mode": "think", "sample": 0, "ans": "˨", "correct": false, "latency": 0.434, "toks": 14}
{"seq": "tone-bars", "family": "angle", "a": "˥", "b": "˨", "gap": 3, "truth": "˥", "mode": "think", "sample": 1, "ans": "˥", "correct": true, "latency": 0.594, "toks": 31}
{"seq": "tone-bars", "family": "angle", "a": "˩", "b": "˧", "gap": 2, "truth": "˧", "mode": "instinct", "sample": 0, "ans": "˩", "correct": false, "latency": 0.428, "toks": 3}
{"seq": "tone-bars", "family": "angle", "a": "˩", "b": "˧", "gap": 2, "truth": "˧", "mode": "instinct", "sample": 1, "ans": "˩", "correct": false, "latency": 0.317, "toks": 3}
{"seq": "tone-bars", "family": "angle", "a": "˩", "b": "˧", "gap": 2, "truth": "˧", "mode": "think", "sample": 0, "ans": "˧", "correct": true, "latency": 0.435, "toks": 14}
{"seq": "tone-bars", "family": "angle", "a": "˩", "b": "˧", "gap": 2, "truth": "˧", "mode": "think", "sample": 1, "ans": "˧", "correct": true, "latency": 0.423, "toks": 14}
{"seq": "tone-bars", "family": "angle", "a": "˧", "b": "˩", "gap": 2, "truth": "˧", "mode": "instinct", "sample": 0, "ans": "˧", "correct": true, "latency": 0.402, "toks": 3}
{"seq": "tone-bars", "family": "angle", "a": "˧", "b": "˩", "gap": 2, "truth": "˧", "mode": "instinct", "sample": 1, "ans": "˩", "correct": false, "latency": 0.333, "toks": 3}
{"seq": "tone-bars", "family": "angle", "a": "˧", "b": "˩", "gap": 2, "truth": "˧", "mode": "think", "sample": 0, "ans": "˩", "correct": false, "latency": 0.427, "toks": 14}
{"seq": "tone-bars", "family": "angle", "a": "˧", "b": "˩", "gap": 2, "truth": "˧", "mode": "think", "sample": 1, "ans": "˧", "correct": true, "latency": 0.441, "toks": 14}
{"seq": "slope-arrows", "family": "angle", "a": "↓", "b": "↘", "gap": 1, "truth": "↘", "mode": "instinct", "sample": 0, "ans": "↓", "correct": false, "latency": 0.418, "toks": 2}
{"seq": "slope-arrows", "family": "angle", "a": "↓", "b": "↘", "gap": 1, "truth": "↘", "mode": "instinct", "sample": 1, "ans": "↓", "correct": false, "latency": 0.337, "toks": 2}
{"seq": "slope-arrows", "family": "angle", "a": "↓", "b": "↘", "gap": 1, "truth": "↘", "mode": "think", "sample": 0, "ans": "↘", "correct": true, "latency": 0.428, "toks": 13}
{"seq": "slope-arrows", "family": "angle", "a": "↓", "b": "↘", "gap": 1, "truth": "↘", "mode": "think", "sample": 1, "ans": "↘", "correct": true, "latency": 0.528, "toks": 26}
{"seq": "slope-arrows", "family": "angle", "a": "↘", "b": "↓", "gap": 1, "truth": "↘", "mode": "instinct", "sample": 0, "ans": "↓", "correct": false, "latency": 0.49, "toks": 2}
{"seq": "slope-arrows", "family": "angle", "a": "↘", "b": "↓", "gap": 1, "truth": "↘", "mode": "instinct", "sample": 1, "ans": "↓", "correct": false, "latency": 0.346, "toks": 2}
{"seq": "slope-arrows", "family": "angle", "a": "↘", "b": "↓", "gap": 1, "truth": "↘", "mode": "think", "sample": 0, "ans": "↘", "correct": true, "latency": 0.45, "toks": 17}
{"seq": "slope-arrows", "family": "angle", "a": "↘", "b": "↓", "gap": 1, "truth": "↘", "mode": "think", "sample": 1, "ans": null, "correct": false, "latency": 1.013, "toks": 69}
{"seq": "slope-arrows", "family": "angle", "a": "↗", "b": "↑", "gap": 1, "truth": "↑", "mode": "instinct", "sample": 0, "ans": "↑", "correct": true, "latency": 0.498, "toks": 2}
{"seq": "slope-arrows", "family": "angle", "a": "↗", "b": "↑", "gap": 1, "truth": "↑", "mode": "instinct", "sample": 1, "ans": "↗", "correct": false, "latency": 0.353, "toks": 3}
{"seq": "slope-arrows", "family": "angle", "a": "↗", "b": "↑", "gap": 1, "truth": "↑", "mode": "think", "sample": 0, "ans": "↑", "correct": true, "latency": 0.375, "toks": 6}
{"seq": "slope-arrows", "family": "angle", "a": "↗", "b": "↑", "gap": 1, "truth": "↑", "mode": "think", "sample": 1, "ans": "↑", "correct": true, "latency": 0.393, "toks": 6}
{"seq": "slope-arrows", "family": "angle", "a": "↑", "b": "↗", "gap": 1, "truth": "↑", "mode": "instinct", "sample": 0, "ans": "↗", "correct": false, "latency": 0.655, "toks": 3}
{"seq": "slope-arrows", "family": "angle", "a": "↑", "b": "↗", "gap": 1, "truth": "↑", "mode": "instinct", "sample": 1, "ans": "↗", "correct": false, "latency": 0.335, "toks": 3}
{"seq": "slope-arrows", "family": "angle", "a": "↑", "b": "↗", "gap": 1, "truth": "↑", "mode": "think", "sample": 0, "ans": "↑", "correct": true, "latency": 0.407, "toks": 11}
{"seq": "slope-arrows", "family": "angle", "a": "↑", "b": "↗", "gap": 1, "truth": "↑", "mode": "think", "sample": 1, "ans": "↑", "correct": true, "latency": 0.524, "toks": 19}
{"seq": "slope-arrows", "family": "angle", "a": "↓", "b": "↗", "gap": 3, "truth": "↗", "mode": "instinct", "sample": 0, "ans": "↗", "correct": true, "latency": 0.533, "toks": 3}
{"seq": "slope-arrows", "family": "angle", "a": "↓", "b": "↗", "gap": 3, "truth": "↗", "mode": "instinct", "sample": 1, "ans": "↓", "correct": false, "latency": 0.336, "toks": 2}
{"seq": "slope-arrows", "family": "angle", "a": "↓", "b": "↗", "gap": 3, "truth": "↗", "mode": "think", "sample": 0, "ans": "↗", "correct": true, "latency": 0.452, "toks": 16}
{"seq": "slope-arrows", "family": "angle", "a": "↓", "b": "↗", "gap": 3, "truth": "↗", "mode": "think", "sample": 1, "ans": "↗", "correct": true, "latency": 0.433, "toks": 11}
{"seq": "slope-arrows", "family": "angle", "a": "↗", "b": "↓", "gap": 3, "truth": "↗", "mode": "instinct", "sample": 0, "ans": "↓", "correct": false, "latency": 0.485, "toks": 2}
{"seq": "slope-arrows", "family": "angle", "a": "↗", "b": "↓", "gap": 3, "truth": "↗", "mode": "instinct", "sample": 1, "ans": "↓", "correct": false, "latency": 0.338, "toks": 2}
{"seq": "slope-arrows", "family": "angle", "a": "↗", "b": "↓", "gap": 3, "truth": "↗", "mode": "think", "sample": 0, "ans": "↗", "correct": true, "latency": 0.433, "toks": 17}
{"seq": "slope-arrows", "family": "angle", "a": "↗", "b": "↓", "gap": 3, "truth": "↗", "mode": "think", "sample": 1, "ans": "↗", "correct": true, "latency": 0.538, "toks": 14}
{"seq": "slope-arrows", "family": "angle", "a": "↘", "b": "↑", "gap": 3, "truth": "↑", "mode": "instinct", "sample": 0, "ans": "↑", "correct": true, "latency": 0.644, "toks": 2}
{"seq": "slope-arrows", "family": "angle", "a": "↘", "b": "↑", "gap": 3, "truth": "↑", "mode": "instinct", "sample": 1, "ans": "↑", "correct": true, "latency": 0.341, "toks": 2}
{"seq": "slope-arrows", "family": "angle", "a": "↘", "b": "↑", "gap": 3, "truth": "↑", "mode": "think", "sample": 0, "ans": "↑", "correct": true, "latency": 0.374, "toks": 6}
{"seq": "slope-arrows", "family": "angle", "a": "↘", "b": "↑", "gap": 3, "truth": "↑", "mode": "think", "sample": 1, "ans": "↑", "correct": true, "latency": 0.447, "toks": 14}
{"seq": "slope-arrows", "family": "angle", "a": "↑", "b": "↘", "gap": 3, "truth": "↑", "mode": "instinct", "sample": 0, "ans": null, "correct": false, "latency": 0.574, "toks": 2}
{"seq": "slope-arrows", "family": "angle", "a": "↑", "b": "↘", "gap": 3, "truth": "↑", "mode": "instinct", "sample": 1, "ans": null, "correct": false, "latency": 0.33, "toks": 2}
{"seq": "slope-arrows", "family": "angle", "a": "↑", "b": "↘", "gap": 3, "truth": "↑", "mode": "think", "sample": 0, "ans": null, "correct": false, "latency": 0.375, "toks": 6}
{"seq": "slope-arrows", "family": "angle", "a": "↑", "b": "↘", "gap": 3, "truth": "↑", "mode": "think", "sample": 1, "ans": "↑", "correct": true, "latency": 0.42, "toks": 7}
{"seq": "slope-arrows", "family": "angle", "a": "↓", "b": "→", "gap": 2, "truth": "→", "mode": "instinct", "sample": 0, "ans": "→", "correct": true, "latency": 0.403, "toks": 2}
{"seq": "slope-arrows", "family": "angle", "a": "↓", "b": "→", "gap": 2, "truth": "→", "mode": "instinct", "sample": 1, "ans": "→", "correct": true, "latency": 0.343, "toks": 2}
{"seq": "slope-arrows", "family": "angle", "a": "↓", "b": "→", "gap": 2, "truth": "→", "mode": "think", "sample": 0, "ans": null, "correct": false, "latency": 0.423, "toks": 13}
{"seq": "slope-arrows", "family": "angle", "a": "↓", "b": "→", "gap": 2, "truth": "→", "mode": "think", "sample": 1, "ans": "→", "correct": true, "latency": 0.371, "toks": 8}
{"seq": "slope-arrows", "family": "angle", "a": "→", "b": "↓", "gap": 2, "truth": "→", "mode": "instinct", "sample": 0, "ans": "↓", "correct": false, "latency": 0.521, "toks": 2}
{"seq": "slope-arrows", "family": "angle", "a": "→", "b": "↓", "gap": 2, "truth": "→", "mode": "instinct", "sample": 1, "ans": "↓", "correct": false, "latency": 0.343, "toks": 2}
{"seq": "slope-arrows", "family": "angle", "a": "→", "b": "↓", "gap": 2, "truth": "→", "mode": "think", "sample": 0, "ans": "↓", "correct": false, "latency": 0.376, "toks": 6}
{"seq": "slope-arrows", "family": "angle", "a": "→", "b": "↓", "gap": 2, "truth": "→", "mode": "think", "sample": 1, "ans": null, "correct": false, "latency": 0.393, "toks": 6}
{"seq": "slope-arrows", "family": "angle", "a": "↘", "b": "↗", "gap": 2, "truth": "↗", "mode": "instinct", "sample": 0, "ans": "↗", "correct": true, "latency": 0.462, "toks": 3}
{"seq": "slope-arrows", "family": "angle", "a": "↘", "b": "↗", "gap": 2, "truth": "↗", "mode": "instinct", "sample": 1, "ans": "↘", "correct": false, "latency": 0.327, "toks": 3}
{"seq": "slope-arrows", "family": "angle", "a": "↘", "b": "↗", "gap": 2, "truth": "↗", "mode": "think", "sample": 0, "ans": "↗", "correct": true, "latency": 0.549, "toks": 31}
{"seq": "slope-arrows", "family": "angle", "a": "↘", "b": "↗", "gap": 2, "truth": "↗", "mode": "think", "sample": 1, "ans": "↗", "correct": true, "latency": 0.559, "toks": 15}
{"seq": "slope-arrows", "family": "angle", "a": "↗", "b": "↘", "gap": 2, "truth": "↗", "mode": "instinct", "sample": 0, "ans": "↘", "correct": false, "latency": 0.378, "toks": 3}
{"seq": "slope-arrows", "family": "angle", "a": "↗", "b": "↘", "gap": 2, "truth": "↗", "mode": "instinct", "sample": 1, "ans": "↘", "correct": false, "latency": 0.339, "toks": 3}
{"seq": "slope-arrows", "family": "angle", "a": "↗", "b": "↘", "gap": 2, "truth": "↗", "mode": "think", "sample": 0, "ans": "↗", "correct": true, "latency": 0.408, "toks": 12}
{"seq": "slope-arrows", "family": "angle", "a": "↗", "b": "↘", "gap": 2, "truth": "↗", "mode": "think", "sample": 1, "ans": null, "correct": false, "latency": 0.503, "toks": 12}
{"seq": "digits", "family": "denoted", "a": "0", "b": "1", "gap": 1, "truth": "1", "mode": "instinct", "sample": 0, "ans": "1", "correct": true, "latency": 0.385, "toks": 2}
{"seq": "digits", "family": "denoted", "a": "0", "b": "1", "gap": 1, "truth": "1", "mode": "instinct", "sample": 1, "ans": "1", "correct": true, "latency": 0.344, "toks": 2}
{"seq": "digits", "family": "denoted", "a": "0", "b": "1", "gap": 1, "truth": "1", "mode": "think", "sample": 0, "ans": null, "correct": false, "latency": 0.404, "toks": 12}
{"seq": "digits", "family": "denoted", "a": "0", "b": "1", "gap": 1, "truth": "1", "mode": "think", "sample": 1, "ans": "1", "correct": true, "latency": 0.508, "toks": 11}
{"seq": "digits", "family": "denoted", "a": "1", "b": "0", "gap": 1, "truth": "1", "mode": "instinct", "sample": 0, "ans": null, "correct": false, "latency": 0.43, "toks": 2}
{"seq": "digits", "family": "denoted", "a": "1", "b": "0", "gap": 1, "truth": "1", "mode": "instinct", "sample": 1, "ans": null, "correct": false, "latency": 0.349, "toks": 2}
{"seq": "digits", "family": "denoted", "a": "1", "b": "0", "gap": 1, "truth": "1", "mode": "think", "sample": 0, "ans": "0", "correct": false, "latency": 0.476, "toks": 20}
{"seq": "digits", "family": "denoted", "a": "1", "b": "0", "gap": 1, "truth": "1", "mode": "think", "sample": 1, "ans": null, "correct": false, "latency": 0.474, "toks": 14}
{"seq": "digits", "family": "denoted", "a": "4", "b": "9", "gap": 5, "truth": "9", "mode": "instinct", "sample": 0, "ans": null, "correct": false, "latency": 0.446, "toks": 2}
{"seq": "digits", "family": "denoted", "a": "4", "b": "9", "gap": 5, "truth": "9", "mode": "instinct", "sample": 1, "ans": "9", "correct": true, "latency": 0.345, "toks": 2}
{"seq": "digits", "family": "denoted", "a": "4", "b": "9", "gap": 5, "truth": "9", "mode": "think", "sample": 0, "ans": null, "correct": false, "latency": 0.404, "toks": 10}
{"seq": "digits", "family": "denoted", "a": "4", "b": "9", "gap": 5, "truth": "9", "mode": "think", "sample": 1, "ans": null, "correct": false, "latency": 0.519, "toks": 14}
{"seq": "digits", "family": "denoted", "a": "9", "b": "4", "gap": 5, "truth": "9", "mode": "instinct", "sample": 0, "ans": null, "correct": false, "latency": 0.378, "toks": 2}
{"seq": "digits", "family": "denoted", "a": "9", "b": "4", "gap": 5, "truth": "9", "mode": "instinct", "sample": 1, "ans": null, "correct": false, "latency": 0.341, "toks": 2}
{"seq": "digits", "family": "denoted", "a": "9", "b": "4", "gap": 5, "truth": "9", "mode": "think", "sample": 0, "ans": null, "correct": false, "latency": 0.402, "toks": 11}
{"seq": "digits", "family": "denoted", "a": "9", "b": "4", "gap": 5, "truth": "9", "mode": "think", "sample": 1, "ans": null, "correct": false, "latency": 0.408, "toks": 8}
{"seq": "digits", "family": "denoted", "a": "0", "b": "9", "gap": 9, "truth": "9", "mode": "instinct", "sample": 0, "ans": "9", "correct": true, "latency": 0.458, "toks": 2}
{"seq": "digits", "family": "denoted", "a": "0", "b": "9", "gap": 9, "truth": "9", "mode": "instinct", "sample": 1, "ans": "9", "correct": true, "latency": 0.331, "toks": 2}
{"seq": "digits", "family": "denoted", "a": "0", "b": "9", "gap": 9, "truth": "9", "mode": "think", "sample": 0, "ans": null, "correct": false, "latency": 0.396, "toks": 11}
{"seq": "digits", "family": "denoted", "a": "0", "b": "9", "gap": 9, "truth": "9", "mode": "think", "sample": 1, "ans": null, "correct": false, "latency": 0.412, "toks": 13}
{"seq": "digits", "family": "denoted", "a": "9", "b": "0", "gap": 9, "truth": "9", "mode": "instinct", "sample": 0, "ans": null, "correct": false, "latency": 0.377, "toks": 2}
{"seq": "digits", "family": "denoted", "a": "9", "b": "0", "gap": 9, "truth": "9", "mode": "instinct", "sample": 1, "ans": null, "correct": false, "latency": 0.291, "toks": 2}
{"seq": "digits", "family": "denoted", "a": "9", "b": "0", "gap": 9, "truth": "9", "mode": "think", "sample": 0, "ans": null, "correct": false, "latency": 0.407, "toks": 10}
{"seq": "digits", "family": "denoted", "a": "9", "b": "0", "gap": 9, "truth": "9", "mode": "think", "sample": 1, "ans": null, "correct": false, "latency": 0.542, "toks": 10}
{"seq": "digits", "family": "denoted", "a": "2", "b": "9", "gap": 7, "truth": "9", "mode": "instinct", "sample": 0, "ans": null, "correct": false, "latency": 0.382, "toks": 2}
{"seq": "digits", "family": "denoted", "a": "2", "b": "9", "gap": 7, "truth": "9", "mode": "instinct", "sample": 1, "ans": null, "correct": false, "latency": 0.333, "toks": 2}
{"seq": "digits", "family": "denoted", "a": "2", "b": "9", "gap": 7, "truth": "9", "mode": "think", "sample": 0, "ans": null, "correct": false, "latency": 0.427, "toks": 14}
{"seq": "digits", "family": "denoted", "a": "2", "b": "9", "gap": 7, "truth": "9", "mode": "think", "sample": 1, "ans": null, "correct": false, "latency": 0.489, "toks": 16}
{"seq": "digits", "family": "denoted", "a": "9", "b": "2", "gap": 7, "truth": "9", "mode": "instinct", "sample": 0, "ans": null, "correct": false, "latency": 0.374, "toks": 2}
{"seq": "digits", "family": "denoted", "a": "9", "b": "2", "gap": 7, "truth": "9", "mode": "instinct", "sample": 1, "ans": null, "correct": false, "latency": 0.35, "toks": 2}
{"seq": "digits", "family": "denoted", "a": "9", "b": "2", "gap": 7, "truth": "9", "mode": "think", "sample": 0, "ans": null, "correct": false, "latency": 0.51, "toks": 24}
{"seq": "digits", "family": "denoted", "a": "9", "b": "2", "gap": 7, "truth": "9", "mode": "think", "sample": 1, "ans": null, "correct": false, "latency": 1.064, "toks": 64}
{"seq": "digits", "family": "denoted", "a": "1", "b": "7", "gap": 6, "truth": "7", "mode": "instinct", "sample": 0, "ans": null, "correct": false, "latency": 0.4, "toks": 2}
{"seq": "digits", "family": "denoted", "a": "1", "b": "7", "gap": 6, "truth": "7", "mode": "instinct", "sample": 1, "ans": null, "correct": false, "latency": 0.316, "toks": 2}
{"seq": "digits", "family": "denoted", "a": "1", "b": "7", "gap": 6, "truth": "7", "mode": "think", "sample": 0, "ans": "7", "correct": true, "latency": 0.395, "toks": 10}
{"seq": "digits", "family": "denoted", "a": "1", "b": "7", "gap": 6, "truth": "7", "mode": "think", "sample": 1, "ans": null, "correct": false, "latency": 0.366, "toks": 5}
{"seq": "digits", "family": "denoted", "a": "7", "b": "1", "gap": 6, "truth": "7", "mode": "instinct", "sample": 0, "ans": null, "correct": false, "latency": 0.372, "toks": 2}
{"seq": "digits", "family": "denoted", "a": "7", "b": "1", "gap": 6, "truth": "7", "mode": "instinct", "sample": 1, "ans": null, "correct": false, "latency": 0.324, "toks": 2}
{"seq": "digits", "family": "denoted", "a": "7", "b": "1", "gap": 6, "truth": "7", "mode": "think", "sample": 0, "ans": null, "correct": false, "latency": 0.434, "toks": 16}
{"seq": "digits", "family": "denoted", "a": "7", "b": "1", "gap": 6, "truth": "7", "mode": "think", "sample": 1, "ans": null, "correct": false, "latency": 0.426, "toks": 14}
{"seq": "digits", "family": "denoted", "a": "1", "b": "6", "gap": 5, "truth": "6", "mode": "instinct", "sample": 0, "ans": null, "correct": false, "latency": 0.359, "toks": 2}
{"seq": "digits", "family": "denoted", "a": "1", "b": "6", "gap": 5, "truth": "6", "mode": "instinct", "sample": 1, "ans": null, "correct": false, "latency": 0.305, "toks": 2}
{"seq": "digits", "family": "denoted", "a": "1", "b": "6", "gap": 5, "truth": "6", "mode": "think", "sample": 0, "ans": null, "correct": false, "latency": 0.432, "toks": 16}
{"seq": "digits", "family": "denoted", "a": "1", "b": "6", "gap": 5, "truth": "6", "mode": "think", "sample": 1, "ans": null, "correct": false, "latency": 0.601, "toks": 27}
{"seq": "digits", "family": "denoted", "a": "6", "b": "1", "gap": 5, "truth": "6", "mode": "instinct", "sample": 0, "ans": null, "correct": false, "latency": 0.41, "toks": 2}
{"seq": "digits", "family": "denoted", "a": "6", "b": "1", "gap": 5, "truth": "6", "mode": "instinct", "sample": 1, "ans": "6", "correct": true, "latency": 0.318, "toks": 2}
{"seq": "digits", "family": "denoted", "a": "6", "b": "1", "gap": 5, "truth": "6", "mode": "think", "sample": 0, "ans": null, "correct": false, "latency": 0.441, "toks": 16}
{"seq": "digits", "family": "denoted", "a": "6", "b": "1", "gap": 5, "truth": "6", "mode": "think", "sample": 1, "ans": null, "correct": false, "latency": 0.401, "toks": 11}
{"seq": "circled", "family": "denoted", "a": "④", "b": "⑨", "gap": 5, "truth": "⑨", "mode": "instinct", "sample": 0, "ans": "⑨", "correct": true, "latency": 0.38, "toks": 3}
{"seq": "circled", "family": "denoted", "a": "④", "b": "⑨", "gap": 5, "truth": "⑨", "mode": "instinct", "sample": 1, "ans": "⑨", "correct": true, "latency": 0.337, "toks": 3}
{"seq": "circled", "family": "denoted", "a": "④", "b": "⑨", "gap": 5, "truth": "⑨", "mode": "think", "sample": 0, "ans": "⑨", "correct": true, "latency": 0.428, "toks": 14}
{"seq": "circled", "family": "denoted", "a": "④", "b": "⑨", "gap": 5, "truth": "⑨", "mode": "think", "sample": 1, "ans": "⑨", "correct": true, "latency": 0.569, "toks": 14}
{"seq": "circled", "family": "denoted", "a": "⑨", "b": "④", "gap": 5, "truth": "⑨", "mode": "instinct", "sample": 0, "ans": "⑨", "correct": true, "latency": 0.792, "toks": 3}
{"seq": "circled", "family": "denoted", "a": "⑨", "b": "④", "gap": 5, "truth": "⑨", "mode": "instinct", "sample": 1, "ans": "⑨", "correct": true, "latency": 0.344, "toks": 3}
{"seq": "circled", "family": "denoted", "a": "⑨", "b": "④", "gap": 5, "truth": "⑨", "mode": "think", "sample": 0, "ans": "⑨", "correct": true, "latency": 0.434, "toks": 14}
{"seq": "circled", "family": "denoted", "a": "⑨", "b": "④", "gap": 5, "truth": "⑨", "mode": "think", "sample": 1, "ans": "⑨", "correct": true, "latency": 0.672, "toks": 16}
{"seq": "circled", "family": "denoted", "a": "⑤", "b": "⑦", "gap": 2, "truth": "⑦", "mode": "instinct", "sample": 0, "ans": null, "correct": false, "latency": 0.369, "toks": 3}
{"seq": "circled", "family": "denoted", "a": "⑤", "b": "⑦", "gap": 2, "truth": "⑦", "mode": "instinct", "sample": 1, "ans": null, "correct": false, "latency": 0.328, "toks": 3}
{"seq": "circled", "family": "denoted", "a": "⑤", "b": "⑦", "gap": 2, "truth": "⑦", "mode": "think", "sample": 0, "ans": "⑦", "correct": true, "latency": 0.437, "toks": 15}
{"seq": "circled", "family": "denoted", "a": "⑤", "b": "⑦", "gap": 2, "truth": "⑦", "mode": "think", "sample": 1, "ans": "⑦", "correct": true, "latency": 0.637, "toks": 15}
{"seq": "circled", "family": "denoted", "a": "⑦", "b": "⑤", "gap": 2, "truth": "⑦", "mode": "instinct", "sample": 0, "ans": "⑦", "correct": true, "latency": 0.737, "toks": 3}
{"seq": "circled", "family": "denoted", "a": "⑦", "b": "⑤", "gap": 2, "truth": "⑦", "mode": "instinct", "sample": 1, "ans": "⑦", "correct": true, "latency": 0.341, "toks": 3}
{"seq": "circled", "family": "denoted", "a": "⑦", "b": "⑤", "gap": 2, "truth": "⑦", "mode": "think", "sample": 0, "ans": "⑦", "correct": true, "latency": 0.398, "toks": 14}
{"seq": "circled", "family": "denoted", "a": "⑦", "b": "⑤", "gap": 2, "truth": "⑦", "mode": "think", "sample": 1, "ans": null, "correct": false, "latency": 0.604, "toks": 15}
{"seq": "circled", "family": "denoted", "a": "③", "b": "④", "gap": 1, "truth": "④", "mode": "instinct", "sample": 0, "ans": "③", "correct": false, "latency": 0.54, "toks": 2}
{"seq": "circled", "family": "denoted", "a": "③", "b": "④", "gap": 1, "truth": "④", "mode": "instinct", "sample": 1, "ans": "③", "correct": false, "latency": 0.339, "toks": 2}
{"seq": "circled", "family": "denoted", "a": "③", "b": "④", "gap": 1, "truth": "④", "mode": "think", "sample": 0, "ans": "④", "correct": true, "latency": 0.432, "toks": 14}
{"seq": "circled", "family": "denoted", "a": "③", "b": "④", "gap": 1, "truth": "④", "mode": "think", "sample": 1, "ans": null, "correct": false, "latency": 0.663, "toks": 16}
{"seq": "circled", "family": "denoted", "a": "④", "b": "③", "gap": 1, "truth": "④", "mode": "instinct", "sample": 0, "ans": "④", "correct": true, "latency": 0.447, "toks": 3}
{"seq": "circled", "family": "denoted", "a": "④", "b": "③", "gap": 1, "truth": "④", "mode": "instinct", "sample": 1, "ans": "④", "correct": true, "latency": 0.34, "toks": 3}
{"seq": "circled", "family": "denoted", "a": "④", "b": "③", "gap": 1, "truth": "④", "mode": "think", "sample": 0, "ans": "④", "correct": true, "latency": 0.429, "toks": 14}
{"seq": "circled", "family": "denoted", "a": "④", "b": "③", "gap": 1, "truth": "④", "mode": "think", "sample": 1, "ans": null, "correct": false, "latency": 0.486, "toks": 8}
{"seq": "circled", "family": "denoted", "a": "①", "b": "⑨", "gap": 8, "truth": "⑨", "mode": "instinct", "sample": 0, "ans": "⑨", "correct": true, "latency": 0.665, "toks": 3}
{"seq": "circled", "family": "denoted", "a": "①", "b": "⑨", "gap": 8, "truth": "⑨", "mode": "instinct", "sample": 1, "ans": null, "correct": false, "latency": 0.312, "toks": 2}
{"seq": "circled", "family": "denoted", "a": "①", "b": "⑨", "gap": 8, "truth": "⑨", "mode": "think", "sample": 0, "ans": "⑨", "correct": true, "latency": 0.434, "toks": 15}
{"seq": "circled", "family": "denoted", "a": "①", "b": "⑨", "gap": 8, "truth": "⑨", "mode": "think", "sample": 1, "ans": "⑨", "correct": true, "latency": 0.536, "toks": 9}
{"seq": "circled", "family": "denoted", "a": "⑨", "b": "①", "gap": 8, "truth": "⑨", "mode": "instinct", "sample": 0, "ans": "⑨", "correct": true, "latency": 0.752, "toks": 3}
{"seq": "circled", "family": "denoted", "a": "⑨", "b": "①", "gap": 8, "truth": "⑨", "mode": "instinct", "sample": 1, "ans": "①", "correct": false, "latency": 0.335, "toks": 2}
{"seq": "circled", "family": "denoted", "a": "⑨", "b": "①", "gap": 8, "truth": "⑨", "mode": "think", "sample": 0, "ans": "①", "correct": false, "latency": 0.428, "toks": 13}
{"seq": "circled", "family": "denoted", "a": "⑨", "b": "①", "gap": 8, "truth": "⑨", "mode": "think", "sample": 1, "ans": "①", "correct": false, "latency": 0.445, "toks": 13}
{"seq": "circled", "family": "denoted", "a": "③", "b": "⑥", "gap": 3, "truth": "⑥", "mode": "instinct", "sample": 0, "ans": "③", "correct": false, "latency": 0.368, "toks": 2}
{"seq": "circled", "family": "denoted", "a": "③", "b": "⑥", "gap": 3, "truth": "⑥", "mode": "instinct", "sample": 1, "ans": "③", "correct": false, "latency": 0.328, "toks": 2}
{"seq": "circled", "family": "denoted", "a": "③", "b": "⑥", "gap": 3, "truth": "⑥", "mode": "think", "sample": 0, "ans": "⑥", "correct": true, "latency": 0.424, "toks": 14}
{"seq": "circled", "family": "denoted", "a": "③", "b": "⑥", "gap": 3, "truth": "⑥", "mode": "think", "sample": 1, "ans": null, "correct": false, "latency": 0.5, "toks": 15}
{"seq": "circled", "family": "denoted", "a": "⑥", "b": "③", "gap": 3, "truth": "⑥", "mode": "instinct", "sample": 0, "ans": "⑥", "correct": true, "latency": 0.4, "toks": 3}
{"seq": "circled", "family": "denoted", "a": "⑥", "b": "③", "gap": 3, "truth": "⑥", "mode": "instinct", "sample": 1, "ans": "⑥", "correct": true, "latency": 0.347, "toks": 3}
{"seq": "circled", "family": "denoted", "a": "⑥", "b": "③", "gap": 3, "truth": "⑥", "mode": "think", "sample": 0, "ans": "⑥", "correct": true, "latency": 0.437, "toks": 14}
{"seq": "circled", "family": "denoted", "a": "⑥", "b": "③", "gap": 3, "truth": "⑥", "mode": "think", "sample": 1, "ans": "⑥", "correct": true, "latency": 0.413, "toks": 9}
{"seq": "circled", "family": "denoted", "a": "②", "b": "④", "gap": 2, "truth": "④", "mode": "instinct", "sample": 0, "ans": "②", "correct": false, "latency": 0.468, "toks": 2}
{"seq": "circled", "family": "denoted", "a": "②", "b": "④", "gap": 2, "truth": "④", "mode": "instinct", "sample": 1, "ans": "②", "correct": false, "latency": 0.311, "toks": 2}
{"seq": "circled", "family": "denoted", "a": "②", "b": "④", "gap": 2, "truth": "④", "mode": "think", "sample": 0, "ans": "④", "correct": true, "latency": 0.397, "toks": 9}
{"seq": "circled", "family": "denoted", "a": "②", "b": "④", "gap": 2, "truth": "④", "mode": "think", "sample": 1, "ans": "④", "correct": true, "latency": 0.377, "toks": 9}
{"seq": "circled", "family": "denoted", "a": "④", "b": "②", "gap": 2, "truth": "④", "mode": "instinct", "sample": 0, "ans": "④", "correct": true, "latency": 0.419, "toks": 3}
{"seq": "circled", "family": "denoted", "a": "④", "b": "②", "gap": 2, "truth": "④", "mode": "instinct", "sample": 1, "ans": "④", "correct": true, "latency": 0.321, "toks": 3}
{"seq": "circled", "family": "denoted", "a": "④", "b": "②", "gap": 2, "truth": "④", "mode": "think", "sample": 0, "ans": "④", "correct": true, "latency": 0.437, "toks": 14}
{"seq": "circled", "family": "denoted", "a": "④", "b": "②", "gap": 2, "truth": "④", "mode": "think", "sample": 1, "ans": "④", "correct": true, "latency": 0.41, "toks": 12}
{"seq": "roman", "family": "denoted", "a": "Ⅰ", "b": "Ⅴ", "gap": 4, "truth": "Ⅴ", "mode": "instinct", "sample": 0, "ans": "Ⅰ", "correct": false, "latency": 0.388, "toks": 3}
{"seq": "roman", "family": "denoted", "a": "Ⅰ", "b": "Ⅴ", "gap": 4, "truth": "Ⅴ", "mode": "instinct", "sample": 1, "ans": "Ⅰ", "correct": false, "latency": 0.332, "toks": 3}
{"seq": "roman", "family": "denoted", "a": "Ⅰ", "b": "Ⅴ", "gap": 4, "truth": "Ⅴ", "mode": "think", "sample": 0, "ans": null, "correct": false, "latency": 0.53, "toks": 26}
{"seq": "roman", "family": "denoted", "a": "Ⅰ", "b": "Ⅴ", "gap": 4, "truth": "Ⅴ", "mode": "think", "sample": 1, "ans": null, "correct": false, "latency": 0.867, "toks": 20}
{"seq": "roman", "family": "denoted", "a": "Ⅴ", "b": "Ⅰ", "gap": 4, "truth": "Ⅴ", "mode": "instinct", "sample": 0, "ans": "Ⅰ", "correct": false, "latency": 0.408, "toks": 3}
{"seq": "roman", "family": "denoted", "a": "Ⅴ", "b": "Ⅰ", "gap": 4, "truth": "Ⅴ", "mode": "instinct", "sample": 1, "ans": "Ⅰ", "correct": false, "latency": 0.34, "toks": 3}
{"seq": "roman", "family": "denoted", "a": "Ⅴ", "b": "Ⅰ", "gap": 4, "truth": "Ⅴ", "mode": "think", "sample": 0, "ans": null, "correct": false, "latency": 0.505, "toks": 23}
{"seq": "roman", "family": "denoted", "a": "Ⅴ", "b": "Ⅰ", "gap": 4, "truth": "Ⅴ", "mode": "think", "sample": 1, "ans": null, "correct": false, "latency": 0.73, "toks": 20}
{"seq": "roman", "family": "denoted", "a": "Ⅵ", "b": "Ⅸ", "gap": 3, "truth": "Ⅸ", "mode": "instinct", "sample": 0, "ans": "Ⅸ", "correct": true, "latency": 0.521, "toks": 3}
{"seq": "roman", "family": "denoted", "a": "Ⅵ", "b": "Ⅸ", "gap": 3, "truth": "Ⅸ", "mode": "instinct", "sample": 1, "ans": "Ⅸ", "correct": true, "latency": 0.336, "toks": 3}
{"seq": "roman", "family": "denoted", "a": "Ⅵ", "b": "Ⅸ", "gap": 3, "truth": "Ⅸ", "mode": "think", "sample": 0, "ans": "Ⅸ", "correct": true, "latency": 0.561, "toks": 30}
{"seq": "roman", "family": "denoted", "a": "Ⅵ", "b": "Ⅸ", "gap": 3, "truth": "Ⅸ", "mode": "think", "sample": 1, "ans": "Ⅸ", "correct": true, "latency": 0.822, "toks": 14}
{"seq": "roman", "family": "denoted", "a": "Ⅸ", "b": "Ⅵ", "gap": 3, "truth": "Ⅸ", "mode": "instinct", "sample": 0, "ans": "Ⅸ", "correct": true, "latency": 0.692, "toks": 3}
{"seq": "roman", "family": "denoted", "a": "Ⅸ", "b": "Ⅵ", "gap": 3, "truth": "Ⅸ", "mode": "instinct", "sample": 1, "ans": "Ⅸ", "correct": true, "latency": 0.331, "toks": 3}
{"seq": "roman", "family": "denoted", "a": "Ⅸ", "b": "Ⅵ", "gap": 3, "truth": "Ⅸ", "mode": "think", "sample": 0, "ans": "Ⅸ", "correct": true, "latency": 0.527, "toks": 25}
{"seq": "roman", "family": "denoted", "a": "Ⅸ", "b": "Ⅵ", "gap": 3, "truth": "Ⅸ", "mode": "think", "sample": 1, "ans": "Ⅸ", "correct": true, "latency": 1.115, "toks": 48}
{"seq": "roman", "family": "denoted", "a": "Ⅳ", "b": "Ⅷ", "gap": 4, "truth": "Ⅷ", "mode": "instinct", "sample": 0, "ans": "Ⅷ", "correct": true, "latency": 0.425, "toks": 3}
{"seq": "roman", "family": "denoted", "a": "Ⅳ", "b": "Ⅷ", "gap": 4, "truth": "Ⅷ", "mode": "instinct", "sample": 1, "ans": "Ⅷ", "correct": true, "latency": 0.316, "toks": 3}
{"seq": "roman", "family": "denoted", "a": "Ⅳ", "b": "Ⅷ", "gap": 4, "truth": "Ⅷ", "mode": "think", "sample": 0, "ans": "Ⅷ", "correct": true, "latency": 0.518, "toks": 26}
{"seq": "roman", "family": "denoted", "a": "Ⅳ", "b": "Ⅷ", "gap": 4, "truth": "Ⅷ", "mode": "think", "sample": 1, "ans": null, "correct": false, "latency": 0.608, "toks": 19}
{"seq": "roman", "family": "denoted", "a": "Ⅷ", "b": "Ⅳ", "gap": 4, "truth": "Ⅷ", "mode": "instinct", "sample": 0, "ans": "Ⅷ", "correct": true, "latency": 0.689, "toks": 3}
{"seq": "roman", "family": "denoted", "a": "Ⅷ", "b": "Ⅳ", "gap": 4, "truth": "Ⅷ", "mode": "instinct", "sample": 1, "ans": "Ⅷ", "correct": true, "latency": 0.345, "toks": 3}
{"seq": "roman", "family": "denoted", "a": "Ⅷ", "b": "Ⅳ", "gap": 4, "truth": "Ⅷ", "mode": "think", "sample": 0, "ans": "Ⅷ", "correct": true, "latency": 0.519, "toks": 26}
{"seq": "roman", "family": "denoted", "a": "Ⅷ", "b": "Ⅳ", "gap": 4, "truth": "Ⅷ", "mode": "think", "sample": 1, "ans": "Ⅷ", "correct": true, "latency": 0.935, "toks": 40}
{"seq": "roman", "family": "denoted", "a": "Ⅵ", "b": "Ⅶ", "gap": 1, "truth": "Ⅶ", "mode": "instinct", "sample": 0, "ans": "Ⅵ", "correct": false, "latency": 0.416, "toks": 2}
{"seq": "roman", "family": "denoted", "a": "Ⅵ", "b": "Ⅶ", "gap": 1, "truth": "Ⅶ", "mode": "instinct", "sample": 1, "ans": null, "correct": false, "latency": 0.333, "toks": 3}
{"seq": "roman", "family": "denoted", "a": "Ⅵ", "b": "Ⅶ", "gap": 1, "truth": "Ⅶ", "mode": "think", "sample": 0, "ans": null, "correct": false, "latency": 0.565, "toks": 30}
{"seq": "roman", "family": "denoted", "a": "Ⅵ", "b": "Ⅶ", "gap": 1, "truth": "Ⅶ", "mode": "think", "sample": 1, "ans": null, "correct": false, "latency": 0.508, "toks": 15}
{"seq": "roman", "family": "denoted", "a": "Ⅶ", "b": "Ⅵ", "gap": 1, "truth": "Ⅶ", "mode": "instinct", "sample": 0, "ans": "Ⅶ", "correct": true, "latency": 0.431, "toks": 3}
{"seq": "roman", "family": "denoted", "a": "Ⅶ", "b": "Ⅵ", "gap": 1, "truth": "Ⅶ", "mode": "instinct", "sample": 1, "ans": null, "correct": false, "latency": 0.328, "toks": 3}
{"seq": "roman", "family": "denoted", "a": "Ⅶ", "b": "Ⅵ", "gap": 1, "truth": "Ⅶ", "mode": "think", "sample": 0, "ans": "Ⅶ", "correct": true, "latency": 0.428, "toks": 14}
{"seq": "roman", "family": "denoted", "a": "Ⅶ", "b": "Ⅵ", "gap": 1, "truth": "Ⅶ", "mode": "think", "sample": 1, "ans": "Ⅶ", "correct": true, "latency": 0.445, "toks": 14}
{"seq": "roman", "family": "denoted", "a": "Ⅰ", "b": "Ⅵ", "gap": 5, "truth": "Ⅵ", "mode": "instinct", "sample": 0, "ans": "Ⅰ", "correct": false, "latency": 0.568, "toks": 3}
{"seq": "roman", "family": "denoted", "a": "Ⅰ", "b": "Ⅵ", "gap": 5, "truth": "Ⅵ", "mode": "instinct", "sample": 1, "ans": "Ⅰ", "correct": false, "latency": 0.344, "toks": 3}
{"seq": "roman", "family": "denoted", "a": "Ⅰ", "b": "Ⅵ", "gap": 5, "truth": "Ⅵ", "mode": "think", "sample": 0, "ans": null, "correct": false, "latency": 0.507, "toks": 23}
{"seq": "roman", "family": "denoted", "a": "Ⅰ", "b": "Ⅵ", "gap": 5, "truth": "Ⅵ", "mode": "think", "sample": 1, "ans": null, "correct": false, "latency": 0.593, "toks": 20}
{"seq": "roman", "family": "denoted", "a": "Ⅵ", "b": "Ⅰ", "gap": 5, "truth": "Ⅵ", "mode": "instinct", "sample": 0, "ans": "Ⅵ", "correct": true, "latency": 0.47, "toks": 2}
{"seq": "roman", "family": "denoted", "a": "Ⅵ", "b": "Ⅰ", "gap": 5, "truth": "Ⅵ", "mode": "instinct", "sample": 1, "ans": "Ⅵ", "correct": true, "latency": 0.363, "toks": 2}
{"seq": "roman", "family": "denoted", "a": "Ⅵ", "b": "Ⅰ", "gap": 5, "truth": "Ⅵ", "mode": "think", "sample": 0, "ans": null, "correct": false, "latency": 0.414, "toks": 14}
{"seq": "roman", "family": "denoted", "a": "Ⅵ", "b": "Ⅰ", "gap": 5, "truth": "Ⅵ", "mode": "think", "sample": 1, "ans": null, "correct": false, "latency": 0.546, "toks": 14}
{"seq": "roman", "family": "denoted", "a": "Ⅲ", "b": "Ⅵ", "gap": 3, "truth": "Ⅵ", "mode": "instinct", "sample": 0, "ans": null, "correct": false, "latency": 0.481, "toks": 3}
{"seq": "roman", "family": "denoted", "a": "Ⅲ", "b": "Ⅵ", "gap": 3, "truth": "Ⅵ", "mode": "instinct", "sample": 1, "ans": "Ⅵ", "correct": true, "latency": 0.332, "toks": 2}
{"seq": "roman", "family": "denoted", "a": "Ⅲ", "b": "Ⅵ", "gap": 3, "truth": "Ⅵ", "mode": "think", "sample": 0, "ans": null, "correct": false, "latency": 0.545, "toks": 29}
{"seq": "roman", "family": "denoted", "a": "Ⅲ", "b": "Ⅵ", "gap": 3, "truth": "Ⅵ", "mode": "think", "sample": 1, "ans": "Ⅲ", "correct": false, "latency": 0.747, "toks": 20}
{"seq": "roman", "family": "denoted", "a": "Ⅵ", "b": "Ⅲ", "gap": 3, "truth": "Ⅵ", "mode": "instinct", "sample": 0, "ans": "Ⅵ", "correct": true, "latency": 0.538, "toks": 2}
{"seq": "roman", "family": "denoted", "a": "Ⅵ", "b": "Ⅲ", "gap": 3, "truth": "Ⅵ", "mode": "instinct", "sample": 1, "ans": "Ⅵ", "correct": true, "latency": 0.352, "toks": 2}
{"seq": "roman", "family": "denoted", "a": "Ⅵ", "b": "Ⅲ", "gap": 3, "truth": "Ⅵ", "mode": "think", "sample": 0, "ans": null, "correct": false, "latency": 0.533, "toks": 28}
{"seq": "roman", "family": "denoted", "a": "Ⅵ", "b": "Ⅲ", "gap": 3, "truth": "Ⅵ", "mode": "think", "sample": 1, "ans": null, "correct": false, "latency": 0.479, "toks": 14}
{"seq": "fractions", "family": "denoted", "a": "¼", "b": "¾", "gap": 4, "truth": "¾", "mode": "instinct", "sample": 0, "ans": "¾", "correct": true, "latency": 0.478, "toks": 2}
{"seq": "fractions", "family": "denoted", "a": "¼", "b": "¾", "gap": 4, "truth": "¾", "mode": "instinct", "sample": 1, "ans": "¾", "correct": true, "latency": 0.342, "toks": 2}
{"seq": "fractions", "family": "denoted", "a": "¼", "b": "¾", "gap": 4, "truth": "¾", "mode": "think", "sample": 0, "ans": null, "correct": false, "latency": 0.394, "toks": 10}
{"seq": "fractions", "family": "denoted", "a": "¼", "b": "¾", "gap": 4, "truth": "¾", "mode": "think", "sample": 1, "ans": null, "correct": false, "latency": 0.654, "toks": 22}
{"seq": "fractions", "family": "denoted", "a": "¾", "b": "¼", "gap": 4, "truth": "¾", "mode": "instinct", "sample": 0, "ans": null, "correct": false, "latency": 0.433, "toks": 2}
{"seq": "fractions", "family": "denoted", "a": "¾", "b": "¼", "gap": 4, "truth": "¾", "mode": "instinct", "sample": 1, "ans": "¾", "correct": true, "latency": 0.342, "toks": 2}
{"seq": "fractions", "family": "denoted", "a": "¾", "b": "¼", "gap": 4, "truth": "¾", "mode": "think", "sample": 0, "ans": "¾", "correct": true, "latency": 0.551, "toks": 29}
{"seq": "fractions", "family": "denoted", "a": "¾", "b": "¼", "gap": 4, "truth": "¾", "mode": "think", "sample": 1, "ans": "¾", "correct": true, "latency": 0.787, "toks": 40}
{"seq": "fractions", "family": "denoted", "a": "⅛", "b": "⅞", "gap": 6, "truth": "⅞", "mode": "instinct", "sample": 0, "ans": "⅞", "correct": true, "latency": 0.411, "toks": 3}
{"seq": "fractions", "family": "denoted", "a": "⅛", "b": "⅞", "gap": 6, "truth": "⅞", "mode": "instinct", "sample": 1, "ans": "⅞", "correct": true, "latency": 0.312, "toks": 3}
{"seq": "fractions", "family": "denoted", "a": "⅛", "b": "⅞", "gap": 6, "truth": "⅞", "mode": "think", "sample": 0, "ans": "⅞", "correct": true, "latency": 0.514, "toks": 25}
{"seq": "fractions", "family": "denoted", "a": "⅛", "b": "⅞", "gap": 6, "truth": "⅞", "mode": "think", "sample": 1, "ans": null, "correct": false, "latency": 0.667, "toks": 35}
{"seq": "fractions", "family": "denoted", "a": "⅞", "b": "⅛", "gap": 6, "truth": "⅞", "mode": "instinct", "sample": 0, "ans": "⅛", "correct": false, "latency": 0.769, "toks": 3}
{"seq": "fractions", "family": "denoted", "a": "⅞", "b": "⅛", "gap": 6, "truth": "⅞", "mode": "instinct", "sample": 1, "ans": "⅛", "correct": false, "latency": 0.346, "toks": 3}
{"seq": "fractions", "family": "denoted", "a": "⅞", "b": "⅛", "gap": 6, "truth": "⅞", "mode": "think", "sample": 0, "ans": "⅞", "correct": true, "latency": 0.476, "toks": 20}
{"seq": "fractions", "family": "denoted", "a": "⅞", "b": "⅛", "gap": 6, "truth": "⅞", "mode": "think", "sample": 1, "ans": null, "correct": false, "latency": 0.574, "toks": 19}
{"seq": "fractions", "family": "denoted", "a": "⅛", "b": "⅜", "gap": 2, "truth": "⅜", "mode": "instinct", "sample": 0, "ans": "⅜", "correct": true, "latency": 0.433, "toks": 3}
{"seq": "fractions", "family": "denoted", "a": "⅛", "b": "⅜", "gap": 2, "truth": "⅜", "mode": "instinct", "sample": 1, "ans": null, "correct": false, "latency": 0.35, "toks": 3}
{"seq": "fractions", "family": "denoted", "a": "⅛", "b": "⅜", "gap": 2, "truth": "⅜", "mode": "think", "sample": 0, "ans": null, "correct": false, "latency": 0.448, "toks": 17}
{"seq": "fractions", "family": "denoted", "a": "⅛", "b": "⅜", "gap": 2, "truth": "⅜", "mode": "think", "sample": 1, "ans": null, "correct": false, "latency": 0.608, "toks": 18}
{"seq": "fractions", "family": "denoted", "a": "⅜", "b": "⅛", "gap": 2, "truth": "⅜", "mode": "instinct", "sample": 0, "ans": null, "correct": false, "latency": 0.423, "toks": 3}
{"seq": "fractions", "family": "denoted", "a": "⅜", "b": "⅛", "gap": 2, "truth": "⅜", "mode": "instinct", "sample": 1, "ans": "⅛", "correct": false, "latency": 0.348, "toks": 3}
{"seq": "fractions", "family": "denoted", "a": "⅜", "b": "⅛", "gap": 2, "truth": "⅜", "mode": "think", "sample": 0, "ans": "⅜", "correct": true, "latency": 0.487, "toks": 20}
{"seq": "fractions", "family": "denoted", "a": "⅜", "b": "⅛", "gap": 2, "truth": "⅜", "mode": "think", "sample": 1, "ans": "⅜", "correct": true, "latency": 0.778, "toks": 40}
{"seq": "fractions", "family": "denoted", "a": "⅝", "b": "¾", "gap": 1, "truth": "¾", "mode": "instinct", "sample": 0, "ans": "⅝", "correct": false, "latency": 0.422, "toks": 3}
{"seq": "fractions", "family": "denoted", "a": "⅝", "b": "¾", "gap": 1, "truth": "¾", "mode": "instinct", "sample": 1, "ans": "⅝", "correct": false, "latency": 0.342, "toks": 3}
{"seq": "fractions", "family": "denoted", "a": "⅝", "b": "¾", "gap": 1, "truth": "¾", "mode": "think", "sample": 0, "ans": "⅝", "correct": false, "latency": 0.622, "toks": 35}
{"seq": "fractions", "family": "denoted", "a": "⅝", "b": "¾", "gap": 1, "truth": "¾", "mode": "think", "sample": 1, "ans": null, "correct": false, "latency": 0.988, "toks": 61}
{"seq": "fractions", "family": "denoted", "a": "¾", "b": "⅝", "gap": 1, "truth": "¾", "mode": "instinct", "sample": 0, "ans": "⅝", "correct": false, "latency": 0.709, "toks": 3}
{"seq": "fractions", "family": "denoted", "a": "¾", "b": "⅝", "gap": 1, "truth": "¾", "mode": "instinct", "sample": 1, "ans": "¾", "correct": true, "latency": 0.332, "toks": 2}
{"seq": "fractions", "family": "denoted", "a": "¾", "b": "⅝", "gap": 1, "truth": "¾", "mode": "think", "sample": 0, "ans": "¾", "correct": true, "latency": 0.468, "toks": 18}
{"seq": "fractions", "family": "denoted", "a": "¾", "b": "⅝", "gap": 1, "truth": "¾", "mode": "think", "sample": 1, "ans": null, "correct": false, "latency": 0.984, "toks": 59}
{"seq": "fractions", "family": "denoted", "a": "⅛", "b": "¾", "gap": 5, "truth": "¾", "mode": "instinct", "sample": 0, "ans": "¾", "correct": true, "latency": 0.446, "toks": 2}
{"seq": "fractions", "family": "denoted", "a": "⅛", "b": "¾", "gap": 5, "truth": "¾", "mode": "instinct", "sample": 1, "ans": "¾", "correct": true, "latency": 0.323, "toks": 2}
{"seq": "fractions", "family": "denoted", "a": "⅛", "b": "¾", "gap": 5, "truth": "¾", "mode": "think", "sample": 0, "ans": "¾", "correct": true, "latency": 0.528, "toks": 27}
{"seq": "fractions", "family": "denoted", "a": "⅛", "b": "¾", "gap": 5, "truth": "¾", "mode": "think", "sample": 1, "ans": null, "correct": false, "latency": 0.933, "toks": 55}
{"seq": "fractions", "family": "denoted", "a": "¾", "b": "⅛", "gap": 5, "truth": "¾", "mode": "instinct", "sample": 0, "ans": null, "correct": false, "latency": 0.633, "toks": 3}
{"seq": "fractions", "family": "denoted", "a": "¾", "b": "⅛", "gap": 5, "truth": "¾", "mode": "instinct", "sample": 1, "ans": null, "correct": false, "latency": 0.349, "toks": 3}
{"seq": "fractions", "family": "denoted", "a": "¾", "b": "⅛", "gap": 5, "truth": "¾", "mode": "think", "sample": 0, "ans": null, "correct": false, "latency": 0.977, "toks": 68}
{"seq": "fractions", "family": "denoted", "a": "¾", "b": "⅛", "gap": 5, "truth": "¾", "mode": "think", "sample": 1, "ans": null, "correct": false, "latency": 1.016, "toks": 54}
{"seq": "fractions", "family": "denoted", "a": "⅜", "b": "¾", "gap": 3, "truth": "¾", "mode": "instinct", "sample": 0, "ans": "¾", "correct": true, "latency": 0.423, "toks": 2}
{"seq": "fractions", "family": "denoted", "a": "⅜", "b": "¾", "gap": 3, "truth": "¾", "mode": "instinct", "sample": 1, "ans": "¾", "correct": true, "latency": 0.313, "toks": 2}
{"seq": "fractions", "family": "denoted", "a": "⅜", "b": "¾", "gap": 3, "truth": "¾", "mode": "think", "sample": 0, "ans": "¾", "correct": true, "latency": 0.442, "toks": 15}
{"seq": "fractions", "family": "denoted", "a": "⅜", "b": "¾", "gap": 3, "truth": "¾", "mode": "think", "sample": 1, "ans": "¾", "correct": true, "latency": 0.507, "toks": 22}
{"seq": "fractions", "family": "denoted", "a": "¾", "b": "⅜", "gap": 3, "truth": "¾", "mode": "instinct", "sample": 0, "ans": "¾", "correct": true, "latency": 0.482, "toks": 2}
{"seq": "fractions", "family": "denoted", "a": "¾", "b": "⅜", "gap": 3, "truth": "¾", "mode": "instinct", "sample": 1, "ans": null, "correct": false, "latency": 0.314, "toks": 2}
{"seq": "fractions", "family": "denoted", "a": "¾", "b": "⅜", "gap": 3, "truth": "¾", "mode": "think", "sample": 0, "ans": "¾", "correct": true, "latency": 0.538, "toks": 28}
{"seq": "fractions", "family": "denoted", "a": "¾", "b": "⅜", "gap": 3, "truth": "¾", "mode": "think", "sample": 1, "ans": null, "correct": false, "latency": 0.631, "toks": 26}
{"seq": "tamil-log", "family": "denoted", "a": "௧", "b": "௰", "gap": 1, "truth": "௰", "mode": "instinct", "sample": 0, "ans": "௧", "correct": false, "latency": 0.465, "toks": 3}
{"seq": "tamil-log", "family": "denoted", "a": "௧", "b": "௰", "gap": 1, "truth": "௰", "mode": "instinct", "sample": 1, "ans": "௧", "correct": false, "latency": 0.348, "toks": 3}
{"seq": "tamil-log", "family": "denoted", "a": "௧", "b": "௰", "gap": 1, "truth": "௰", "mode": "think", "sample": 0, "ans": "௰", "correct": true, "latency": 0.451, "toks": 15}
{"seq": "tamil-log", "family": "denoted", "a": "௧", "b": "௰", "gap": 1, "truth": "௰", "mode": "think", "sample": 1, "ans": null, "correct": false, "latency": 0.506, "toks": 18}
{"seq": "tamil-log", "family": "denoted", "a": "௰", "b": "௧", "gap": 1, "truth": "௰", "mode": "instinct", "sample": 0, "ans": "௰", "correct": true, "latency": 0.522, "toks": 3}
{"seq": "tamil-log", "family": "denoted", "a": "௰", "b": "௧", "gap": 1, "truth": "௰", "mode": "instinct", "sample": 1, "ans": "௰", "correct": true, "latency": 0.34, "toks": 3}
{"seq": "tamil-log", "family": "denoted", "a": "௰", "b": "௧", "gap": 1, "truth": "௰", "mode": "think", "sample": 0, "ans": "௧", "correct": false, "latency": 0.473, "toks": 20}
{"seq": "tamil-log", "family": "denoted", "a": "௰", "b": "௧", "gap": 1, "truth": "௰", "mode": "think", "sample": 1, "ans": "௧", "correct": false, "latency": 0.573, "toks": 22}
{"seq": "tamil-log", "family": "denoted", "a": "௰", "b": "௱", "gap": 1, "truth": "௱", "mode": "instinct", "sample": 0, "ans": "௱", "correct": true, "latency": 0.443, "toks": 3}
{"seq": "tamil-log", "family": "denoted", "a": "௰", "b": "௱", "gap": 1, "truth": "௱", "mode": "instinct", "sample": 1, "ans": "௱", "correct": true, "latency": 0.326, "toks": 3}
{"seq": "tamil-log", "family": "denoted", "a": "௰", "b": "௱", "gap": 1, "truth": "௱", "mode": "think", "sample": 0, "ans": "௱", "correct": true, "latency": 0.465, "toks": 20}
{"seq": "tamil-log", "family": "denoted", "a": "௰", "b": "௱", "gap": 1, "truth": "௱", "mode": "think", "sample": 1, "ans": "௱", "correct": true, "latency": 0.707, "toks": 42}
{"seq": "tamil-log", "family": "denoted", "a": "௱", "b": "௰", "gap": 1, "truth": "௱", "mode": "instinct", "sample": 0, "ans": "௰", "correct": false, "latency": 0.444, "toks": 3}
{"seq": "tamil-log", "family": "denoted", "a": "௱", "b": "௰", "gap": 1, "truth": "௱", "mode": "instinct", "sample": 1, "ans": null, "correct": false, "latency": 0.325, "toks": 3}
{"seq": "tamil-log", "family": "denoted", "a": "௱", "b": "௰", "gap": 1, "truth": "௱", "mode": "think", "sample": 0, "ans": "௰", "correct": false, "latency": 0.438, "toks": 15}
{"seq": "tamil-log", "family": "denoted", "a": "௱", "b": "௰", "gap": 1, "truth": "௱", "mode": "think", "sample": 1, "ans": "௰", "correct": false, "latency": 0.473, "toks": 17}
{"seq": "tamil-log", "family": "denoted", "a": "௧", "b": "௲", "gap": 3, "truth": "௲", "mode": "instinct", "sample": 0, "ans": "௧", "correct": false, "latency": 0.388, "toks": 3}
{"seq": "tamil-log", "family": "denoted", "a": "௧", "b": "௲", "gap": 3, "truth": "௲", "mode": "instinct", "sample": 1, "ans": "௧", "correct": false, "latency": 0.326, "toks": 3}
{"seq": "tamil-log", "family": "denoted", "a": "௧", "b": "௲", "gap": 3, "truth": "௲", "mode": "think", "sample": 0, "ans": "௧", "correct": false, "latency": 0.517, "toks": 24}
{"seq": "tamil-log", "family": "denoted", "a": "௧", "b": "௲", "gap": 3, "truth": "௲", "mode": "think", "sample": 1, "ans": "௧", "correct": false, "latency": 0.665, "toks": 26}
{"seq": "tamil-log", "family": "denoted", "a": "௲", "b": "௧", "gap": 3, "truth": "௲", "mode": "instinct", "sample": 0, "ans": "௲", "correct": true, "latency": 0.498, "toks": 3}
{"seq": "tamil-log", "family": "denoted", "a": "௲", "b": "௧", "gap": 3, "truth": "௲", "mode": "instinct", "sample": 1, "ans": "௲", "correct": true, "latency": 0.338, "toks": 3}
{"seq": "tamil-log", "family": "denoted", "a": "௲", "b": "௧", "gap": 3, "truth": "௲", "mode": "think", "sample": 0, "ans": "௧", "correct": false, "latency": 0.508, "toks": 24}
{"seq": "tamil-log", "family": "denoted", "a": "௲", "b": "௧", "gap": 3, "truth": "௲", "mode": "think", "sample": 1, "ans": "௧", "correct": false, "latency": 0.543, "toks": 14}
{"seq": "tamil-log", "family": "denoted", "a": "௱", "b": "௲", "gap": 1, "truth": "௲", "mode": "instinct", "sample": 0, "ans": "௱", "correct": false, "latency": 0.545, "toks": 3}
{"seq": "tamil-log", "family": "denoted", "a": "௱", "b": "௲", "gap": 1, "truth": "௲", "mode": "instinct", "sample": 1, "ans": "௱", "correct": false, "latency": 0.35, "toks": 3}
{"seq": "tamil-log", "family": "denoted", "a": "௱", "b": "௲", "gap": 1, "truth": "௲", "mode": "think", "sample": 0, "ans": "௲", "correct": true, "latency": 0.439, "toks": 14}
{"seq": "tamil-log", "family": "denoted", "a": "௱", "b": "௲", "gap": 1, "truth": "௲", "mode": "think", "sample": 1, "ans": "௱", "correct": false, "latency": 1.044, "toks": 65}
{"seq": "tamil-log", "family": "denoted", "a": "௲", "b": "௱", "gap": 1, "truth": "௲", "mode": "instinct", "sample": 0, "ans": "௱", "correct": false, "latency": 0.417, "toks": 3}
{"seq": "tamil-log", "family": "denoted", "a": "௲", "b": "௱", "gap": 1, "truth": "௲", "mode": "instinct", "sample": 1, "ans": "௱", "correct": false, "latency": 0.324, "toks": 3}
{"seq": "tamil-log", "family": "denoted", "a": "௲", "b": "௱", "gap": 1, "truth": "௲", "mode": "think", "sample": 0, "ans": "௱", "correct": false, "latency": 0.484, "toks": 24}
{"seq": "tamil-log", "family": "denoted", "a": "௲", "b": "௱", "gap": 1, "truth": "௲", "mode": "think", "sample": 1, "ans": "௱", "correct": false, "latency": 0.598, "toks": 25}
{"seq": "tamil-log", "family": "denoted", "a": "௧", "b": "௱", "gap": 2, "truth": "௱", "mode": "instinct", "sample": 0, "ans": "௱", "correct": true, "latency": 0.441, "toks": 3}
{"seq": "tamil-log", "family": "denoted", "a": "௧", "b": "௱", "gap": 2, "truth": "௱", "mode": "instinct", "sample": 1, "ans": "௧", "correct": false, "latency": 0.325, "toks": 3}
{"seq": "tamil-log", "family": "denoted", "a": "௧", "b": "௱", "gap": 2, "truth": "௱", "mode": "think", "sample": 0, "ans": "௱", "correct": true, "latency": 0.428, "toks": 15}
{"seq": "tamil-log", "family": "denoted", "a": "௧", "b": "௱", "gap": 2, "truth": "௱", "mode": "think", "sample": 1, "ans": "௱", "correct": true, "latency": 0.77, "toks": 47}
{"seq": "tamil-log", "family": "denoted", "a": "௱", "b": "௧", "gap": 2, "truth": "௱", "mode": "instinct", "sample": 0, "ans": "௱", "correct": true, "latency": 0.434, "toks": 3}
{"seq": "tamil-log", "family": "denoted", "a": "௱", "b": "௧", "gap": 2, "truth": "௱", "mode": "instinct", "sample": 1, "ans": "௱", "correct": true, "latency": 0.333, "toks": 3}
{"seq": "tamil-log", "family": "denoted", "a": "௱", "b": "௧", "gap": 2, "truth": "௱", "mode": "think", "sample": 0, "ans": "௱", "correct": true, "latency": 0.527, "toks": 24}
{"seq": "tamil-log", "family": "denoted", "a": "௱", "b": "௧", "gap": 2, "truth": "௱", "mode": "think", "sample": 1, "ans": "௧", "correct": false, "latency": 0.451, "toks": 14}
{"seq": "tamil-log", "family": "denoted", "a": "௰", "b": "௲", "gap": 2, "truth": "௲", "mode": "instinct", "sample": 0, "ans": "௲", "correct": true, "latency": 0.421, "toks": 3}
{"seq": "tamil-log", "family": "denoted", "a": "௰", "b": "௲", "gap": 2, "truth": "௲", "mode": "instinct", "sample": 1, "ans": "௲", "correct": true, "latency": 0.326, "toks": 3}
{"seq": "tamil-log", "family": "denoted", "a": "௰", "b": "௲", "gap": 2, "truth": "௲", "mode": "think", "sample": 0, "ans": "௲", "correct": true, "latency": 0.467, "toks": 18}
{"seq": "tamil-log", "family": "denoted", "a": "௰", "b": "௲", "gap": 2, "truth": "௲", "mode": "think", "sample": 1, "ans": "௲", "correct": true, "latency": 0.632, "toks": 29}
{"seq": "tamil-log", "family": "denoted", "a": "௲", "b": "௰", "gap": 2, "truth": "௲", "mode": "instinct", "sample": 0, "ans": "௰", "correct": false, "latency": 0.528, "toks": 3}
{"seq": "tamil-log", "family": "denoted", "a": "௲", "b": "௰", "gap": 2, "truth": "௲", "mode": "instinct", "sample": 1, "ans": "௰", "correct": false, "latency": 0.341, "toks": 3}
{"seq": "tamil-log", "family": "denoted", "a": "௲", "b": "௰", "gap": 2, "truth": "௲", "mode": "think", "sample": 0, "ans": "௰", "correct": false, "latency": 0.528, "toks": 28}
{"seq": "tamil-log", "family": "denoted", "a": "௲", "b": "௰", "gap": 2, "truth": "௲", "mode": "think", "sample": 1, "ans": null, "correct": false, "latency": 0.421, "toks": 9}
{"seq": "si-length", "family": "compiled", "a": "㎜", "b": "㎞", "gap": 2, "truth": "㎞", "mode": "instinct", "sample": 0, "ans": "㎞", "correct": true, "latency": 0.499, "toks": 3}
{"seq": "si-length", "family": "compiled", "a": "㎜", "b": "㎞", "gap": 2, "truth": "㎞", "mode": "instinct", "sample": 1, "ans": "㎞", "correct": true, "latency": 0.35, "toks": 3}
{"seq": "si-length", "family": "compiled", "a": "㎜", "b": "㎞", "gap": 2, "truth": "㎞", "mode": "think", "sample": 0, "ans": "㎞", "correct": true, "latency": 0.566, "toks": 31}
{"seq": "si-length", "family": "compiled", "a": "㎜", "b": "㎞", "gap": 2, "truth": "㎞", "mode": "think", "sample": 1, "ans": "㎞", "correct": true, "latency": 0.702, "toks": 28}
{"seq": "si-length", "family": "compiled", "a": "㎞", "b": "㎜", "gap": 2, "truth": "㎞", "mode": "instinct", "sample": 0, "ans": "㎞", "correct": true, "latency": 0.423, "toks": 3}
{"seq": "si-length", "family": "compiled", "a": "㎞", "b": "㎜", "gap": 2, "truth": "㎞", "mode": "instinct", "sample": 1, "ans": "㎞", "correct": true, "latency": 0.326, "toks": 3}
{"seq": "si-length", "family": "compiled", "a": "㎞", "b": "㎜", "gap": 2, "truth": "㎞", "mode": "think", "sample": 0, "ans": "㎞", "correct": true, "latency": 0.521, "toks": 27}
{"seq": "si-length", "family": "compiled", "a": "㎞", "b": "㎜", "gap": 2, "truth": "㎞", "mode": "think", "sample": 1, "ans": null, "correct": false, "latency": 0.814, "toks": 40}
{"seq": "si-length", "family": "compiled", "a": "㎚", "b": "㎝", "gap": 3, "truth": "㎝", "mode": "instinct", "sample": 0, "ans": "㎚", "correct": false, "latency": 1.099, "toks": 3}
{"seq": "si-length", "family": "compiled", "a": "㎚", "b": "㎝", "gap": 3, "truth": "㎝", "mode": "instinct", "sample": 1, "ans": null, "correct": false, "latency": 0.349, "toks": 3}
{"seq": "si-length", "family": "compiled", "a": "㎚", "b": "㎝", "gap": 3, "truth": "㎝", "mode": "think", "sample": 0, "ans": "㎚", "correct": false, "latency": 0.724, "toks": 46}
{"seq": "si-length", "family": "compiled", "a": "㎚", "b": "㎝", "gap": 3, "truth": "㎝", "mode": "think", "sample": 1, "ans": null, "correct": false, "latency": 1.067, "toks": 71}
{"seq": "si-length", "family": "compiled", "a": "㎝", "b": "㎚", "gap": 3, "truth": "㎝", "mode": "instinct", "sample": 0, "ans": "㎚", "correct": false, "latency": 0.415, "toks": 3}
{"seq": "si-length", "family": "compiled", "a": "㎝", "b": "㎚", "gap": 3, "truth": "㎝", "mode": "instinct", "sample": 1, "ans": "㎚", "correct": false, "latency": 0.332, "toks": 3}
{"seq": "si-length", "family": "compiled", "a": "㎝", "b": "㎚", "gap": 3, "truth": "㎝", "mode": "think", "sample": 0, "ans": "㎝", "correct": true, "latency": 0.686, "toks": 45}
{"seq": "si-length", "family": "compiled", "a": "㎝", "b": "㎚", "gap": 3, "truth": "㎝", "mode": "think", "sample": 1, "ans": "㎚", "correct": false, "latency": 0.589, "toks": 27}
{"seq": "si-length", "family": "compiled", "a": "㎛", "b": "㎞", "gap": 3, "truth": "㎞", "mode": "instinct", "sample": 0, "ans": "㎞", "correct": true, "latency": 0.499, "toks": 3}
{"seq": "si-length", "family": "compiled", "a": "㎛", "b": "㎞", "gap": 3, "truth": "㎞", "mode": "instinct", "sample": 1, "ans": "㎞", "correct": true, "latency": 0.315, "toks": 3}
{"seq": "si-length", "family": "compiled", "a": "㎛", "b": "㎞", "gap": 3, "truth": "㎞", "mode": "think", "sample": 0, "ans": "㎞", "correct": true, "latency": 0.562, "toks": 27}
{"seq": "si-length", "family": "compiled", "a": "㎛", "b": "㎞", "gap": 3, "truth": "㎞", "mode": "think", "sample": 1, "ans": "㎞", "correct": true, "latency": 0.695, "toks": 28}
{"seq": "si-length", "family": "compiled", "a": "㎞", "b": "㎛", "gap": 3, "truth": "㎞", "mode": "instinct", "sample": 0, "ans": "㎞", "correct": true, "latency": 0.428, "toks": 3}
{"seq": "si-length", "family": "compiled", "a": "㎞", "b": "㎛", "gap": 3, "truth": "㎞", "mode": "instinct", "sample": 1, "ans": "㎛", "correct": false, "latency": 0.34, "toks": 3}
{"seq": "si-length", "family": "compiled", "a": "㎞", "b": "㎛", "gap": 3, "truth": "㎞", "mode": "think", "sample": 0, "ans": "㎞", "correct": true, "latency": 0.504, "toks": 23}
{"seq": "si-length", "family": "compiled", "a": "㎞", "b": "㎛", "gap": 3, "truth": "㎞", "mode": "think", "sample": 1, "ans": null, "correct": false, "latency": 0.444, "toks": 11}
{"seq": "si-length", "family": "compiled", "a": "㎜", "b": "㎝", "gap": 1, "truth": "㎝", "mode": "instinct", "sample": 0, "ans": "㎜", "correct": false, "latency": 0.466, "toks": 3}
{"seq": "si-length", "family": "compiled", "a": "㎜", "b": "㎝", "gap": 1, "truth": "㎝", "mode": "instinct", "sample": 1, "ans": "㎜", "correct": false, "latency": 0.335, "toks": 3}
{"seq": "si-length", "family": "compiled", "a": "㎜", "b": "㎝", "gap": 1, "truth": "㎝", "mode": "think", "sample": 0, "ans": "㎝", "correct": true, "latency": 0.695, "toks": 43}
{"seq": "si-length", "family": "compiled", "a": "㎜", "b": "㎝", "gap": 1, "truth": "㎝", "mode": "think", "sample": 1, "ans": "㎝", "correct": true, "latency": 0.703, "toks": 32}
{"seq": "si-length", "family": "compiled", "a": "㎝", "b": "㎜", "gap": 1, "truth": "㎝", "mode": "instinct", "sample": 0, "ans": "㎝", "correct": true, "latency": 0.459, "toks": 3}
{"seq": "si-length", "family": "compiled", "a": "㎝", "b": "㎜", "gap": 1, "truth": "㎝", "mode": "instinct", "sample": 1, "ans": "㎝", "correct": true, "latency": 0.341, "toks": 3}
{"seq": "si-length", "family": "compiled", "a": "㎝", "b": "㎜", "gap": 1, "truth": "㎝", "mode": "think", "sample": 0, "ans": "㎝", "correct": true, "latency": 0.535, "toks": 27}
{"seq": "si-length", "family": "compiled", "a": "㎝", "b": "㎜", "gap": 1, "truth": "㎝", "mode": "think", "sample": 1, "ans": "㎝", "correct": true, "latency": 0.749, "toks": 45}
{"seq": "si-length", "family": "compiled", "a": "㎚", "b": "㎜", "gap": 2, "truth": "㎜", "mode": "instinct", "sample": 0, "ans": "㎚", "correct": false, "latency": 0.492, "toks": 3}
{"seq": "si-length", "family": "compiled", "a": "㎚", "b": "㎜", "gap": 2, "truth": "㎜", "mode": "instinct", "sample": 1, "ans": "㎚", "correct": false, "latency": 0.329, "toks": 3}
{"seq": "si-length", "family": "compiled", "a": "㎚", "b": "㎜", "gap": 2, "truth": "㎜", "mode": "think", "sample": 0, "ans": "㎚", "correct": false, "latency": 0.441, "toks": 15}
{"seq": "si-length", "family": "compiled", "a": "㎚", "b": "㎜", "gap": 2, "truth": "㎜", "mode": "think", "sample": 1, "ans": "㎚", "correct": false, "latency": 0.536, "toks": 26}
{"seq": "si-length", "family": "compiled", "a": "㎜", "b": "㎚", "gap": 2, "truth": "㎜", "mode": "instinct", "sample": 0, "ans": "㎚", "correct": false, "latency": 0.415, "toks": 3}
{"seq": "si-length", "family": "compiled", "a": "㎜", "b": "㎚", "gap": 2, "truth": "㎜", "mode": "instinct", "sample": 1, "ans": null, "correct": false, "latency": 0.341, "toks": 2}
{"seq": "si-length", "family": "compiled", "a": "㎜", "b": "㎚", "gap": 2, "truth": "㎜", "mode": "think", "sample": 0, "ans": "㎚", "correct": false, "latency": 0.431, "toks": 15}
{"seq": "si-length", "family": "compiled", "a": "㎜", "b": "㎚", "gap": 2, "truth": "㎜", "mode": "think", "sample": 1, "ans": "㎚", "correct": false, "latency": 0.489, "toks": 15}
{"seq": "si-length", "family": "compiled", "a": "㎛", "b": "㎝", "gap": 2, "truth": "㎝", "mode": "instinct", "sample": 0, "ans": "㎛", "correct": false, "latency": 0.38, "toks": 3}
{"seq": "si-length", "family": "compiled", "a": "㎛", "b": "㎝", "gap": 2, "truth": "㎝", "mode": "instinct", "sample": 1, "ans": "㎛", "correct": false, "latency": 0.339, "toks": 3}
{"seq": "si-length", "family": "compiled", "a": "㎛", "b": "㎝", "gap": 2, "truth": "㎝", "mode": "think", "sample": 0, "ans": "㎝", "correct": true, "latency": 0.658, "toks": 43}
{"seq": "si-length", "family": "compiled", "a": "㎛", "b": "㎝", "gap": 2, "truth": "㎝", "mode": "think", "sample": 1, "ans": null, "correct": false, "latency": 0.578, "toks": 21}
{"seq": "si-length", "family": "compiled", "a": "㎝", "b": "㎛", "gap": 2, "truth": "㎝", "mode": "instinct", "sample": 0, "ans": "㎝", "correct": true, "latency": 1.169, "toks": 3}
{"seq": "si-length", "family": "compiled", "a": "㎝", "b": "㎛", "gap": 2, "truth": "㎝", "mode": "instinct", "sample": 1, "ans": null, "correct": false, "latency": 0.347, "toks": 3}
{"seq": "si-length", "family": "compiled", "a": "㎝", "b": "㎛", "gap": 2, "truth": "㎝", "mode": "think", "sample": 0, "ans": "㎝", "correct": true, "latency": 0.531, "toks": 27}
{"seq": "si-length", "family": "compiled", "a": "㎝", "b": "㎛", "gap": 2, "truth": "㎝", "mode": "think", "sample": 1, "ans": "㎝", "correct": true, "latency": 0.63, "toks": 35}
{"seq": "heat", "family": "compiled", "a": "🟦", "b": "🟩", "gap": 1, "truth": "🟩", "mode": "instinct", "sample": 0, "ans": "🟩", "correct": true, "latency": 0.431, "toks": 4}
{"seq": "heat", "family": "compiled", "a": "🟦", "b": "🟩", "gap": 1, "truth": "🟩", "mode": "instinct", "sample": 1, "ans": "🟩", "correct": true, "latency": 0.35, "toks": 4}
{"seq": "heat", "family": "compiled", "a": "🟦", "b": "🟩", "gap": 1, "truth": "🟩", "mode": "think", "sample": 0, "ans": "🟩", "correct": true, "latency": 0.435, "toks": 14}
{"seq": "heat", "family": "compiled", "a": "🟦", "b": "🟩", "gap": 1, "truth": "🟩", "mode": "think", "sample": 1, "ans": "🟩", "correct": true, "latency": 0.461, "toks": 15}
{"seq": "heat", "family": "compiled", "a": "🟩", "b": "🟦", "gap": 1, "truth": "🟩", "mode": "instinct", "sample": 0, "ans": "🟦", "correct": false, "latency": 0.573, "toks": 4}
{"seq": "heat", "family": "compiled", "a": "🟩", "b": "🟦", "gap": 1, "truth": "🟩", "mode": "instinct", "sample": 1, "ans": "🟩", "correct": true, "latency": 0.346, "toks": 4}
{"seq": "heat", "family": "compiled", "a": "🟩", "b": "🟦", "gap": 1, "truth": "🟩", "mode": "think", "sample": 0, "ans": "🟦", "correct": false, "latency": 0.426, "toks": 14}
{"seq": "heat", "family": "compiled", "a": "🟩", "b": "🟦", "gap": 1, "truth": "🟩", "mode": "think", "sample": 1, "ans": null, "correct": false, "latency": 0.556, "toks": 16}
{"seq": "heat", "family": "compiled", "a": "🟨", "b": "🟥", "gap": 2, "truth": "🟥", "mode": "instinct", "sample": 0, "ans": "🟥", "correct": true, "latency": 0.509, "toks": 3}
{"seq": "heat", "family": "compiled", "a": "🟨", "b": "🟥", "gap": 2, "truth": "🟥", "mode": "instinct", "sample": 1, "ans": "🟥", "correct": true, "latency": 0.342, "toks": 3}
{"seq": "heat", "family": "compiled", "a": "🟨", "b": "🟥", "gap": 2, "truth": "🟥", "mode": "think", "sample": 0, "ans": "🟥", "correct": true, "latency": 0.588, "toks": 34}
{"seq": "heat", "family": "compiled", "a": "🟨", "b": "🟥", "gap": 2, "truth": "🟥", "mode": "think", "sample": 1, "ans": null, "correct": false, "latency": 0.591, "toks": 24}
{"seq": "heat", "family": "compiled", "a": "🟥", "b": "🟨", "gap": 2, "truth": "🟥", "mode": "instinct", "sample": 0, "ans": "🟥", "correct": true, "latency": 0.481, "toks": 3}
{"seq": "heat", "family": "compiled", "a": "🟥", "b": "🟨", "gap": 2, "truth": "🟥", "mode": "instinct", "sample": 1, "ans": "🟥", "correct": true, "latency": 0.288, "toks": 3}
{"seq": "heat", "family": "compiled", "a": "🟥", "b": "🟨", "gap": 2, "truth": "🟥", "mode": "think", "sample": 0, "ans": null, "correct": false, "latency": 0.59, "toks": 34}
{"seq": "heat", "family": "compiled", "a": "🟥", "b": "🟨", "gap": 2, "truth": "🟥", "mode": "think", "sample": 1, "ans": null, "correct": false, "latency": 1.588, "toks": 43}
{"seq": "heat", "family": "compiled", "a": "🟩", "b": "🟨", "gap": 1, "truth": "🟨", "mode": "instinct", "sample": 0, "ans": "🟩", "correct": false, "latency": 0.446, "toks": 4}
{"seq": "heat", "family": "compiled", "a": "🟩", "b": "🟨", "gap": 1, "truth": "🟨", "mode": "instinct", "sample": 1, "ans": "🟩", "correct": false, "latency": 0.335, "toks": 4}
{"seq": "heat", "family": "compiled", "a": "🟩", "b": "🟨", "gap": 1, "truth": "🟨", "mode": "think", "sample": 0, "ans": "🟩", "correct": false, "latency": 0.418, "toks": 14}
{"seq": "heat", "family": "compiled", "a": "🟩", "b": "🟨", "gap": 1, "truth": "🟨", "mode": "think", "sample": 1, "ans": "🟩", "correct": false, "latency": 0.407, "toks": 14}
{"seq": "heat", "family": "compiled", "a": "🟨", "b": "🟩", "gap": 1, "truth": "🟨", "mode": "instinct", "sample": 0, "ans": "🟨", "correct": true, "latency": 0.372, "toks": 4}
{"seq": "heat", "family": "compiled", "a": "🟨", "b": "🟩", "gap": 1, "truth": "🟨", "mode": "instinct", "sample": 1, "ans": "🟨", "correct": true, "latency": 0.311, "toks": 4}
{"seq": "heat", "family": "compiled", "a": "🟨", "b": "🟩", "gap": 1, "truth": "🟨", "mode": "think", "sample": 0, "ans": "🟩", "correct": false, "latency": 0.427, "toks": 15}
{"seq": "heat", "family": "compiled", "a": "🟨", "b": "🟩", "gap": 1, "truth": "🟨", "mode": "think", "sample": 1, "ans": null, "correct": false, "latency": 0.389, "toks": 14}
{"seq": "heat", "family": "compiled", "a": "🟦", "b": "🟥", "gap": 4, "truth": "🟥", "mode": "instinct", "sample": 0, "ans": "🟥", "correct": true, "latency": 0.361, "toks": 3}
{"seq": "heat", "family": "compiled", "a": "🟦", "b": "🟥", "gap": 4, "truth": "🟥", "mode": "instinct", "sample": 1, "ans": "🟥", "correct": true, "latency": 0.295, "toks": 3}
{"seq": "heat", "family": "compiled", "a": "🟦", "b": "🟥", "gap": 4, "truth": "🟥", "mode": "think", "sample": 0, "ans": "🟥", "correct": true, "latency": 0.588, "toks": 34}
{"seq": "heat", "family": "compiled", "a": "🟦", "b": "🟥", "gap": 4, "truth": "🟥", "mode": "think", "sample": 1, "ans": null, "correct": false, "latency": 0.829, "toks": 58}
{"seq": "heat", "family": "compiled", "a": "🟥", "b": "🟦", "gap": 4, "truth": "🟥", "mode": "instinct", "sample": 0, "ans": "🟥", "correct": true, "latency": 0.982, "toks": 3}
{"seq": "heat", "family": "compiled", "a": "🟥", "b": "🟦", "gap": 4, "truth": "🟥", "mode": "instinct", "sample": 1, "ans": "🟥", "correct": true, "latency": 0.332, "toks": 3}
{"seq": "heat", "family": "compiled", "a": "🟥", "b": "🟦", "gap": 4, "truth": "🟥", "mode": "think", "sample": 0, "ans": null, "correct": false, "latency": 0.632, "toks": 35}
{"seq": "heat", "family": "compiled", "a": "🟥", "b": "🟦", "gap": 4, "truth": "🟥", "mode": "think", "sample": 1, "ans": null, "correct": false, "latency": 0.511, "toks": 10}
{"seq": "heat", "family": "compiled", "a": "🟦", "b": "🟧", "gap": 3, "truth": "🟧", "mode": "instinct", "sample": 0, "ans": "🟧", "correct": true, "latency": 0.491, "toks": 4}
{"seq": "heat", "family": "compiled", "a": "🟦", "b": "🟧", "gap": 3, "truth": "🟧", "mode": "instinct", "sample": 1, "ans": "🟧", "correct": true, "latency": 0.346, "toks": 4}
{"seq": "heat", "family": "compiled", "a": "🟦", "b": "🟧", "gap": 3, "truth": "🟧", "mode": "think", "sample": 0, "ans": "🟧", "correct": true, "latency": 0.437, "toks": 14}
{"seq": "heat", "family": "compiled", "a": "🟦", "b": "🟧", "gap": 3, "truth": "🟧", "mode": "think", "sample": 1, "ans": null, "correct": false, "latency": 0.753, "toks": 30}
{"seq": "heat", "family": "compiled", "a": "🟧", "b": "🟦", "gap": 3, "truth": "🟧", "mode": "instinct", "sample": 0, "ans": "🟦", "correct": false, "latency": 0.452, "toks": 4}
{"seq": "heat", "family": "compiled", "a": "🟧", "b": "🟦", "gap": 3, "truth": "🟧", "mode": "instinct", "sample": 1, "ans": null, "correct": false, "latency": 0.342, "toks": 3}
{"seq": "heat", "family": "compiled", "a": "🟧", "b": "🟦", "gap": 3, "truth": "🟧", "mode": "think", "sample": 0, "ans": "🟦", "correct": false, "latency": 0.429, "toks": 14}
{"seq": "heat", "family": "compiled", "a": "🟧", "b": "🟦", "gap": 3, "truth": "🟧", "mode": "think", "sample": 1, "ans": "🟦", "correct": false, "latency": 0.635, "toks": 13}
{"seq": "heat", "family": "compiled", "a": "🟨", "b": "🟧", "gap": 1, "truth": "🟧", "mode": "instinct", "sample": 0, "ans": "🟨", "correct": false, "latency": 0.57, "toks": 4}
{"seq": "heat", "family": "compiled", "a": "🟨", "b": "🟧", "gap": 1, "truth": "🟧", "mode": "instinct", "sample": 1, "ans": "🟨", "correct": false, "latency": 0.35, "toks": 4}
{"seq": "heat", "family": "compiled", "a": "🟨", "b": "🟧", "gap": 1, "truth": "🟧", "mode": "think", "sample": 0, "ans": null, "correct": false, "latency": 0.443, "toks": 17}
{"seq": "heat", "family": "compiled", "a": "🟨", "b": "🟧", "gap": 1, "truth": "🟧", "mode": "think", "sample": 1, "ans": null, "correct": false, "latency": 0.544, "toks": 16}
{"seq": "heat", "family": "compiled", "a": "🟧", "b": "🟨", "gap": 1, "truth": "🟧", "mode": "instinct", "sample": 0, "ans": "🟨", "correct": false, "latency": 0.433, "toks": 4}
{"seq": "heat", "family": "compiled", "a": "🟧", "b": "🟨", "gap": 1, "truth": "🟧", "mode": "instinct", "sample": 1, "ans": "🟧", "correct": true, "latency": 0.346, "toks": 4}
{"seq": "heat", "family": "compiled", "a": "🟧", "b": "🟨", "gap": 1, "truth": "🟧", "mode": "think", "sample": 0, "ans": "🟧", "correct": true, "latency": 0.424, "toks": 14}
{"seq": "heat", "family": "compiled", "a": "🟧", "b": "🟨", "gap": 1, "truth": "🟧", "mode": "think", "sample": 1, "ans": null, "correct": false, "latency": 1.167, "toks": 86}
{"seq": "animals", "family": "compiled", "a": "🐕", "b": "🐎", "gap": 1, "truth": "🐎", "mode": "instinct", "sample": 0, "ans": "🐎", "correct": true, "latency": 0.421, "toks": 4}
{"seq": "animals", "family": "compiled", "a": "🐕", "b": "🐎", "gap": 1, "truth": "🐎", "mode": "instinct", "sample": 1, "ans": "🐎", "correct": true, "latency": 0.317, "toks": 4}
{"seq": "animals", "family": "compiled", "a": "🐕", "b": "🐎", "gap": 1, "truth": "🐎", "mode": "think", "sample": 0, "ans": "🐎", "correct": true, "latency": 0.414, "toks": 16}
{"seq": "animals", "family": "compiled", "a": "🐕", "b": "🐎", "gap": 1, "truth": "🐎", "mode": "think", "sample": 1, "ans": "🐎", "correct": true, "latency": 0.356, "toks": 13}
{"seq": "animals", "family": "compiled", "a": "🐎", "b": "🐕", "gap": 1, "truth": "🐎", "mode": "instinct", "sample": 0, "ans": "🐎", "correct": true, "latency": 0.323, "toks": 4}
{"seq": "animals", "family": "compiled", "a": "🐎", "b": "🐕", "gap": 1, "truth": "🐎", "mode": "instinct", "sample": 1, "ans": "🐎", "correct": true, "latency": 0.268, "toks": 4}
{"seq": "animals", "family": "compiled", "a": "🐎", "b": "🐕", "gap": 1, "truth": "🐎", "mode": "think", "sample": 0, "ans": "🐎", "correct": true, "latency": 0.399, "toks": 16}
{"seq": "animals", "family": "compiled", "a": "🐎", "b": "🐕", "gap": 1, "truth": "🐎", "mode": "think", "sample": 1, "ans": "🐎", "correct": true, "latency": 0.449, "toks": 27}
{"seq": "animals", "family": "compiled", "a": "🐜", "b": "🐋", "gap": 6, "truth": "🐋", "mode": "instinct", "sample": 0, "ans": "🐜", "correct": false, "latency": 0.314, "toks": 3}
{"seq": "animals", "family": "compiled", "a": "🐜", "b": "🐋", "gap": 6, "truth": "🐋", "mode": "instinct", "sample": 1, "ans": "🐋", "correct": true, "latency": 0.274, "toks": 4}
{"seq": "animals", "family": "compiled", "a": "🐜", "b": "🐋", "gap": 6, "truth": "🐋", "mode": "think", "sample": 0, "ans": "🐋", "correct": true, "latency": 0.442, "toks": 23}
{"seq": "animals", "family": "compiled", "a": "🐜", "b": "🐋", "gap": 6, "truth": "🐋", "mode": "think", "sample": 1, "ans": "🐜", "correct": false, "latency": 0.374, "toks": 12}
{"seq": "animals", "family": "compiled", "a": "🐋", "b": "🐜", "gap": 6, "truth": "🐋", "mode": "instinct", "sample": 0, "ans": "🐜", "correct": false, "latency": 0.301, "toks": 3}
{"seq": "animals", "family": "compiled", "a": "🐋", "b": "🐜", "gap": 6, "truth": "🐋", "mode": "instinct", "sample": 1, "ans": "🐜", "correct": false, "latency": 0.264, "toks": 3}
{"seq": "animals", "family": "compiled", "a": "🐋", "b": "🐜", "gap": 6, "truth": "🐋", "mode": "think", "sample": 0, "ans": "🐋", "correct": true, "latency": 0.486, "toks": 30}
{"seq": "animals", "family": "compiled", "a": "🐋", "b": "🐜", "gap": 6, "truth": "🐋", "mode": "think", "sample": 1, "ans": "🐜", "correct": false, "latency": 0.518, "toks": 33}
{"seq": "animals", "family": "compiled", "a": "🐈", "b": "🐕", "gap": 1, "truth": "🐕", "mode": "instinct", "sample": 0, "ans": "🐈", "correct": false, "latency": 0.343, "toks": 4}
{"seq": "animals", "family": "compiled", "a": "🐈", "b": "🐕", "gap": 1, "truth": "🐕", "mode": "instinct", "sample": 1, "ans": "🐕", "correct": true, "latency": 0.275, "toks": 4}
{"seq": "animals", "family": "compiled", "a": "🐈", "b": "🐕", "gap": 1, "truth": "🐕", "mode": "think", "sample": 0, "ans": "🐕", "correct": true, "latency": 0.392, "toks": 16}
{"seq": "animals", "family": "compiled", "a": "🐈", "b": "🐕", "gap": 1, "truth": "🐕", "mode": "think", "sample": 1, "ans": "🐈", "correct": false, "latency": 0.451, "toks": 27}
{"seq": "animals", "family": "compiled", "a": "🐕", "b": "🐈", "gap": 1, "truth": "🐕", "mode": "instinct", "sample": 0, "ans": "🐕", "correct": true, "latency": 0.324, "toks": 4}
{"seq": "animals", "family": "compiled", "a": "🐕", "b": "🐈", "gap": 1, "truth": "🐕", "mode": "instinct", "sample": 1, "ans": "🐕", "correct": true, "latency": 0.266, "toks": 4}
{"seq": "animals", "family": "compiled", "a": "🐕", "b": "🐈", "gap": 1, "truth": "🐕", "mode": "think", "sample": 0, "ans": "🐈", "correct": false, "latency": 0.389, "toks": 16}
{"seq": "animals", "family": "compiled", "a": "🐕", "b": "🐈", "gap": 1, "truth": "🐕", "mode": "think", "sample": 1, "ans": "🐈", "correct": false, "latency": 0.465, "toks": 28}
{"seq": "animals", "family": "compiled", "a": "🐕", "b": "🐋", "gap": 3, "truth": "🐋", "mode": "instinct", "sample": 0, "ans": "🐋", "correct": true, "latency": 0.32, "toks": 4}
{"seq": "animals", "family": "compiled", "a": "🐕", "b": "🐋", "gap": 3, "truth": "🐋", "mode": "instinct", "sample": 1, "ans": "🐋", "correct": true, "latency": 0.274, "toks": 4}
{"seq": "animals", "family": "compiled", "a": "🐕", "b": "🐋", "gap": 3, "truth": "🐋", "mode": "think", "sample": 0, "ans": "🐋", "correct": true, "latency": 0.367, "toks": 14}
{"seq": "animals", "family": "compiled", "a": "🐕", "b": "🐋", "gap": 3, "truth": "🐋", "mode": "think", "sample": 1, "ans": "🐋", "correct": true, "latency": 0.469, "toks": 29}
{"seq": "animals", "family": "compiled", "a": "🐋", "b": "🐕", "gap": 3, "truth": "🐋", "mode": "instinct", "sample": 0, "ans": "🐋", "correct": true, "latency": 0.339, "toks": 4}
{"seq": "animals", "family": "compiled", "a": "🐋", "b": "🐕", "gap": 3, "truth": "🐋", "mode": "instinct", "sample": 1, "ans": "🐋", "correct": true, "latency": 0.273, "toks": 4}
{"seq": "animals", "family": "compiled", "a": "🐋", "b": "🐕", "gap": 3, "truth": "🐋", "mode": "think", "sample": 0, "ans": "🐋", "correct": true, "latency": 0.52, "toks": 32}
{"seq": "animals", "family": "compiled", "a": "🐋", "b": "🐕", "gap": 3, "truth": "🐋", "mode": "think", "sample": 1, "ans": "🐕", "correct": false, "latency": 0.397, "toks": 16}
{"seq": "animals", "family": "compiled", "a": "🐈", "b": "🐘", "gap": 3, "truth": "🐘", "mode": "instinct", "sample": 0, "ans": "🐘", "correct": true, "latency": 0.325, "toks": 4}
{"seq": "animals", "family": "compiled", "a": "🐈", "b": "🐘", "gap": 3, "truth": "🐘", "mode": "instinct", "sample": 1, "ans": "🐈", "correct": false, "latency": 0.274, "toks": 4}
{"seq": "animals", "family": "compiled", "a": "🐈", "b": "🐘", "gap": 3, "truth": "🐘", "mode": "think", "sample": 0, "ans": "🐈", "correct": false, "latency": 0.477, "toks": 28}
{"seq": "animals", "family": "compiled", "a": "🐈", "b": "🐘", "gap": 3, "truth": "🐘", "mode": "think", "sample": 1, "ans": "🐘", "correct": true, "latency": 0.703, "toks": 53}
{"seq": "animals", "family": "compiled", "a": "🐘", "b": "🐈", "gap": 3, "truth": "🐘", "mode": "instinct", "sample": 0, "ans": "🐈", "correct": false, "latency": 0.346, "toks": 4}
{"seq": "animals", "family": "compiled", "a": "🐘", "b": "🐈", "gap": 3, "truth": "🐘", "mode": "instinct", "sample": 1, "ans": "🐈", "correct": false, "latency": 0.289, "toks": 4}
{"seq": "animals", "family": "compiled", "a": "🐘", "b": "🐈", "gap": 3, "truth": "🐘", "mode": "think", "sample": 0, "ans": "🐈", "correct": false, "latency": 0.392, "toks": 16}
{"seq": "animals", "family": "compiled", "a": "🐘", "b": "🐈", "gap": 3, "truth": "🐘", "mode": "think", "sample": 1, "ans": "🐈", "correct": false, "latency": 0.329, "toks": 10}
{"seq": "animals", "family": "compiled", "a": "🐁", "b": "🐕", "gap": 2, "truth": "🐕", "mode": "instinct", "sample": 0, "ans": "🐕", "correct": true, "latency": 0.306, "toks": 4}
{"seq": "animals", "family": "compiled", "a": "🐁", "b": "🐕", "gap": 2, "truth": "🐕", "mode": "instinct", "sample": 1, "ans": "🐕", "correct": true, "latency": 0.259, "toks": 4}
{"seq": "animals", "family": "compiled", "a": "🐁", "b": "🐕", "gap": 2, "truth": "🐕", "mode": "think", "sample": 0, "ans": "🐕", "correct": true, "latency": 0.387, "toks": 16}
{"seq": "animals", "family": "compiled", "a": "🐁", "b": "🐕", "gap": 2, "truth": "🐕", "mode": "think", "sample": 1, "ans": "🐕", "correct": true, "latency": 0.422, "toks": 23}
{"seq": "animals", "family": "compiled", "a": "🐕", "b": "🐁", "gap": 2, "truth": "🐕", "mode": "instinct", "sample": 0, "ans": "🐕", "correct": true, "latency": 0.33, "toks": 4}
{"seq": "animals", "family": "compiled", "a": "🐕", "b": "🐁", "gap": 2, "truth": "🐕", "mode": "instinct", "sample": 1, "ans": "🐕", "correct": true, "latency": 0.274, "toks": 4}
{"seq": "animals", "family": "compiled", "a": "🐕", "b": "🐁", "gap": 2, "truth": "🐕", "mode": "think", "sample": 0, "ans": "🐕", "correct": true, "latency": 0.391, "toks": 16}
{"seq": "animals", "family": "compiled", "a": "🐕", "b": "🐁", "gap": 2, "truth": "🐕", "mode": "think", "sample": 1, "ans": "🐕", "correct": true, "latency": 0.528, "toks": 35}
{"seq": "age", "family": "compiled", "a": "👶", "b": "👦", "gap": 1, "truth": "👦", "mode": "instinct", "sample": 0, "ans": "👦", "correct": true, "latency": 0.32, "toks": 4}
{"seq": "age", "family": "compiled", "a": "👶", "b": "👦", "gap": 1, "truth": "👦", "mode": "instinct", "sample": 1, "ans": "👦", "correct": true, "latency": 0.253, "toks": 4}
{"seq": "age", "family": "compiled", "a": "👶", "b": "👦", "gap": 1, "truth": "👦", "mode": "think", "sample": 0, "ans": "👦", "correct": true, "latency": 0.604, "toks": 42}
{"seq": "age", "family": "compiled", "a": "👶", "b": "👦", "gap": 1, "truth": "👦", "mode": "think", "sample": 1, "ans": null, "correct": false, "latency": 0.393, "toks": 13}
{"seq": "age", "family": "compiled", "a": "👦", "b": "👶", "gap": 1, "truth": "👦", "mode": "instinct", "sample": 0, "ans": "👶", "correct": false, "latency": 0.327, "toks": 4}
{"seq": "age", "family": "compiled", "a": "👦", "b": "👶", "gap": 1, "truth": "👦", "mode": "instinct", "sample": 1, "ans": "👶", "correct": false, "latency": 0.26, "toks": 4}
{"seq": "age", "family": "compiled", "a": "👦", "b": "👶", "gap": 1, "truth": "👦", "mode": "think", "sample": 0, "ans": "👶", "correct": false, "latency": 0.543, "toks": 34}
{"seq": "age", "family": "compiled", "a": "👦", "b": "👶", "gap": 1, "truth": "👦", "mode": "think", "sample": 1, "ans": "👶", "correct": false, "latency": 0.466, "toks": 27}
{"seq": "age", "family": "compiled", "a": "👦", "b": "👨", "gap": 1, "truth": "👨", "mode": "instinct", "sample": 0, "ans": "👨", "correct": true, "latency": 0.329, "toks": 4}
{"seq": "age", "family": "compiled", "a": "👦", "b": "👨", "gap": 1, "truth": "👨", "mode": "instinct", "sample": 1, "ans": "👨", "correct": true, "latency": 0.261, "toks": 4}
{"seq": "age", "family": "compiled", "a": "👦", "b": "👨", "gap": 1, "truth": "👨", "mode": "think", "sample": 0, "ans": "👨", "correct": true, "latency": 0.526, "toks": 32}
{"seq": "age", "family": "compiled", "a": "👦", "b": "👨", "gap": 1, "truth": "👨", "mode": "think", "sample": 1, "ans": null, "correct": false, "latency": 0.396, "toks": 15}
{"seq": "age", "family": "compiled", "a": "👨", "b": "👦", "gap": 1, "truth": "👨", "mode": "instinct", "sample": 0, "ans": "👨", "correct": true, "latency": 0.331, "toks": 4}
{"seq": "age", "family": "compiled", "a": "👨", "b": "👦", "gap": 1, "truth": "👨", "mode": "instinct", "sample": 1, "ans": "👦", "correct": false, "latency": 0.261, "toks": 4}
{"seq": "age", "family": "compiled", "a": "👨", "b": "👦", "gap": 1, "truth": "👨", "mode": "think", "sample": 0, "ans": "👦", "correct": false, "latency": 0.444, "toks": 22}
{"seq": "age", "family": "compiled", "a": "👨", "b": "👦", "gap": 1, "truth": "👨", "mode": "think", "sample": 1, "ans": "👨", "correct": true, "latency": 0.38, "toks": 17}
{"seq": "age", "family": "compiled", "a": "👶", "b": "👴", "gap": 3, "truth": "👴", "mode": "instinct", "sample": 0, "ans": "👴", "correct": true, "latency": 0.346, "toks": 4}
{"seq": "age", "family": "compiled", "a": "👶", "b": "👴", "gap": 3, "truth": "👴", "mode": "instinct", "sample": 1, "ans": "👴", "correct": true, "latency": 0.261, "toks": 4}
{"seq": "age", "family": "compiled", "a": "👶", "b": "👴", "gap": 3, "truth": "👴", "mode": "think", "sample": 0, "ans": "👴", "correct": true, "latency": 0.511, "toks": 30}
{"seq": "age", "family": "compiled", "a": "👶", "b": "👴", "gap": 3, "truth": "👴", "mode": "think", "sample": 1, "ans": "👴", "correct": true, "latency": 0.455, "toks": 25}
{"seq": "age", "family": "compiled", "a": "👴", "b": "👶", "gap": 3, "truth": "👴", "mode": "instinct", "sample": 0, "ans": "👶", "correct": false, "latency": 0.34, "toks": 4}
{"seq": "age", "family": "compiled", "a": "👴", "b": "👶", "gap": 3, "truth": "👴", "mode": "instinct", "sample": 1, "ans": "👶", "correct": false, "latency": 0.267, "toks": 4}
{"seq": "age", "family": "compiled", "a": "👴", "b": "👶", "gap": 3, "truth": "👴", "mode": "think", "sample": 0, "ans": "👶", "correct": false, "latency": 0.472, "toks": 25}
{"seq": "age", "family": "compiled", "a": "👴", "b": "👶", "gap": 3, "truth": "👴", "mode": "think", "sample": 1, "ans": "👴", "correct": true, "latency": 0.503, "toks": 31}
{"seq": "age", "family": "compiled", "a": "👨", "b": "👴", "gap": 1, "truth": "👴", "mode": "instinct", "sample": 0, "ans": "👴", "correct": true, "latency": 0.327, "toks": 4}
{"seq": "age", "family": "compiled", "a": "👨", "b": "👴", "gap": 1, "truth": "👴", "mode": "instinct", "sample": 1, "ans": "👴", "correct": true, "latency": 0.262, "toks": 4}
{"seq": "age", "family": "compiled", "a": "👨", "b": "👴", "gap": 1, "truth": "👴", "mode": "think", "sample": 0, "ans": "👴", "correct": true, "latency": 0.363, "toks": 12}
{"seq": "age", "family": "compiled", "a": "👨", "b": "👴", "gap": 1, "truth": "👴", "mode": "think", "sample": 1, "ans": null, "correct": false, "latency": 0.333, "toks": 14}
{"seq": "age", "family": "compiled", "a": "👴", "b": "👨", "gap": 1, "truth": "👴", "mode": "instinct", "sample": 0, "ans": "👨", "correct": false, "latency": 0.322, "toks": 4}
{"seq": "age", "family": "compiled", "a": "👴", "b": "👨", "gap": 1, "truth": "👴", "mode": "instinct", "sample": 1, "ans": "👨", "correct": false, "latency": 0.261, "toks": 4}
{"seq": "age", "family": "compiled", "a": "👴", "b": "👨", "gap": 1, "truth": "👴", "mode": "think", "sample": 0, "ans": "👨", "correct": false, "latency": 0.48, "toks": 27}
{"seq": "age", "family": "compiled", "a": "👴", "b": "👨", "gap": 1, "truth": "👴", "mode": "think", "sample": 1, "ans": "👨", "correct": false, "latency": 0.353, "toks": 14}
{"seq": "age", "family": "compiled", "a": "👶", "b": "👨", "gap": 2, "truth": "👨", "mode": "instinct", "sample": 0, "ans": "👨", "correct": true, "latency": 0.329, "toks": 4}
{"seq": "age", "family": "compiled", "a": "👶", "b": "👨", "gap": 2, "truth": "👨", "mode": "instinct", "sample": 1, "ans": "👨", "correct": true, "latency": 0.262, "toks": 4}
{"seq": "age", "family": "compiled", "a": "👶", "b": "👨", "gap": 2, "truth": "👨", "mode": "think", "sample": 0, "ans": "👨", "correct": true, "latency": 0.364, "toks": 12}
{"seq": "age", "family": "compiled", "a": "👶", "b": "👨", "gap": 2, "truth": "👨", "mode": "think", "sample": 1, "ans": "👨", "correct": true, "latency": 0.297, "toks": 9}
{"seq": "age", "family": "compiled", "a": "👨", "b": "👶", "gap": 2, "truth": "👨", "mode": "instinct", "sample": 0, "ans": "👶", "correct": false, "latency": 0.302, "toks": 4}
{"seq": "age", "family": "compiled", "a": "👨", "b": "👶", "gap": 2, "truth": "👨", "mode": "instinct", "sample": 1, "ans": "👶", "correct": false, "latency": 0.259, "toks": 4}
{"seq": "age", "family": "compiled", "a": "👨", "b": "👶", "gap": 2, "truth": "👨", "mode": "think", "sample": 0, "ans": "👶", "correct": false, "latency": 0.473, "toks": 27}
{"seq": "age", "family": "compiled", "a": "👨", "b": "👶", "gap": 2, "truth": "👨", "mode": "think", "sample": 1, "ans": "👶", "correct": false, "latency": 0.897, "toks": 79}
{"seq": "age", "family": "compiled", "a": "👦", "b": "👴", "gap": 2, "truth": "👴", "mode": "instinct", "sample": 0, "ans": "👴", "correct": true, "latency": 0.345, "toks": 4}
{"seq": "age", "family": "compiled", "a": "👦", "b": "👴", "gap": 2, "truth": "👴", "mode": "instinct", "sample": 1, "ans": "👴", "correct": true, "latency": 0.282, "toks": 4}
{"seq": "age", "family": "compiled", "a": "👦", "b": "👴", "gap": 2, "truth": "👴", "mode": "think", "sample": 0, "ans": "👴", "correct": true, "latency": 0.476, "toks": 26}
{"seq": "age", "family": "compiled", "a": "👦", "b": "👴", "gap": 2, "truth": "👴", "mode": "think", "sample": 1, "ans": "👴", "correct": true, "latency": 0.464, "toks": 23}
{"seq": "age", "family": "compiled", "a": "👴", "b": "👦", "gap": 2, "truth": "👴", "mode": "instinct", "sample": 0, "ans": "👦", "correct": false, "latency": 0.326, "toks": 4}
{"seq": "age", "family": "compiled", "a": "👴", "b": "👦", "gap": 2, "truth": "👴", "mode": "instinct", "sample": 1, "ans": "👦", "correct": false, "latency": 0.275, "toks": 4}
{"seq": "age", "family": "compiled", "a": "👴", "b": "👦", "gap": 2, "truth": "👴", "mode": "think", "sample": 0, "ans": "👴", "correct": true, "latency": 0.481, "toks": 28}
{"seq": "age", "family": "compiled", "a": "👴", "b": "👦", "gap": 2, "truth": "👴", "mode": "think", "sample": 1, "ans": "👴", "correct": true, "latency": 0.666, "toks": 48}
{"seq": "chess", "family": "compiled", "a": "♙", "b": "♘", "gap": 1, "truth": "♘", "mode": "instinct", "sample": 0, "ans": "♙", "correct": false, "latency": 0.332, "toks": 3}
{"seq": "chess", "family": "compiled", "a": "♙", "b": "♘", "gap": 1, "truth": "♘", "mode": "instinct", "sample": 1, "ans": "♙", "correct": false, "latency": 0.266, "toks": 3}
{"seq": "chess", "family": "compiled", "a": "♙", "b": "♘", "gap": 1, "truth": "♘", "mode": "think", "sample": 0, "ans": "♘", "correct": true, "latency": 0.755, "toks": 57}
{"seq": "chess", "family": "compiled", "a": "♙", "b": "♘", "gap": 1, "truth": "♘", "mode": "think", "sample": 1, "ans": null, "correct": false, "latency": 0.512, "toks": 26}
{"seq": "chess", "family": "compiled", "a": "♘", "b": "♙", "gap": 1, "truth": "♘", "mode": "instinct", "sample": 0, "ans": "♘", "correct": true, "latency": 0.338, "toks": 3}
{"seq": "chess", "family": "compiled", "a": "♘", "b": "♙", "gap": 1, "truth": "♘", "mode": "instinct", "sample": 1, "ans": "♙", "correct": false, "latency": 0.267, "toks": 3}
{"seq": "chess", "family": "compiled", "a": "♘", "b": "♙", "gap": 1, "truth": "♘", "mode": "think", "sample": 0, "ans": "♘", "correct": true, "latency": 0.718, "toks": 57}
{"seq": "chess", "family": "compiled", "a": "♘", "b": "♙", "gap": 1, "truth": "♘", "mode": "think", "sample": 1, "ans": "♙", "correct": false, "latency": 0.389, "toks": 12}
{"seq": "chess", "family": "compiled", "a": "♗", "b": "♕", "gap": 2, "truth": "♕", "mode": "instinct", "sample": 0, "ans": "♕", "correct": true, "latency": 0.315, "toks": 3}
{"seq": "chess", "family": "compiled", "a": "♗", "b": "♕", "gap": 2, "truth": "♕", "mode": "instinct", "sample": 1, "ans": "♗", "correct": false, "latency": 0.267, "toks": 3}
{"seq": "chess", "family": "compiled", "a": "♗", "b": "♕", "gap": 2, "truth": "♕", "mode": "think", "sample": 0, "ans": "♕", "correct": true, "latency": 0.535, "toks": 36}
{"seq": "chess", "family": "compiled", "a": "♗", "b": "♕", "gap": 2, "truth": "♕", "mode": "think", "sample": 1, "ans": "♕", "correct": true, "latency": 0.366, "toks": 12}
{"seq": "chess", "family": "compiled", "a": "♕", "b": "♗", "gap": 2, "truth": "♕", "mode": "instinct", "sample": 0, "ans": "♕", "correct": true, "latency": 0.306, "toks": 3}
{"seq": "chess", "family": "compiled", "a": "♕", "b": "♗", "gap": 2, "truth": "♕", "mode": "instinct", "sample": 1, "ans": "♕", "correct": true, "latency": 0.258, "toks": 3}
{"seq": "chess", "family": "compiled", "a": "♕", "b": "♗", "gap": 2, "truth": "♕", "mode": "think", "sample": 0, "ans": "♕", "correct": true, "latency": 0.425, "toks": 23}
{"seq": "chess", "family": "compiled", "a": "♕", "b": "♗", "gap": 2, "truth": "♕", "mode": "think", "sample": 1, "ans": "♕", "correct": true, "latency": 0.327, "toks": 8}
{"seq": "chess", "family": "compiled", "a": "♘", "b": "♔", "gap": 4, "truth": "♔", "mode": "instinct", "sample": 0, "ans": "♘", "correct": false, "latency": 0.307, "toks": 3}
{"seq": "chess", "family": "compiled", "a": "♘", "b": "♔", "gap": 4, "truth": "♔", "mode": "instinct", "sample": 1, "ans": "♘", "correct": false, "latency": 0.254, "toks": 3}
{"seq": "chess", "family": "compiled", "a": "♘", "b": "♔", "gap": 4, "truth": "♔", "mode": "think", "sample": 0, "ans": "♔", "correct": true, "latency": 0.509, "toks": 33}
{"seq": "chess", "family": "compiled", "a": "♘", "b": "♔", "gap": 4, "truth": "♔", "mode": "think", "sample": 1, "ans": "♘", "correct": false, "latency": 0.514, "toks": 29}
{"seq": "chess", "family": "compiled", "a": "♔", "b": "♘", "gap": 4, "truth": "♔", "mode": "instinct", "sample": 0, "ans": "♔", "correct": true, "latency": 0.33, "toks": 3}
{"seq": "chess", "family": "compiled", "a": "♔", "b": "♘", "gap": 4, "truth": "♔", "mode": "instinct", "sample": 1, "ans": "♔", "correct": true, "latency": 0.265, "toks": 3}
{"seq": "chess", "family": "compiled", "a": "♔", "b": "♘", "gap": 4, "truth": "♔", "mode": "think", "sample": 0, "ans": "♘", "correct": false, "latency": 0.497, "toks": 31}
{"seq": "chess", "family": "compiled", "a": "♔", "b": "♘", "gap": 4, "truth": "♔", "mode": "think", "sample": 1, "ans": "♘", "correct": false, "latency": 0.403, "toks": 18}
{"seq": "chess", "family": "compiled", "a": "♙", "b": "♖", "gap": 3, "truth": "♖", "mode": "instinct", "sample": 0, "ans": "♙", "correct": false, "latency": 0.31, "toks": 3}
{"seq": "chess", "family": "compiled", "a": "♙", "b": "♖", "gap": 3, "truth": "♖", "mode": "instinct", "sample": 1, "ans": "♙", "correct": false, "latency": 0.264, "toks": 3}
{"seq": "chess", "family": "compiled", "a": "♙", "b": "♖", "gap": 3, "truth": "♖", "mode": "think", "sample": 0, "ans": null, "correct": false, "latency": 0.344, "toks": 12}
{"seq": "chess", "family": "compiled", "a": "♙", "b": "♖", "gap": 3, "truth": "♖", "mode": "think", "sample": 1, "ans": "♖", "correct": true, "latency": 0.327, "toks": 11}
{"seq": "chess", "family": "compiled", "a": "♖", "b": "♙", "gap": 3, "truth": "♖", "mode": "instinct", "sample": 0, "ans": "♙", "correct": false, "latency": 0.304, "toks": 3}
{"seq": "chess", "family": "compiled", "a": "♖", "b": "♙", "gap": 3, "truth": "♖", "mode": "instinct", "sample": 1, "ans": "♙", "correct": false, "latency": 0.253, "toks": 3}
{"seq": "chess", "family": "compiled", "a": "♖", "b": "♙", "gap": 3, "truth": "♖", "mode": "think", "sample": 0, "ans": null, "correct": false, "latency": 0.453, "toks": 26}
{"seq": "chess", "family": "compiled", "a": "♖", "b": "♙", "gap": 3, "truth": "♖", "mode": "think", "sample": 1, "ans": null, "correct": false, "latency": 0.511, "toks": 32}
{"seq": "chess", "family": "compiled", "a": "♘", "b": "♖", "gap": 2, "truth": "♖", "mode": "instinct", "sample": 0, "ans": "♘", "correct": false, "latency": 0.334, "toks": 3}
{"seq": "chess", "family": "compiled", "a": "♘", "b": "♖", "gap": 2, "truth": "♖", "mode": "instinct", "sample": 1, "ans": null, "correct": false, "latency": 0.267, "toks": 3}
{"seq": "chess", "family": "compiled", "a": "♘", "b": "♖", "gap": 2, "truth": "♖", "mode": "think", "sample": 0, "ans": "♘", "correct": false, "latency": 0.45, "toks": 24}
{"seq": "chess", "family": "compiled", "a": "♘", "b": "♖", "gap": 2, "truth": "♖", "mode": "think", "sample": 1, "ans": "♖", "correct": true, "latency": 0.473, "toks": 27}
{"seq": "chess", "family": "compiled", "a": "♖", "b": "♘", "gap": 2, "truth": "♖", "mode": "instinct", "sample": 0, "ans": "♘", "correct": false, "latency": 0.325, "toks": 3}
{"seq": "chess", "family": "compiled", "a": "♖", "b": "♘", "gap": 2, "truth": "♖", "mode": "instinct", "sample": 1, "ans": null, "correct": false, "latency": 0.265, "toks": 3}
{"seq": "chess", "family": "compiled", "a": "♖", "b": "♘", "gap": 2, "truth": "♖", "mode": "think", "sample": 0, "ans": "♘", "correct": false, "latency": 0.549, "toks": 37}
{"seq": "chess", "family": "compiled", "a": "♖", "b": "♘", "gap": 2, "truth": "♖", "mode": "think", "sample": 1, "ans": null, "correct": false, "latency": 0.365, "toks": 11}
{"seq": "chess", "family": "compiled", "a": "♖", "b": "♔", "gap": 2, "truth": "♔", "mode": "instinct", "sample": 0, "ans": "♔", "correct": true, "latency": 0.303, "toks": 3}
{"seq": "chess", "family": "compiled", "a": "♖", "b": "♔", "gap": 2, "truth": "♔", "mode": "instinct", "sample": 1, "ans": "♔", "correct": true, "latency": 0.257, "toks": 3}
{"seq": "chess", "family": "compiled", "a": "♖", "b": "♔", "gap": 2, "truth": "♔", "mode": "think", "sample": 0, "ans": "♔", "correct": true, "latency": 0.534, "toks": 37}
{"seq": "chess", "family": "compiled", "a": "♖", "b": "♔", "gap": 2, "truth": "♔", "mode": "think", "sample": 1, "ans": "♔", "correct": true, "latency": 0.496, "toks": 27}
{"seq": "chess", "family": "compiled", "a": "♔", "b": "♖", "gap": 2, "truth": "♔", "mode": "instinct", "sample": 0, "ans": "♔", "correct": true, "latency": 0.344, "toks": 3}
{"seq": "chess", "family": "compiled", "a": "♔", "b": "♖", "gap": 2, "truth": "♔", "mode": "instinct", "sample": 1, "ans": "♔", "correct": true, "latency": 0.268, "toks": 3}
{"seq": "chess", "family": "compiled", "a": "♔", "b": "♖", "gap": 2, "truth": "♔", "mode": "think", "sample": 0, "ans": "♔", "correct": true, "latency": 0.513, "toks": 32}
{"seq": "chess", "family": "compiled", "a": "♔", "b": "♖", "gap": 2, "truth": "♔", "mode": "think", "sample": 1, "ans": null, "correct": false, "latency": 0.555, "toks": 38}
{"seq": "valence", "family": "compiled", "a": "😭", "b": "😢", "gap": 1, "truth": "😢", "mode": "instinct", "sample": 0, "ans": "😢", "correct": true, "latency": 0.319, "toks": 3}
{"seq": "valence", "family": "compiled", "a": "😭", "b": "😢", "gap": 1, "truth": "😢", "mode": "instinct", "sample": 1, "ans": "😢", "correct": true, "latency": 0.263, "toks": 3}
{"seq": "valence", "family": "compiled", "a": "😭", "b": "😢", "gap": 1, "truth": "😢", "mode": "think", "sample": 0, "ans": "😭", "correct": false, "latency": 0.486, "toks": 27}
{"seq": "valence", "family": "compiled", "a": "😭", "b": "😢", "gap": 1, "truth": "😢", "mode": "think", "sample": 1, "ans": null, "correct": false, "latency": 0.317, "toks": 7}
{"seq": "valence", "family": "compiled", "a": "😢", "b": "😭", "gap": 1, "truth": "😢", "mode": "instinct", "sample": 0, "ans": "😭", "correct": false, "latency": 0.304, "toks": 3}
{"seq": "valence", "family": "compiled", "a": "😢", "b": "😭", "gap": 1, "truth": "😢", "mode": "instinct", "sample": 1, "ans": "😭", "correct": false, "latency": 0.25, "toks": 3}
{"seq": "valence", "family": "compiled", "a": "😢", "b": "😭", "gap": 1, "truth": "😢", "mode": "think", "sample": 0, "ans": "😭", "correct": false, "latency": 0.432, "toks": 23}
{"seq": "valence", "family": "compiled", "a": "😢", "b": "😭", "gap": 1, "truth": "😢", "mode": "think", "sample": 1, "ans": "😭", "correct": false, "latency": 0.501, "toks": 30}
{"seq": "valence", "family": "compiled", "a": "😢", "b": "🙁", "gap": 1, "truth": "🙁", "mode": "instinct", "sample": 0, "ans": "😢", "correct": false, "latency": 0.323, "toks": 3}
{"seq": "valence", "family": "compiled", "a": "😢", "b": "🙁", "gap": 1, "truth": "🙁", "mode": "instinct", "sample": 1, "ans": "😢", "correct": false, "latency": 0.261, "toks": 3}
{"seq": "valence", "family": "compiled", "a": "😢", "b": "🙁", "gap": 1, "truth": "🙁", "mode": "think", "sample": 0, "ans": null, "correct": false, "latency": 0.441, "toks": 23}
{"seq": "valence", "family": "compiled", "a": "😢", "b": "🙁", "gap": 1, "truth": "🙁", "mode": "think", "sample": 1, "ans": null, "correct": false, "latency": 0.365, "toks": 14}
{"seq": "valence", "family": "compiled", "a": "🙁", "b": "😢", "gap": 1, "truth": "🙁", "mode": "instinct", "sample": 0, "ans": "😢", "correct": false, "latency": 0.318, "toks": 3}
{"seq": "valence", "family": "compiled", "a": "🙁", "b": "😢", "gap": 1, "truth": "🙁", "mode": "instinct", "sample": 1, "ans": "😢", "correct": false, "latency": 0.266, "toks": 3}
{"seq": "valence", "family": "compiled", "a": "🙁", "b": "😢", "gap": 1, "truth": "🙁", "mode": "think", "sample": 0, "ans": "😢", "correct": false, "latency": 0.329, "toks": 8}
{"seq": "valence", "family": "compiled", "a": "🙁", "b": "😢", "gap": 1, "truth": "🙁", "mode": "think", "sample": 1, "ans": null, "correct": false, "latency": 0.693, "toks": 60}
{"seq": "valence", "family": "compiled", "a": "😭", "b": "🙂", "gap": 4, "truth": "🙂", "mode": "instinct", "sample": 0, "ans": null, "correct": false, "latency": 0.327, "toks": 2}
{"seq": "valence", "family": "compiled", "a": "😭", "b": "🙂", "gap": 4, "truth": "🙂", "mode": "instinct", "sample": 1, "ans": null, "correct": false, "latency": 0.258, "toks": 2}
{"seq": "valence", "family": "compiled", "a": "😭", "b": "🙂", "gap": 4, "truth": "🙂", "mode": "think", "sample": 0, "ans": "🙂", "correct": true, "latency": 0.347, "toks": 13}
{"seq": "valence", "family": "compiled", "a": "😭", "b": "🙂", "gap": 4, "truth": "🙂", "mode": "think", "sample": 1, "ans": null, "correct": false, "latency": 0.559, "toks": 41}
{"seq": "valence", "family": "compiled", "a": "🙂", "b": "😭", "gap": 4, "truth": "🙂", "mode": "instinct", "sample": 0, "ans": "😭", "correct": false, "latency": 0.335, "toks": 3}
{"seq": "valence", "family": "compiled", "a": "🙂", "b": "😭", "gap": 4, "truth": "🙂", "mode": "instinct", "sample": 1, "ans": "😭", "correct": false, "latency": 0.268, "toks": 3}
{"seq": "valence", "family": "compiled", "a": "🙂", "b": "😭", "gap": 4, "truth": "🙂", "mode": "think", "sample": 0, "ans": "😭", "correct": false, "latency": 0.324, "toks": 8}
{"seq": "valence", "family": "compiled", "a": "🙂", "b": "😭", "gap": 4, "truth": "🙂", "mode": "think", "sample": 1, "ans": "😭", "correct": false, "latency": 0.264, "toks": 10}
{"seq": "valence", "family": "compiled", "a": "😐", "b": "🙂", "gap": 1, "truth": "🙂", "mode": "instinct", "sample": 0, "ans": null, "correct": false, "latency": 0.294, "toks": 2}
{"seq": "valence", "family": "compiled", "a": "😐", "b": "🙂", "gap": 1, "truth": "🙂", "mode": "instinct", "sample": 1, "ans": null, "correct": false, "latency": 0.249, "toks": 2}
{"seq": "valence", "family": "compiled", "a": "😐", "b": "🙂", "gap": 1, "truth": "🙂", "mode": "think", "sample": 0, "ans": "🙂", "correct": true, "latency": 0.479, "toks": 31}
{"seq": "valence", "family": "compiled", "a": "😐", "b": "🙂", "gap": 1, "truth": "🙂", "mode": "think", "sample": 1, "ans": "🙂", "correct": true, "latency": 0.508, "toks": 29}
{"seq": "valence", "family": "compiled", "a": "🙂", "b": "😐", "gap": 1, "truth": "🙂", "mode": "instinct", "sample": 0, "ans": "😐", "correct": false, "latency": 0.32, "toks": 3}
{"seq": "valence", "family": "compiled", "a": "🙂", "b": "😐", "gap": 1, "truth": "🙂", "mode": "instinct", "sample": 1, "ans": "😐", "correct": false, "latency": 0.265, "toks": 3}
{"seq": "valence", "family": "compiled", "a": "🙂", "b": "😐", "gap": 1, "truth": "🙂", "mode": "think", "sample": 0, "ans": "🙂", "correct": true, "latency": 0.315, "toks": 7}
{"seq": "valence", "family": "compiled", "a": "🙂", "b": "😐", "gap": 1, "truth": "🙂", "mode": "think", "sample": 1, "ans": null, "correct": false, "latency": 0.273, "toks": 7}
{"seq": "valence", "family": "compiled", "a": "😭", "b": "😐", "gap": 3, "truth": "😐", "mode": "instinct", "sample": 0, "ans": "😭", "correct": false, "latency": 0.278, "toks": 3}
{"seq": "valence", "family": "compiled", "a": "😭", "b": "😐", "gap": 3, "truth": "😐", "mode": "instinct", "sample": 1, "ans": "😭", "correct": false, "latency": 0.24, "toks": 3}
{"seq": "valence", "family": "compiled", "a": "😭", "b": "😐", "gap": 3, "truth": "😐", "mode": "think", "sample": 0, "ans": "😭", "correct": false, "latency": 0.493, "toks": 32}
{"seq": "valence", "family": "compiled", "a": "😭", "b": "😐", "gap": 3, "truth": "😐", "mode": "think", "sample": 1, "ans": null, "correct": false, "latency": 0.389, "toks": 15}
{"seq": "valence", "family": "compiled", "a": "😐", "b": "😭", "gap": 3, "truth": "😐", "mode": "instinct", "sample": 0, "ans": "😭", "correct": false, "latency": 0.31, "toks": 3}
{"seq": "valence", "family": "compiled", "a": "😐", "b": "😭", "gap": 3, "truth": "😐", "mode": "instinct", "sample": 1, "ans": "😭", "correct": false, "latency": 0.257, "toks": 3}
{"seq": "valence", "family": "compiled", "a": "😐", "b": "😭", "gap": 3, "truth": "😐", "mode": "think", "sample": 0, "ans": "😭", "correct": false, "latency": 0.459, "toks": 27}
{"seq": "valence", "family": "compiled", "a": "😐", "b": "😭", "gap": 3, "truth": "😐", "mode": "think", "sample": 1, "ans": "😭", "correct": false, "latency": 0.463, "toks": 25}
{"seq": "valence", "family": "compiled", "a": "😭", "b": "😄", "gap": 5, "truth": "😄", "mode": "instinct", "sample": 0, "ans": "😄", "correct": true, "latency": 0.313, "toks": 3}
{"seq": "valence", "family": "compiled", "a": "😭", "b": "😄", "gap": 5, "truth": "😄", "mode": "instinct", "sample": 1, "ans": "😄", "correct": true, "latency": 0.263, "toks": 3}
{"seq": "valence", "family": "compiled", "a": "😭", "b": "😄", "gap": 5, "truth": "😄", "mode": "think", "sample": 0, "ans": null, "correct": false, "latency": 0.391, "toks": 18}
{"seq": "valence", "family": "compiled", "a": "😭", "b": "😄", "gap": 5, "truth": "😄", "mode": "think", "sample": 1, "ans": null, "correct": false, "latency": 0.393, "toks": 16}
{"seq": "valence", "family": "compiled", "a": "😄", "b": "😭", "gap": 5, "truth": "😄", "mode": "instinct", "sample": 0, "ans": "😭", "correct": false, "latency": 0.309, "toks": 3}
{"seq": "valence", "family": "compiled", "a": "😄", "b": "😭", "gap": 5, "truth": "😄", "mode": "instinct", "sample": 1, "ans": "😭", "correct": false, "latency": 0.257, "toks": 3}
{"seq": "valence", "family": "compiled", "a": "😄", "b": "😭", "gap": 5, "truth": "😄", "mode": "think", "sample": 0, "ans": "😄", "correct": true, "latency": 0.622, "toks": 48}
{"seq": "valence", "family": "compiled", "a": "😄", "b": "😭", "gap": 5, "truth": "😄", "mode": "think", "sample": 1, "ans": "😭", "correct": false, "latency": 0.405, "toks": 15}
{"seq": "star-weight", "family": "star", "a": "🞯", "b": "🞰", "gap": 1, "truth": "🞰", "mode": "instinct", "sample": 0, "ans": "🞯", "correct": false, "latency": 0.33, "toks": 4}
{"seq": "star-weight", "family": "star", "a": "🞯", "b": "🞰", "gap": 1, "truth": "🞰", "mode": "instinct", "sample": 1, "ans": "🞯", "correct": false, "latency": 0.273, "toks": 4}
{"seq": "star-weight", "family": "star", "a": "🞯", "b": "🞰", "gap": 1, "truth": "🞰", "mode": "think", "sample": 0, "ans": null, "correct": false, "latency": 0.513, "toks": 31}
{"seq": "star-weight", "family": "star", "a": "🞯", "b": "🞰", "gap": 1, "truth": "🞰", "mode": "think", "sample": 1, "ans": "🞯", "correct": false, "latency": 0.382, "toks": 14}
{"seq": "star-weight", "family": "star", "a": "🞰", "b": "🞯", "gap": 1, "truth": "🞰", "mode": "instinct", "sample": 0, "ans": "🞯", "correct": false, "latency": 0.323, "toks": 4}
{"seq": "star-weight", "family": "star", "a": "🞰", "b": "🞯", "gap": 1, "truth": "🞰", "mode": "instinct", "sample": 1, "ans": "🞯", "correct": false, "latency": 0.266, "toks": 4}
{"seq": "star-weight", "family": "star", "a": "🞰", "b": "🞯", "gap": 1, "truth": "🞰", "mode": "think", "sample": 0, "ans": "🞯", "correct": false, "latency": 0.406, "toks": 17}
{"seq": "star-weight", "family": "star", "a": "🞰", "b": "🞯", "gap": 1, "truth": "🞰", "mode": "think", "sample": 1, "ans": null, "correct": false, "latency": 0.383, "toks": 17}
{"seq": "star-weight", "family": "star", "a": "🞱", "b": "🞳", "gap": 2, "truth": "🞳", "mode": "instinct", "sample": 0, "ans": "🞳", "correct": true, "latency": 0.31, "toks": 4}
{"seq": "star-weight", "family": "star", "a": "🞱", "b": "🞳", "gap": 2, "truth": "🞳", "mode": "instinct", "sample": 1, "ans": "🞳", "correct": true, "latency": 0.265, "toks": 4}
{"seq": "star-weight", "family": "star", "a": "🞱", "b": "🞳", "gap": 2, "truth": "🞳", "mode": "think", "sample": 0, "ans": "🞳", "correct": true, "latency": 0.361, "toks": 14}
{"seq": "star-weight", "family": "star", "a": "🞱", "b": "🞳", "gap": 2, "truth": "🞳", "mode": "think", "sample": 1, "ans": "🞱", "correct": false, "latency": 0.37, "toks": 17}
{"seq": "star-weight", "family": "star", "a": "🞳", "b": "🞱", "gap": 2, "truth": "🞳", "mode": "instinct", "sample": 0, "ans": "🞱", "correct": false, "latency": 0.329, "toks": 4}
{"seq": "star-weight", "family": "star", "a": "🞳", "b": "🞱", "gap": 2, "truth": "🞳", "mode": "instinct", "sample": 1, "ans": "🞱", "correct": false, "latency": 0.272, "toks": 4}
{"seq": "star-weight", "family": "star", "a": "🞳", "b": "🞱", "gap": 2, "truth": "🞳", "mode": "think", "sample": 0, "ans": "🞱", "correct": false, "latency": 0.37, "toks": 14}
{"seq": "star-weight", "family": "star", "a": "🞳", "b": "🞱", "gap": 2, "truth": "🞳", "mode": "think", "sample": 1, "ans": null, "correct": false, "latency": 0.356, "toks": 14}
{"seq": "star-weight", "family": "star", "a": "🞰", "b": "🞱", "gap": 1, "truth": "🞱", "mode": "instinct", "sample": 0, "ans": "🞰", "correct": false, "latency": 0.309, "toks": 4}
{"seq": "star-weight", "family": "star", "a": "🞰", "b": "🞱", "gap": 1, "truth": "🞱", "mode": "instinct", "sample": 1, "ans": "🞰", "correct": false, "latency": 0.263, "toks": 4}
{"seq": "star-weight", "family": "star", "a": "🞰", "b": "🞱", "gap": 1, "truth": "🞱", "mode": "think", "sample": 0, "ans": "🞱", "correct": true, "latency": 0.39, "toks": 17}
{"seq": "star-weight", "family": "star", "a": "🞰", "b": "🞱", "gap": 1, "truth": "🞱", "mode": "think", "sample": 1, "ans": null, "correct": false, "latency": 0.487, "toks": 28}
{"seq": "star-weight", "family": "star", "a": "🞱", "b": "🞰", "gap": 1, "truth": "🞱", "mode": "instinct", "sample": 0, "ans": "🞰", "correct": false, "latency": 0.352, "toks": 4}
{"seq": "star-weight", "family": "star", "a": "🞱", "b": "🞰", "gap": 1, "truth": "🞱", "mode": "instinct", "sample": 1, "ans": "🞰", "correct": false, "latency": 0.271, "toks": 4}
{"seq": "star-weight", "family": "star", "a": "🞱", "b": "🞰", "gap": 1, "truth": "🞱", "mode": "think", "sample": 0, "ans": "🞰", "correct": false, "latency": 0.392, "toks": 17}
{"seq": "star-weight", "family": "star", "a": "🞱", "b": "🞰", "gap": 1, "truth": "🞱", "mode": "think", "sample": 1, "ans": "🞰", "correct": false, "latency": 0.367, "toks": 14}
{"seq": "star-weight", "family": "star", "a": "🞯", "b": "🞳", "gap": 4, "truth": "🞳", "mode": "instinct", "sample": 0, "ans": "🞯", "correct": false, "latency": 0.332, "toks": 4}
{"seq": "star-weight", "family": "star", "a": "🞯", "b": "🞳", "gap": 4, "truth": "🞳", "mode": "instinct", "sample": 1, "ans": "🞯", "correct": false, "latency": 0.274, "toks": 4}
{"seq": "star-weight", "family": "star", "a": "🞯", "b": "🞳", "gap": 4, "truth": "🞳", "mode": "think", "sample": 0, "ans": null, "correct": false, "latency": 0.484, "toks": 28}
{"seq": "star-weight", "family": "star", "a": "🞯", "b": "🞳", "gap": 4, "truth": "🞳", "mode": "think", "sample": 1, "ans": "🞯", "correct": false, "latency": 0.572, "toks": 38}
{"seq": "star-weight", "family": "star", "a": "🞳", "b": "🞯", "gap": 4, "truth": "🞳", "mode": "instinct", "sample": 0, "ans": "🞯", "correct": false, "latency": 0.338, "toks": 4}
{"seq": "star-weight", "family": "star", "a": "🞳", "b": "🞯", "gap": 4, "truth": "🞳", "mode": "instinct", "sample": 1, "ans": "🞯", "correct": false, "latency": 0.266, "toks": 4}
{"seq": "star-weight", "family": "star", "a": "🞳", "b": "🞯", "gap": 4, "truth": "🞳", "mode": "think", "sample": 0, "ans": "🞯", "correct": false, "latency": 0.389, "toks": 15}
{"seq": "star-weight", "family": "star", "a": "🞳", "b": "🞯", "gap": 4, "truth": "🞳", "mode": "think", "sample": 1, "ans": null, "correct": false, "latency": 0.369, "toks": 14}
{"seq": "star-weight", "family": "star", "a": "🞲", "b": "🞳", "gap": 1, "truth": "🞳", "mode": "instinct", "sample": 0, "ans": "🞲", "correct": false, "latency": 0.313, "toks": 4}
{"seq": "star-weight", "family": "star", "a": "🞲", "b": "🞳", "gap": 1, "truth": "🞳", "mode": "instinct", "sample": 1, "ans": "🞲", "correct": false, "latency": 0.266, "toks": 4}
{"seq": "star-weight", "family": "star", "a": "🞲", "b": "🞳", "gap": 1, "truth": "🞳", "mode": "think", "sample": 0, "ans": "🞳", "correct": true, "latency": 0.368, "toks": 14}
{"seq": "star-weight", "family": "star", "a": "🞲", "b": "🞳", "gap": 1, "truth": "🞳", "mode": "think", "sample": 1, "ans": "🞲", "correct": false, "latency": 0.536, "toks": 38}
{"seq": "star-weight", "family": "star", "a": "🞳", "b": "🞲", "gap": 1, "truth": "🞳", "mode": "instinct", "sample": 0, "ans": "🞲", "correct": false, "latency": 0.35, "toks": 4}
{"seq": "star-weight", "family": "star", "a": "🞳", "b": "🞲", "gap": 1, "truth": "🞳", "mode": "instinct", "sample": 1, "ans": "🞲", "correct": false, "latency": 0.273, "toks": 4}
{"seq": "star-weight", "family": "star", "a": "🞳", "b": "🞲", "gap": 1, "truth": "🞳", "mode": "think", "sample": 0, "ans": "🞲", "correct": false, "latency": 0.375, "toks": 14}
{"seq": "star-weight", "family": "star", "a": "🞳", "b": "🞲", "gap": 1, "truth": "🞳", "mode": "think", "sample": 1, "ans": null, "correct": false, "latency": 0.353, "toks": 13}
{"seq": "star-weight", "family": "star", "a": "🞲", "b": "🞴", "gap": 2, "truth": "🞴", "mode": "instinct", "sample": 0, "ans": "🞴", "correct": true, "latency": 0.321, "toks": 4}
{"seq": "star-weight", "family": "star", "a": "🞲", "b": "🞴", "gap": 2, "truth": "🞴", "mode": "instinct", "sample": 1, "ans": "🞴", "correct": true, "latency": 0.274, "toks": 4}
{"seq": "star-weight", "family": "star", "a": "🞲", "b": "🞴", "gap": 2, "truth": "🞴", "mode": "think", "sample": 0, "ans": "🞴", "correct": true, "latency": 0.383, "toks": 14}
{"seq": "star-weight", "family": "star", "a": "🞲", "b": "🞴", "gap": 2, "truth": "🞴", "mode": "think", "sample": 1, "ans": "🞴", "correct": true, "latency": 0.348, "toks": 14}
{"seq": "star-weight", "family": "star", "a": "🞴", "b": "🞲", "gap": 2, "truth": "🞴", "mode": "instinct", "sample": 0, "ans": "🞴", "correct": true, "latency": 0.318, "toks": 4}
{"seq": "star-weight", "family": "star", "a": "🞴", "b": "🞲", "gap": 2, "truth": "🞴", "mode": "instinct", "sample": 1, "ans": "🞴", "correct": true, "latency": 0.266, "toks": 4}
{"seq": "star-weight", "family": "star", "a": "🞴", "b": "🞲", "gap": 2, "truth": "🞴", "mode": "think", "sample": 0, "ans": "🞲", "correct": false, "latency": 0.374, "toks": 14}
{"seq": "star-weight", "family": "star", "a": "🞴", "b": "🞲", "gap": 2, "truth": "🞴", "mode": "think", "sample": 1, "ans": "🞲", "correct": false, "latency": 0.356, "toks": 15}
{"seq": "star-fill", "family": "star", "a": "⚝", "b": "☆", "gap": 1, "truth": "☆", "mode": "instinct", "sample": 0, "ans": "☆", "correct": true, "latency": 0.297, "toks": 2}
{"seq": "star-fill", "family": "star", "a": "⚝", "b": "☆", "gap": 1, "truth": "☆", "mode": "instinct", "sample": 1, "ans": "☆", "correct": true, "latency": 0.247, "toks": 2}
{"seq": "star-fill", "family": "star", "a": "⚝", "b": "☆", "gap": 1, "truth": "☆", "mode": "think", "sample": 0, "ans": "⚝", "correct": false, "latency": 0.363, "toks": 15}
{"seq": "star-fill", "family": "star", "a": "⚝", "b": "☆", "gap": 1, "truth": "☆", "mode": "think", "sample": 1, "ans": "⚝", "correct": false, "latency": 0.349, "toks": 14}
{"seq": "star-fill", "family": "star", "a": "☆", "b": "⚝", "gap": 1, "truth": "☆", "mode": "instinct", "sample": 0, "ans": "☆", "correct": true, "latency": 0.312, "toks": 2}
{"seq": "star-fill", "family": "star", "a": "☆", "b": "⚝", "gap": 1, "truth": "☆", "mode": "instinct", "sample": 1, "ans": "☆", "correct": true, "latency": 0.25, "toks": 2}
{"seq": "star-fill", "family": "star", "a": "☆", "b": "⚝", "gap": 1, "truth": "☆", "mode": "think", "sample": 0, "ans": "⚝", "correct": false, "latency": 0.362, "toks": 15}
{"seq": "star-fill", "family": "star", "a": "☆", "b": "⚝", "gap": 1, "truth": "☆", "mode": "think", "sample": 1, "ans": "☆", "correct": true, "latency": 0.323, "toks": 12}
{"seq": "star-fill", "family": "star", "a": "⚝", "b": "★", "gap": 2, "truth": "★", "mode": "instinct", "sample": 0, "ans": "★", "correct": true, "latency": 0.298, "toks": 2}
{"seq": "star-fill", "family": "star", "a": "⚝", "b": "★", "gap": 2, "truth": "★", "mode": "instinct", "sample": 1, "ans": "★", "correct": true, "latency": 0.247, "toks": 2}
{"seq": "star-fill", "family": "star", "a": "⚝", "b": "★", "gap": 2, "truth": "★", "mode": "think", "sample": 0, "ans": null, "correct": false, "latency": 0.351, "toks": 13}
{"seq": "star-fill", "family": "star", "a": "⚝", "b": "★", "gap": 2, "truth": "★", "mode": "think", "sample": 1, "ans": "★", "correct": true, "latency": 0.524, "toks": 36}
{"seq": "star-fill", "family": "star", "a": "★", "b": "⚝", "gap": 2, "truth": "★", "mode": "instinct", "sample": 0, "ans": "★", "correct": true, "latency": 0.335, "toks": 2}
{"seq": "star-fill", "family": "star", "a": "★", "b": "⚝", "gap": 2, "truth": "★", "mode": "instinct", "sample": 1, "ans": "★", "correct": true, "latency": 0.257, "toks": 2}
{"seq": "star-fill", "family": "star", "a": "★", "b": "⚝", "gap": 2, "truth": "★", "mode": "think", "sample": 0, "ans": "⚝", "correct": false, "latency": 0.336, "toks": 10}
{"seq": "star-fill", "family": "star", "a": "★", "b": "⚝", "gap": 2, "truth": "★", "mode": "think", "sample": 1, "ans": null, "correct": false, "latency": 0.291, "toks": 9}
{"seq": "star-fill", "family": "star", "a": "☆", "b": "★", "gap": 1, "truth": "★", "mode": "instinct", "sample": 0, "ans": "★", "correct": true, "latency": 0.289, "toks": 2}
{"seq": "star-fill", "family": "star", "a": "☆", "b": "★", "gap": 1, "truth": "★", "mode": "instinct", "sample": 1, "ans": "★", "correct": true, "latency": 0.239, "toks": 2}
{"seq": "star-fill", "family": "star", "a": "☆", "b": "★", "gap": 1, "truth": "★", "mode": "think", "sample": 0, "ans": "☆", "correct": false, "latency": 0.487, "toks": 33}
{"seq": "star-fill", "family": "star", "a": "☆", "b": "★", "gap": 1, "truth": "★", "mode": "think", "sample": 1, "ans": "☆", "correct": false, "latency": 0.357, "toks": 11}
{"seq": "star-fill", "family": "star", "a": "★", "b": "☆", "gap": 1, "truth": "★", "mode": "instinct", "sample": 0, "ans": "☆", "correct": false, "latency": 0.294, "toks": 2}
{"seq": "star-fill", "family": "star", "a": "★", "b": "☆", "gap": 1, "truth": "★", "mode": "instinct", "sample": 1, "ans": "☆", "correct": false, "latency": 0.247, "toks": 2}
{"seq": "star-fill", "family": "star", "a": "★", "b": "☆", "gap": 1, "truth": "★", "mode": "think", "sample": 0, "ans": "☆", "correct": false, "latency": 0.287, "toks": 6}
{"seq": "star-fill", "family": "star", "a": "★", "b": "☆", "gap": 1, "truth": "★", "mode": "think", "sample": 1, "ans": "★", "correct": true, "latency": 0.322, "toks": 16}
{"seq": "asterisk-count", "family": "star", "a": "⁎", "b": "⁑", "gap": 1, "truth": "⁑", "mode": "instinct", "sample": 0, "ans": "⁎", "correct": false, "latency": 0.296, "toks": 3}
{"seq": "asterisk-count", "family": "star", "a": "⁎", "b": "⁑", "gap": 1, "truth": "⁑", "mode": "instinct", "sample": 1, "ans": "⁎", "correct": false, "latency": 0.241, "toks": 3}
{"seq": "asterisk-count", "family": "star", "a": "⁎", "b": "⁑", "gap": 1, "truth": "⁑", "mode": "think", "sample": 0, "ans": "⁑", "correct": true, "latency": 0.367, "toks": 12}
{"seq": "asterisk-count", "family": "star", "a": "⁎", "b": "⁑", "gap": 1, "truth": "⁑", "mode": "think", "sample": 1, "ans": "⁑", "correct": true, "latency": 0.312, "toks": 8}
{"seq": "asterisk-count", "family": "star", "a": "⁑", "b": "⁎", "gap": 1, "truth": "⁑", "mode": "instinct", "sample": 0, "ans": "⁎", "correct": false, "latency": 0.29, "toks": 3}
{"seq": "asterisk-count", "family": "star", "a": "⁑", "b": "⁎", "gap": 1, "truth": "⁑", "mode": "instinct", "sample": 1, "ans": "⁎", "correct": false, "latency": 0.235, "toks": 3}
{"seq": "asterisk-count", "family": "star", "a": "⁑", "b": "⁎", "gap": 1, "truth": "⁑", "mode": "think", "sample": 0, "ans": "⁑", "correct": true, "latency": 0.338, "toks": 12}
{"seq": "asterisk-count", "family": "star", "a": "⁑", "b": "⁎", "gap": 1, "truth": "⁑", "mode": "think", "sample": 1, "ans": "⁎", "correct": false, "latency": 0.402, "toks": 24}
{"seq": "asterisk-count", "family": "star", "a": "⁎", "b": "⁂", "gap": 2, "truth": "⁂", "mode": "instinct", "sample": 0, "ans": "⁂", "correct": true, "latency": 0.315, "toks": 3}
{"seq": "asterisk-count", "family": "star", "a": "⁎", "b": "⁂", "gap": 2, "truth": "⁂", "mode": "instinct", "sample": 1, "ans": "⁎", "correct": false, "latency": 0.215, "toks": 3}
{"seq": "asterisk-count", "family": "star", "a": "⁎", "b": "⁂", "gap": 2, "truth": "⁂", "mode": "think", "sample": 0, "ans": "⁂", "correct": true, "latency": 0.357, "toks": 13}
{"seq": "asterisk-count", "family": "star", "a": "⁎", "b": "⁂", "gap": 2, "truth": "⁂", "mode": "think", "sample": 1, "ans": "⁂", "correct": true, "latency": 0.279, "toks": 8}
{"seq": "asterisk-count", "family": "star", "a": "⁂", "b": "⁎", "gap": 2, "truth": "⁂", "mode": "instinct", "sample": 0, "ans": "⁂", "correct": true, "latency": 0.263, "toks": 3}
{"seq": "asterisk-count", "family": "star", "a": "⁂", "b": "⁎", "gap": 2, "truth": "⁂", "mode": "instinct", "sample": 1, "ans": "⁂", "correct": true, "latency": 0.216, "toks": 3}
{"seq": "asterisk-count", "family": "star", "a": "⁂", "b": "⁎", "gap": 2, "truth": "⁂", "mode": "think", "sample": 0, "ans": "⁂", "correct": true, "latency": 0.352, "toks": 12}
{"seq": "asterisk-count", "family": "star", "a": "⁂", "b": "⁎", "gap": 2, "truth": "⁂", "mode": "think", "sample": 1, "ans": "⁂", "correct": true, "latency": 0.379, "toks": 13}
{"seq": "asterisk-count", "family": "star", "a": "⁑", "b": "⁂", "gap": 1, "truth": "⁂", "mode": "instinct", "sample": 0, "ans": "⁂", "correct": true, "latency": 0.234, "toks": 3}
{"seq": "asterisk-count", "family": "star", "a": "⁑", "b": "⁂", "gap": 1, "truth": "⁂", "mode": "instinct", "sample": 1, "ans": "⁂", "correct": true, "latency": 0.253, "toks": 3}
{"seq": "asterisk-count", "family": "star", "a": "⁑", "b": "⁂", "gap": 1, "truth": "⁂", "mode": "think", "sample": 0, "ans": "⁂", "correct": true, "latency": 0.466, "toks": 13}
{"seq": "asterisk-count", "family": "star", "a": "⁑", "b": "⁂", "gap": 1, "truth": "⁂", "mode": "think", "sample": 1, "ans": "⁂", "correct": true, "latency": 0.33, "toks": 8}
{"seq": "asterisk-count", "family": "star", "a": "⁂", "b": "⁑", "gap": 1, "truth": "⁂", "mode": "instinct", "sample": 0, "ans": "⁂", "correct": true, "latency": 0.252, "toks": 3}
{"seq": "asterisk-count", "family": "star", "a": "⁂", "b": "⁑", "gap": 1, "truth": "⁂", "mode": "instinct", "sample": 1, "ans": "⁂", "correct": true, "latency": 0.311, "toks": 3}
{"seq": "asterisk-count", "family": "star", "a": "⁂", "b": "⁑", "gap": 1, "truth": "⁂", "mode": "think", "sample": 0, "ans": "⁂", "correct": true, "latency": 0.395, "toks": 12}
{"seq": "asterisk-count", "family": "star", "a": "⁂", "b": "⁑", "gap": 1, "truth": "⁂", "mode": "think", "sample": 1, "ans": null, "correct": false, "latency": 0.35, "toks": 12}
{"seq": "gematria", "family": "latent", "a": "ד", "b": "ח", "gap": 4, "truth": "ח", "mode": "instinct", "sample": 0, "ans": "ד", "correct": false, "latency": 0.312, "toks": 2}
{"seq": "gematria", "family": "latent", "a": "ד", "b": "ח", "gap": 4, "truth": "ח", "mode": "instinct", "sample": 1, "ans": "ד", "correct": false, "latency": 0.25, "toks": 2}
{"seq": "gematria", "family": "latent", "a": "ד", "b": "ח", "gap": 4, "truth": "ח", "mode": "think", "sample": 0, "ans": null, "correct": false, "latency": 0.316, "toks": 9}
{"seq": "gematria", "family": "latent", "a": "ד", "b": "ח", "gap": 4, "truth": "ח", "mode": "think", "sample": 1, "ans": null, "correct": false, "latency": 0.302, "toks": 12}
{"seq": "gematria", "family": "latent", "a": "ח", "b": "ד", "gap": 4, "truth": "ח", "mode": "instinct", "sample": 0, "ans": "ח", "correct": true, "latency": 0.288, "toks": 2}
{"seq": "gematria", "family": "latent", "a": "ח", "b": "ד", "gap": 4, "truth": "ח", "mode": "instinct", "sample": 1, "ans": "ד", "correct": false, "latency": 0.228, "toks": 2}
{"seq": "gematria", "family": "latent", "a": "ח", "b": "ד", "gap": 4, "truth": "ח", "mode": "think", "sample": 0, "ans": null, "correct": false, "latency": 0.301, "toks": 13}
{"seq": "gematria", "family": "latent", "a": "ח", "b": "ד", "gap": 4, "truth": "ח", "mode": "think", "sample": 1, "ans": null, "correct": false, "latency": 0.691, "toks": 54}
{"seq": "gematria", "family": "latent", "a": "ה", "b": "ז", "gap": 2, "truth": "ז", "mode": "instinct", "sample": 0, "ans": "ה", "correct": false, "latency": 0.308, "toks": 2}
{"seq": "gematria", "family": "latent", "a": "ה", "b": "ז", "gap": 2, "truth": "ז", "mode": "instinct", "sample": 1, "ans": "ה", "correct": false, "latency": 0.246, "toks": 2}
{"seq": "gematria", "family": "latent", "a": "ה", "b": "ז", "gap": 2, "truth": "ז", "mode": "think", "sample": 0, "ans": "ה", "correct": false, "latency": 0.317, "toks": 9}
{"seq": "gematria", "family": "latent", "a": "ה", "b": "ז", "gap": 2, "truth": "ז", "mode": "think", "sample": 1, "ans": "ה", "correct": false, "latency": 0.383, "toks": 19}
{"seq": "gematria", "family": "latent", "a": "ז", "b": "ה", "gap": 2, "truth": "ז", "mode": "instinct", "sample": 0, "ans": "ה", "correct": false, "latency": 0.3, "toks": 2}
{"seq": "gematria", "family": "latent", "a": "ז", "b": "ה", "gap": 2, "truth": "ז", "mode": "instinct", "sample": 1, "ans": "ה", "correct": false, "latency": 0.231, "toks": 2}
{"seq": "gematria", "family": "latent", "a": "ז", "b": "ה", "gap": 2, "truth": "ז", "mode": "think", "sample": 0, "ans": "ה", "correct": false, "latency": 0.314, "toks": 10}
{"seq": "gematria", "family": "latent", "a": "ז", "b": "ה", "gap": 2, "truth": "ז", "mode": "think", "sample": 1, "ans": "ז", "correct": true, "latency": 0.627, "toks": 51}
{"seq": "gematria", "family": "latent", "a": "ג", "b": "ד", "gap": 1, "truth": "ד", "mode": "instinct", "sample": 0, "ans": "ד", "correct": true, "latency": 0.331, "toks": 2}
{"seq": "gematria", "family": "latent", "a": "ג", "b": "ד", "gap": 1, "truth": "ד", "mode": "instinct", "sample": 1, "ans": "ד", "correct": true, "latency": 0.258, "toks": 2}
{"seq": "gematria", "family": "latent", "a": "ג", "b": "ד", "gap": 1, "truth": "ד", "mode": "think", "sample": 0, "ans": "ד", "correct": true, "latency": 0.335, "toks": 9}
{"seq": "gematria", "family": "latent", "a": "ג", "b": "ד", "gap": 1, "truth": "ד", "mode": "think", "sample": 1, "ans": null, "correct": false, "latency": 0.322, "toks": 13}
{"seq": "gematria", "family": "latent", "a": "ד", "b": "ג", "gap": 1, "truth": "ד", "mode": "instinct", "sample": 0, "ans": "ד", "correct": true, "latency": 0.3, "toks": 2}
{"seq": "gematria", "family": "latent", "a": "ד", "b": "ג", "gap": 1, "truth": "ד", "mode": "instinct", "sample": 1, "ans": "ד", "correct": true, "latency": 0.241, "toks": 2}
{"seq": "gematria", "family": "latent", "a": "ד", "b": "ג", "gap": 1, "truth": "ד", "mode": "think", "sample": 0, "ans": null, "correct": false, "latency": 0.353, "toks": 15}
{"seq": "gematria", "family": "latent", "a": "ד", "b": "ג", "gap": 1, "truth": "ד", "mode": "think", "sample": 1, "ans": null, "correct": false, "latency": 0.358, "toks": 15}
{"seq": "gematria", "family": "latent", "a": "א", "b": "ג", "gap": 2, "truth": "ג", "mode": "instinct", "sample": 0, "ans": "א", "correct": false, "latency": 0.305, "toks": 2}
{"seq": "gematria", "family": "latent", "a": "א", "b": "ג", "gap": 2, "truth": "ג", "mode": "instinct", "sample": 1, "ans": null, "correct": false, "latency": 0.249, "toks": 2}
{"seq": "gematria", "family": "latent", "a": "א", "b": "ג", "gap": 2, "truth": "ג", "mode": "think", "sample": 0, "ans": "ג", "correct": true, "latency": 0.575, "toks": 43}
{"seq": "gematria", "family": "latent", "a": "א", "b": "ג", "gap": 2, "truth": "ג", "mode": "think", "sample": 1, "ans": null, "correct": false, "latency": 0.415, "toks": 17}
{"seq": "gematria", "family": "latent", "a": "ג", "b": "א", "gap": 2, "truth": "ג", "mode": "instinct", "sample": 0, "ans": "א", "correct": false, "latency": 0.311, "toks": 2}
{"seq": "gematria", "family": "latent", "a": "ג", "b": "א", "gap": 2, "truth": "ג", "mode": "instinct", "sample": 1, "ans": "ג", "correct": true, "latency": 0.267, "toks": 3}
{"seq": "gematria", "family": "latent", "a": "ג", "b": "א", "gap": 2, "truth": "ג", "mode": "think", "sample": 0, "ans": null, "correct": false, "latency": 0.324, "toks": 9}
{"seq": "gematria", "family": "latent", "a": "ג", "b": "א", "gap": 2, "truth": "ג", "mode": "think", "sample": 1, "ans": null, "correct": false, "latency": 0.3, "toks": 9}
{"seq": "gematria", "family": "latent", "a": "ב", "b": "ז", "gap": 5, "truth": "ז", "mode": "instinct", "sample": 0, "ans": "ז", "correct": true, "latency": 0.29, "toks": 3}
{"seq": "gematria", "family": "latent", "a": "ב", "b": "ז", "gap": 5, "truth": "ז", "mode": "instinct", "sample": 1, "ans": "ז", "correct": true, "latency": 0.248, "toks": 3}
{"seq": "gematria", "family": "latent", "a": "ב", "b": "ז", "gap": 5, "truth": "ז", "mode": "think", "sample": 0, "ans": null, "correct": false, "latency": 0.303, "toks": 9}
{"seq": "gematria", "family": "latent", "a": "ב", "b": "ז", "gap": 5, "truth": "ז", "mode": "think", "sample": 1, "ans": null, "correct": false, "latency": 0.315, "toks": 11}
{"seq": "gematria", "family": "latent", "a": "ז", "b": "ב", "gap": 5, "truth": "ז", "mode": "instinct", "sample": 0, "ans": "ב", "correct": false, "latency": 0.285, "toks": 2}
{"seq": "gematria", "family": "latent", "a": "ז", "b": "ב", "gap": 5, "truth": "ז", "mode": "instinct", "sample": 1, "ans": "ב", "correct": false, "latency": 0.232, "toks": 2}
{"seq": "gematria", "family": "latent", "a": "ז", "b": "ב", "gap": 5, "truth": "ז", "mode": "think", "sample": 0, "ans": "ב", "correct": false, "latency": 0.327, "toks": 12}
{"seq": "gematria", "family": "latent", "a": "ז", "b": "ב", "gap": 5, "truth": "ז", "mode": "think", "sample": 1, "ans": null, "correct": false, "latency": 0.343, "toks": 15}
{"seq": "gematria", "family": "latent", "a": "ח", "b": "ט", "gap": 1, "truth": "ט", "mode": "instinct", "sample": 0, "ans": "ח", "correct": false, "latency": 0.297, "toks": 2}
{"seq": "gematria", "family": "latent", "a": "ח", "b": "ט", "gap": 1, "truth": "ט", "mode": "instinct", "sample": 1, "ans": "ח", "correct": false, "latency": 0.247, "toks": 2}
{"seq": "gematria", "family": "latent", "a": "ח", "b": "ט", "gap": 1, "truth": "ט", "mode": "think", "sample": 0, "ans": null, "correct": false, "latency": 0.336, "toks": 13}
{"seq": "gematria", "family": "latent", "a": "ח", "b": "ט", "gap": 1, "truth": "ט", "mode": "think", "sample": 1, "ans": null, "correct": false, "latency": 0.537, "toks": 38}
{"seq": "gematria", "family": "latent", "a": "ט", "b": "ח", "gap": 1, "truth": "ט", "mode": "instinct", "sample": 0, "ans": "ט", "correct": true, "latency": 0.326, "toks": 3}
{"seq": "gematria", "family": "latent", "a": "ט", "b": "ח", "gap": 1, "truth": "ט", "mode": "instinct", "sample": 1, "ans": "ט", "correct": true, "latency": 0.259, "toks": 3}
{"seq": "gematria", "family": "latent", "a": "ט", "b": "ח", "gap": 1, "truth": "ט", "mode": "think", "sample": 0, "ans": "ט", "correct": true, "latency": 0.382, "toks": 15}
{"seq": "gematria", "family": "latent", "a": "ט", "b": "ח", "gap": 1, "truth": "ט", "mode": "think", "sample": 1, "ans": "ט", "correct": true, "latency": 0.442, "toks": 24}
{"seq": "greek", "family": "latent", "a": "β", "b": "ε", "gap": 3, "truth": "ε", "mode": "instinct", "sample": 0, "ans": "β", "correct": false, "latency": 0.317, "toks": 2}
{"seq": "greek", "family": "latent", "a": "β", "b": "ε", "gap": 3, "truth": "ε", "mode": "instinct", "sample": 1, "ans": "β", "correct": false, "latency": 0.257, "toks": 2}
{"seq": "greek", "family": "latent", "a": "β", "b": "ε", "gap": 3, "truth": "ε", "mode": "think", "sample": 0, "ans": "β", "correct": false, "latency": 0.354, "toks": 15}
{"seq": "greek", "family": "latent", "a": "β", "b": "ε", "gap": 3, "truth": "ε", "mode": "think", "sample": 1, "ans": "β", "correct": false, "latency": 0.445, "toks": 25}
{"seq": "greek", "family": "latent", "a": "ε", "b": "β", "gap": 3, "truth": "ε", "mode": "instinct", "sample": 0, "ans": "ε", "correct": true, "latency": 0.327, "toks": 2}
{"seq": "greek", "family": "latent", "a": "ε", "b": "β", "gap": 3, "truth": "ε", "mode": "instinct", "sample": 1, "ans": "ε", "correct": true, "latency": 0.258, "toks": 2}
{"seq": "greek", "family": "latent", "a": "ε", "b": "β", "gap": 3, "truth": "ε", "mode": "think", "sample": 0, "ans": "β", "correct": false, "latency": 0.512, "toks": 34}
{"seq": "greek", "family": "latent", "a": "ε", "b": "β", "gap": 3, "truth": "ε", "mode": "think", "sample": 1, "ans": "β", "correct": false, "latency": 0.607, "toks": 41}
{"seq": "greek", "family": "latent", "a": "ε", "b": "ζ", "gap": 1, "truth": "ζ", "mode": "instinct", "sample": 0, "ans": "ζ", "correct": true, "latency": 0.331, "toks": 2}
{"seq": "greek", "family": "latent", "a": "ε", "b": "ζ", "gap": 1, "truth": "ζ", "mode": "instinct", "sample": 1, "ans": "ε", "correct": false, "latency": 0.257, "toks": 2}
{"seq": "greek", "family": "latent", "a": "ε", "b": "ζ", "gap": 1, "truth": "ζ", "mode": "think", "sample": 0, "ans": "ζ", "correct": true, "latency": 0.303, "toks": 6}
{"seq": "greek", "family": "latent", "a": "ε", "b": "ζ", "gap": 1, "truth": "ζ", "mode": "think", "sample": 1, "ans": "ζ", "correct": true, "latency": 0.28, "toks": 8}
{"seq": "greek", "family": "latent", "a": "ζ", "b": "ε", "gap": 1, "truth": "ζ", "mode": "instinct", "sample": 0, "ans": "ζ", "correct": true, "latency": 0.274, "toks": 2}
{"seq": "greek", "family": "latent", "a": "ζ", "b": "ε", "gap": 1, "truth": "ζ", "mode": "instinct", "sample": 1, "ans": "ε", "correct": false, "latency": 0.232, "toks": 2}
{"seq": "greek", "family": "latent", "a": "ζ", "b": "ε", "gap": 1, "truth": "ζ", "mode": "think", "sample": 0, "ans": "ε", "correct": false, "latency": 0.287, "toks": 6}
{"seq": "greek", "family": "latent", "a": "ζ", "b": "ε", "gap": 1, "truth": "ζ", "mode": "think", "sample": 1, "ans": "ζ", "correct": true, "latency": 0.259, "toks": 6}
{"seq": "greek", "family": "latent", "a": "β", "b": "θ", "gap": 6, "truth": "θ", "mode": "instinct", "sample": 0, "ans": "β", "correct": false, "latency": 0.255, "toks": 2}
{"seq": "greek", "family": "latent", "a": "β", "b": "θ", "gap": 6, "truth": "θ", "mode": "instinct", "sample": 1, "ans": "β", "correct": false, "latency": 0.223, "toks": 2}
{"seq": "greek", "family": "latent", "a": "β", "b": "θ", "gap": 6, "truth": "θ", "mode": "think", "sample": 0, "ans": "θ", "correct": true, "latency": 0.298, "toks": 11}
{"seq": "greek", "family": "latent", "a": "β", "b": "θ", "gap": 6, "truth": "θ", "mode": "think", "sample": 1, "ans": null, "correct": false, "latency": 0.74, "toks": 68}
{"seq": "greek", "family": "latent", "a": "θ", "b": "β", "gap": 6, "truth": "θ", "mode": "instinct", "sample": 0, "ans": "β", "correct": false, "latency": 0.329, "toks": 2}
{"seq": "greek", "family": "latent", "a": "θ", "b": "β", "gap": 6, "truth": "θ", "mode": "instinct", "sample": 1, "ans": "β", "correct": false, "latency": 0.256, "toks": 2}
{"seq": "greek", "family": "latent", "a": "θ", "b": "β", "gap": 6, "truth": "θ", "mode": "think", "sample": 0, "ans": "β", "correct": false, "latency": 0.289, "toks": 6}
{"seq": "greek", "family": "latent", "a": "θ", "b": "β", "gap": 6, "truth": "θ", "mode": "think", "sample": 1, "ans": "β", "correct": false, "latency": 0.265, "toks": 6}
{"seq": "greek", "family": "latent", "a": "δ", "b": "η", "gap": 3, "truth": "η", "mode": "instinct", "sample": 0, "ans": "δ", "correct": false, "latency": 0.256, "toks": 2}
{"seq": "greek", "family": "latent", "a": "δ", "b": "η", "gap": 3, "truth": "η", "mode": "instinct", "sample": 1, "ans": "δ", "correct": false, "latency": 0.231, "toks": 2}
{"seq": "greek", "family": "latent", "a": "δ", "b": "η", "gap": 3, "truth": "η", "mode": "think", "sample": 0, "ans": "η", "correct": true, "latency": 0.329, "toks": 12}
{"seq": "greek", "family": "latent", "a": "δ", "b": "η", "gap": 3, "truth": "η", "mode": "think", "sample": 1, "ans": "η", "correct": true, "latency": 0.512, "toks": 38}
{"seq": "greek", "family": "latent", "a": "η", "b": "δ", "gap": 3, "truth": "η", "mode": "instinct", "sample": 0, "ans": "η", "correct": true, "latency": 0.31, "toks": 2}
{"seq": "greek", "family": "latent", "a": "η", "b": "δ", "gap": 3, "truth": "η", "mode": "instinct", "sample": 1, "ans": "η", "correct": true, "latency": 0.234, "toks": 2}
{"seq": "greek", "family": "latent", "a": "η", "b": "δ", "gap": 3, "truth": "η", "mode": "think", "sample": 0, "ans": "δ", "correct": false, "latency": 0.295, "toks": 6}
{"seq": "greek", "family": "latent", "a": "η", "b": "δ", "gap": 3, "truth": "η", "mode": "think", "sample": 1, "ans": "δ", "correct": false, "latency": 0.299, "toks": 12}
{"seq": "greek", "family": "latent", "a": "ε", "b": "θ", "gap": 3, "truth": "θ", "mode": "instinct", "sample": 0, "ans": "ε", "correct": false, "latency": 0.289, "toks": 2}
{"seq": "greek", "family": "latent", "a": "ε", "b": "θ", "gap": 3, "truth": "θ", "mode": "instinct", "sample": 1, "ans": "ε", "correct": false, "latency": 0.231, "toks": 2}
{"seq": "greek", "family": "latent", "a": "ε", "b": "θ", "gap": 3, "truth": "θ", "mode": "think", "sample": 0, "ans": "θ", "correct": true, "latency": 0.287, "toks": 6}
{"seq": "greek", "family": "latent", "a": "ε", "b": "θ", "gap": 3, "truth": "θ", "mode": "think", "sample": 1, "ans": "θ", "correct": true, "latency": 0.245, "toks": 6}
{"seq": "greek", "family": "latent", "a": "θ", "b": "ε", "gap": 3, "truth": "θ", "mode": "instinct", "sample": 0, "ans": "ε", "correct": false, "latency": 0.261, "toks": 2}
{"seq": "greek", "family": "latent", "a": "θ", "b": "ε", "gap": 3, "truth": "θ", "mode": "instinct", "sample": 1, "ans": "ε", "correct": false, "latency": 0.217, "toks": 2}
{"seq": "greek", "family": "latent", "a": "θ", "b": "ε", "gap": 3, "truth": "θ", "mode": "think", "sample": 0, "ans": "θ", "correct": true, "latency": 0.827, "toks": 74}
{"seq": "greek", "family": "latent", "a": "θ", "b": "ε", "gap": 3, "truth": "θ", "mode": "think", "sample": 1, "ans": "θ", "correct": true, "latency": 0.575, "toks": 36}
{"seq": "greek", "family": "latent", "a": "θ", "b": "ι", "gap": 1, "truth": "ι", "mode": "instinct", "sample": 0, "ans": "ι", "correct": true, "latency": 0.329, "toks": 2}
{"seq": "greek", "family": "latent", "a": "θ", "b": "ι", "gap": 1, "truth": "ι", "mode": "instinct", "sample": 1, "ans": "ι", "correct": true, "latency": 0.243, "toks": 2}
{"seq": "greek", "family": "latent", "a": "θ", "b": "ι", "gap": 1, "truth": "ι", "mode": "think", "sample": 0, "ans": "ι", "correct": true, "latency": 0.3, "toks": 6}
{"seq": "greek", "family": "latent", "a": "θ", "b": "ι", "gap": 1, "truth": "ι", "mode": "think", "sample": 1, "ans": "ι", "correct": true, "latency": 0.257, "toks": 6}
{"seq": "greek", "family": "latent", "a": "ι", "b": "θ", "gap": 1, "truth": "ι", "mode": "instinct", "sample": 0, "ans": "θ", "correct": false, "latency": 0.27, "toks": 2}
{"seq": "greek", "family": "latent", "a": "ι", "b": "θ", "gap": 1, "truth": "ι", "mode": "instinct", "sample": 1, "ans": "θ", "correct": false, "latency": 0.215, "toks": 2}
{"seq": "greek", "family": "latent", "a": "ι", "b": "θ", "gap": 1, "truth": "ι", "mode": "think", "sample": 0, "ans": "θ", "correct": false, "latency": 0.281, "toks": 6}
{"seq": "greek", "family": "latent", "a": "ι", "b": "θ", "gap": 1, "truth": "ι", "mode": "think", "sample": 1, "ans": "θ", "correct": false, "latency": 0.318, "toks": 16}
